molA,molB,coupling_energy
0,0,-27.740948964827
0,1,-1.924392764799
0,2,-50.196195959710
0,3,-65.963198135076
0,4,-56.458111432476
0,5,-47.179602582117
0,6,-55.454723739429
0,7,-60.566163443262
0,8,26.740890608802
0,9,-48.885949955875
0,10,-25.926830719618
0,11,-24.917021693800
0,12,-46.523194564885
0,13,-68.946908116486
0,14,-20.554210151167
0,15,-54.063767939682
0,16,-54.270203449356
0,17,-44.942656862222
0,18,-54.923057873595
0,19,5.432764995137
0,20,-49.919790019696
0,21,-52.813896636551
0,22,-49.361747807132
0,23,2.967736946826
0,24,-50.727122400356
0,25,-64.233413448797
0,26,-0.014130343821
0,27,-13.557202162956
0,28,6.683553158706
0,29,-52.057408585388
0,30,-8.061696948505
0,31,20.972889287179
0,32,-55.922275479636
0,33,-14.023608783689
0,34,-46.860593558544
0,35,-68.623700421689
0,36,-19.297777446372
0,37,-65.852460628288
0,38,-56.889093468453
0,39,-62.431820498139
0,40,-59.818854236837
0,41,-51.677274273643
0,42,-9.529785203842
0,43,0.976346332107
0,44,-56.109632771557
0,45,-14.084402825807
0,46,-9.169689299379
0,47,-55.174713040804
0,48,-19.550534236325
0,49,-16.429744680099
0,50,-62.621207925142
0,51,-4.233577368686
0,52,-57.879632730437
0,53,-24.958760764748
0,54,-1.291928487990
0,55,-49.942439335086
0,56,-56.368935819592
0,57,-47.248826600451
0,58,-52.891951813712
0,59,-6.143090445010
0,60,-14.084758559795
0,61,3.521978421348
0,62,-35.113450690718
0,63,14.047235350859
0,64,-11.203540108858
0,65,18.492683793615
0,66,-64.086573314613
0,67,-63.073982004353
0,68,-40.067859096998
0,69,-7.434832946317
0,70,13.715060063267
0,71,-2.676726145466
0,72,-7.222340405722
0,73,-44.862247245284
0,74,-48.664799022336
0,75,-0.359258033008
0,76,-46.324196211972
0,77,-0.160928944519
0,78,-58.103826782833
0,79,-61.455057790881
0,80,-58.248025912944
0,81,-12.943325516600
0,82,-4.096951947395
0,83,10.100270048591
0,84,13.474704414934
0,85,-44.154330663427
0,86,-46.560940551994
0,87,-0.452516729587
0,88,-37.433333265486
0,89,-57.165945628294
0,90,20.022362587006
0,91,-48.761253324868
0,92,-53.643348671947
0,93,-52.904438237543
0,94,-20.860798326059
0,95,-51.864640500811
0,96,-18.533414402133
0,97,-32.586506504900
0,98,-53.930428265019
0,99,-16.571795995136
0,100,7.231767389902
0,101,19.302281959928
0,102,-10.916790543968
0,103,4.178220055081
0,104,11.647481092936
0,105,-62.586281071221
0,106,41.197201759067
0,107,-58.237827531244
0,108,-18.818243453919
0,109,-59.242474929619
0,110,-39.500712462905
0,111,-50.589293869627
0,112,-62.197238749271
0,113,-55.069222214537
0,114,-51.161021317661
0,115,7.563044576011
0,116,-7.527974892124
0,117,1.091480254734
0,118,1.191710981977
0,119,-47.280535563506
0,120,-60.123496503060
0,121,-2.461614210493
0,122,-32.742797274113
0,123,-49.697504047006
0,124,-26.031077889420
0,125,-51.774461295172
0,126,-59.130474198188
0,127,-48.468667494933
0,128,-45.348470109624
0,129,-54.152802918528
0,130,-49.950037097115
0,131,-36.892766882804
0,132,-2.767488902915
0,133,-50.823733316240
0,134,-15.154240989708
0,135,-45.104034099517
0,136,-63.927746224719
0,137,-14.319497647659
0,138,-58.057965437336
0,139,-37.862794835157
0,140,-4.399507969545
0,141,-34.101054523308
0,142,18.795513344921
0,143,-41.707089566080
0,144,-18.536552061378
0,145,-27.837713134672
0,146,11.969259259029
0,147,-37.832758520395
0,148,-68.476161228180
0,149,-51.936031906094
0,150,-72.125302517285
0,151,-17.492170961785
0,152,-48.418012734946
0,153,-57.672387875493
0,154,14.332367814648
0,155,-0.051275760939
0,156,-26.968794307679
0,157,-22.827568666064
0,158,-40.049682239151
0,159,-53.236019027870
0,160,15.527134161901
0,161,5.948811582464
0,162,8.359163204797
0,163,-6.691682795667
0,164,-7.947596959333
0,165,-57.843695274118
0,166,-3.336119511012
0,167,-0.409474989814
0,168,-30.912993686507
0,169,19.815798737603
0,170,-48.723311976522
0,171,-34.172131868560
0,172,-57.342655296365
0,173,-4.418333915339
0,174,-35.253023340920
0,175,5.229534069797
0,176,4.771930473558
0,177,-36.539490684729
0,178,-52.216694975759
0,179,-31.236675164429
0,180,-6.329146002128
0,181,-53.170386869824
0,182,-32.059267297867
0,183,-54.279360660206
0,184,-58.899744495102
0,185,4.453678237078
0,186,12.738250855975
0,187,14.709196876938
0,188,-47.615881224978
0,189,-14.202747742449
0,190,-5.812520285734
0,191,-14.712720423151
0,192,-43.516468585141
0,193,-17.363883016580
0,194,-45.452360704934
0,195,-61.669634428668
0,196,-1.968128196713
0,197,-2.369414550136
0,198,-12.831993893044
0,199,4.571510414338
1,0,25.703463752303
1,1,51.520862546437
1,2,3.247483912070
1,3,-12.520032808301
1,4,-3.014635916268
1,5,6.264175736316
1,6,-2.011215478204
1,7,-7.122821990291
1,8,80.187081552431
1,9,4.557772675747
1,10,27.517641204497
1,11,28.527483187347
1,12,6.920605175546
1,13,-15.503840158752
1,14,32.890437119553
1,15,-0.620214285227
1,16,-0.826656531841
1,17,8.501194459503
1,18,-1.479532261706
1,19,58.878260437123
1,20,3.523898872569
1,21,0.629697807039
1,22,4.081959296826
1,23,56.413151932124
1,24,2.716540144684
1,25,-10.790191672684
1,26,53.431187316179
1,27,39.887673473066
1,28,60.129089425674
1,29,1.386210545992
1,30,45.383358050167
1,31,74.418891958478
1,32,-2.478782476719
1,33,39.421251629843
1,34,6.583195170802
1,35,-15.180621916566
1,36,34.146910830968
1,37,-12.409291687742
1,38,-3.445632017087
1,39,-8.988539929065
1,40,-6.375488396086
1,41,1.766357263346
1,42,43.915221879040
1,43,54.421696320242
1,44,-2.666145882940
1,45,39.360455603535
1,46,44.275329536380
1,47,-1.731195641565
1,48,33.894145791695
1,49,37.015037202662
1,50,-9.177933536528
1,51,49.211602573814
1,52,-4.436203604680
1,53,28.485742754172
1,54,52.153347466119
1,55,3.501248818015
1,56,-2.925457393183
1,57,6.194949458841
1,58,0.551640082565
1,59,47.302027173828
1,60,39.360099857935
1,61,56.967411496626
1,62,18.330721414357
1,63,67.493011966588
1,64,42.241412345844
1,65,71.938605509771
1,66,-10.643346746547
1,67,-9.630722391528
1,68,13.376151316355
1,69,46.010242512129
1,70,67.160825836778
1,71,50.768504610562
1,72,46.222741988138
1,73,8.581606700631
1,74,4.778930826556
1,75,53.086048362398
1,76,7.119610022812
1,77,53.284383924132
1,78,-4.660404973489
1,79,-8.011745346143
1,80,-4.804608809434
1,81,40.501570155044
1,82,49.348232454373
1,83,63.545917835821
1,84,66.920462343238
1,85,9.289546385611
1,86,6.882857956589
1,87,52.992786621959
1,88,16.010763127822
1,89,-3.722493211826
1,90,73.468334232581
1,91,4.682473376233
1,92,-0.199781297262
1,93,0.539153251244
1,94,32.583838938459
1,95,1.578984921514
1,96,34.911298822044
1,97,20.857748070099
1,98,-0.486870259068
1,99,36.872981251407
1,100,60.677321550298
1,101,72.748230101715
1,102,42.528171269681
1,103,57.623674549584
1,104,65.093179380805
1,105,-9.143005542806
1,106,94.643864580314
1,107,-4.794410094917
1,108,34.626460474166
1,109,-5.799090279201
1,110,13.943316459707
1,111,2.854373173432
1,112,-8.753950524871
1,113,-1.625701372650
1,114,2.282627067150
1,115,61.008609549135
1,116,45.917097526333
1,117,54.536834000726
1,118,54.637067999400
1,119,6.163239460962
1,120,-6.680140604047
1,121,50.983623566506
1,122,20.701452200126
1,123,3.746192099548
1,124,27.413390632399
1,125,1.669167070133
1,126,-5.687085892714
1,127,4.975068754720
1,128,8.095367968250
1,129,-0.709252169698
1,130,3.493650808035
1,131,16.551347152410
1,132,50.677738890729
1,133,2.619926075917
1,134,38.290582522510
1,135,8.339811955600
1,136,-10.484514473515
1,137,39.125353108706
1,138,-4.614542131341
1,139,15.581287542278
1,140,49.045666557220
1,141,19.343150622495
1,142,72.241444945554
1,143,11.736867349900
1,144,34.908161060390
1,145,25.606696424395
1,146,65.414968049692
1,147,15.611324837300
1,148,-15.033077908345
1,149,1.507591186382
1,150,-18.682338281054
1,151,35.952576245960
1,152,5.025725167827
1,153,-4.228951986443
1,154,67.778153737119
1,155,53.394040686675
1,156,26.475643610065
1,157,30.617004408610
1,158,13.394328767419
1,159,0.207561639880
1,160,68.972959081679
1,161,59.394323867891
1,162,61.804754162884
1,163,46.753416917985
1,164,45.497461763371
1,165,-4.400264975564
1,166,50.109089723279
1,167,53.035829766566
1,168,22.531315505912
1,169,73.261763640825
1,170,4.720415962795
1,171,19.272070957551
1,172,-3.899208646704
1,173,49.026839996972
1,174,18.191144209042
1,175,58.675022878459
1,176,58.217404346346
1,177,16.904634880011
1,178,1.226918957349
1,179,22.207623464172
1,180,47.115965544152
1,181,0.273195939808
1,182,21.385004484284
1,183,-0.835814041537
1,184,-5.456348659944
1,185,57.899141722337
1,186,66.183984746458
1,187,68.154995099139
1,188,5.827882855432
1,189,39.242106824378
1,190,47.632608122403
1,191,38.732117499305
1,192,9.927429280797
1,193,36.080868378165
1,194,7.991473982438
1,195,-8.226328986428
1,196,51.477125687052
1,197,51.075826236149
1,198,40.612905412236
1,199,58.016977745552
2,0,-30.665580154513
2,1,-4.849070068405
2,2,-53.120787041858
2,3,-68.887761056947
2,4,-59.382691330546
2,5,-50.104199052104
2,6,-58.379305429589
2,7,-63.490736004249
2,8,23.816162099421
2,9,-51.810543378204
2,10,-28.851465149615
2,11,-27.841657927485
2,12,-49.447792207269
2,13,-71.871465709490
2,14,-23.478854177622
2,15,-56.988352114146
2,16,-57.194787255117
2,17,-47.867257327569
2,18,-57.847640513326
2,19,2.508074549529
2,20,-52.844381595518
2,21,-55.738483043337
2,22,-52.286340379651
2,23,0.043050904496
2,24,-53.651712534236
2,25,-67.157979460055
2,26,-2.938811059685
2,27,-16.481858687504
2,28,3.758860478803
2,29,-54.981996343304
2,30,-10.986363289303
2,31,18.048171081668
2,32,-58.846856334734
2,33,-16.948264475133
2,34,-49.785190598304
2,35,-71.548258591931
2,36,-22.222423717059
2,37,-68.777023747934
2,38,-59.813672596778
2,39,-65.356389727043
2,40,-62.743428132533
2,41,-54.601862710500
2,42,-12.454448922275
2,43,-1.948336153022
2,44,-59.034213292020
2,45,-17.009058408657
2,46,-12.094353661028
2,47,-58.099295231077
2,48,-22.475180055539
2,49,-19.354396073672
2,50,-65.545776815801
2,51,-7.158250547480
2,52,-60.804210089635
2,53,-27.883396923877
2,54,-4.216606921349
2,55,-52.867030870460
2,56,-59.293515876932
2,57,-50.173422946798
2,58,-55.816538081090
2,59,-9.067760212922
2,60,-17.009414142012
2,61,0.597291388978
2,62,-38.038068712063
2,63,11.122529517030
2,64,-14.128200837578
2,65,15.567970018659
2,66,-67.011139588125
2,67,-65.998550086355
2,68,-42.992468269200
2,69,-10.359500406856
2,70,10.790354822813
2,71,-5.601402105203
2,72,-10.147008245818
2,73,-47.786847854251
2,74,-51.589392839654
2,75,-3.283938132379
2,76,-49.248794209780
2,77,-3.085609398157
2,78,-61.028403741606
2,79,-64.379628764298
2,80,-61.172602614177
2,81,-15.867983137672
2,82,-7.021625370231
2,83,7.175571265361
2,84,10.549999603842
2,85,-47.078932536795
2,86,-49.485538126959
2,87,-3.377196662368
2,88,-40.357947143239
2,89,-60.090524262152
2,90,17.097646079485
2,91,-51.685846969915
2,92,-56.567933597296
2,93,-55.829024482620
2,94,-23.785441804888
2,95,-54.789228603018
2,96,-21.458062038117
2,97,-35.511129039704
2,98,-56.855012677632
2,99,-19.496447134974
2,100,4.307073730721
2,101,16.377566738738
2,102,-13.841451784887
2,103,1.253531850467
2,104,8.722779545875
2,105,-65.510850024257
2,106,38.272447424526
2,107,-61.162404250688
2,108,-21.742890581147
2,109,-62.167049854739
2,110,-42.425322648087
2,111,-53.513884249682
2,112,-65.121808397147
2,113,-57.993804593214
2,114,-54.085610676571
2,115,4.638350325069
2,116,-10.452642186283
2,117,-1.833202436057
2,118,-1.732971887861
2,119,-50.205131853218
2,120,-63.048069854660
2,121,-5.386290554481
2,122,-35.667419529753
2,123,-52.622096019848
2,124,-28.955712133218
2,125,-54.699049558447
2,126,-62.055049323339
2,127,-51.393261662553
2,128,-48.273069850155
2,129,-57.077386933968
2,130,-52.874628618920
2,131,-39.817381726069
2,132,-5.692164700529
2,133,-53.748323277570
2,134,-18.078894661601
2,135,-48.028634276634
2,136,-66.852312781892
2,137,-17.244152810577
2,138,-60.982542478021
2,139,-40.787407945842
2,140,-7.324180851938
2,141,-37.025674352924
2,142,15.870799028999
2,143,-44.631695810443
2,144,-21.461199691767
2,145,-30.762344151517
2,146,9.044557137167
2,147,-40.757371684726
2,148,-71.400719661928
2,149,-54.860619880797
2,150,-75.049854433761
2,151,-20.416820457642
2,152,-51.342606993050
2,153,-60.596965604833
2,154,11.407661471480
2,155,-2.975956410453
2,156,-29.893426876552
2,157,-25.752208631879
2,158,-42.974291443817
2,159,-56.160604680728
2,160,12.602425684461
2,161,3.024120215043
2,162,5.434467531733
2,163,-9.616351583652
2,164,-10.872263503938
2,165,-60.768272697489
2,166,-6.260794292895
2,167,-3.334154999480
2,168,-33.837619210433
2,169,16.891082599082
2,170,-51.647905689337
2,171,-37.096751571218
2,172,-60.267233614613
2,173,-7.343006764102
2,174,-38.177641112969
2,175,2.304843987222
2,176,1.847241208401
2,177,-39.464106158986
2,178,-55.141282449178
2,179,-34.161300110223
2,180,-9.253815437689
2,181,-56.094972639912
2,182,-34.983890774391
2,183,-57.203944449611
2,184,-61.824320032349
2,185,1.528989540413
2,186,9.813547360434
2,187,11.784489860620
2,188,-50.540476915739
2,189,-17.127403113911
2,190,-8.737190644119
2,191,-17.637374883692
2,192,-46.441071597787
2,193,-20.288532741586
2,194,-48.376960259906
2,195,-64.594205018846
2,196,-4.892805422198
2,197,-5.294091058808
2,198,-15.756651712974
2,199,1.646821507187
3,0,27.534694180133
3,1,53.352121842159
3,2,5.078689232068
3,3,-10.688845116987
3,4,-1.183437597640
3,5,8.095384429173
3,6,-0.180016037702
3,7,-5.291628264771
3,8,82.018372903607
3,9,6.388979460731
3,10,29.348873660798
3,11,30.358716772782
3,12,8.751814602336
3,13,-13.672655803377
3,14,34.721675583358
3,15,1.210986710481
3,16,1.004544233052
3,17,10.332405653506
3,18,0.351667773240
3,19,60.709527959902
3,20,5.355104501621
3,21,2.460900200211
3,22,5.913165549820
3,23,58.244416698399
3,24,4.547744871059
3,25,-8.959002047377
3,26,55.262448748013
3,27,41.718919760839
3,28,61.960358347147
3,29,3.217413784987
3,30,47.214610483032
3,31,76.250176859307
3,32,-0.647583558981
3,33,41.252497396075
3,34,8.414404220348
3,35,-13.349437199831
3,36,35.978150699688
3,37,-10.578103872620
3,38,-1.614434180330
3,39,-7.157348289467
3,40,-4.544293835017
3,41,3.597560927359
3,42,45.746472670275
3,43,56.252958859659
3,44,-0.834947174684
3,45,41.191701301788
3,46,46.106580730273
3,47,0.100004112006
3,48,35.725385377787
3,49,38.846280278376
3,50,-7.346742108675
3,51,51.042859287343
3,52,-2.605006875419
3,53,30.316976292932
3,54,53.984607469079
3,55,5.332454421747
3,56,-1.094258974852
3,57,8.026158074295
3,58,2.382842388462
3,59,49.133281752103
3,60,41.191345555795
3,61,58.798676882674
3,62,20.161943598629
3,63,69.324289122582
3,64,44.072661265476
3,65,73.769887637012
3,66,-8.812156957065
3,67,-7.799531469907
3,68,15.207367960960
3,69,47.841495645960
3,70,68.992102621312
3,71,52.599763065002
3,72,48.053995359580
3,73,10.412817984543
3,74,6.610137858806
3,75,54.917309408302
3,76,8.950819672107
3,77,55.115645191814
3,78,-2.829208494899
3,79,-6.180552614467
3,80,-2.973412492065
3,81,42.332817129252
3,82,51.179489320682
3,83,65.377190578052
3,84,68.751738858991
3,85,11.120758461053
3,86,8.714067341178
3,87,54.824047563576
3,88,17.841982718157
3,89,-1.891295684611
3,90,75.299618070443
3,91,6.513680300639
3,92,1.631420168502
3,93,2.370355543178
3,94,34.415077059442
3,95,3.410188376045
3,96,36.742539545463
3,97,22.688973079850
3,98,1.344330885717
3,99,38.704224168279
3,100,62.508591084814
3,101,74.579513134326
3,102,44.359420509958
3,103,59.454940669471
3,104,66.924453853229
3,105,-7.311814075903
3,106,96.475172098362
3,107,-2.963213766147
3,108,36.457700879087
3,109,-3.967895073700
3,110,15.774533738448
3,111,4.685578053912
3,112,-6.922758622997
3,113,0.205498498872
3,114,4.113831308387
3,115,62.839879454099
3,116,47.748350556009
3,117,56.368096668892
3,118,56.468330779644
3,119,7.994448040969
3,120,-4.848946383587
3,121,52.814882261489
3,122,22.532677035131
3,123,5.577397977140
3,124,29.244622972132
3,125,3.500370625487
3,126,-3.855890561987
3,127,6.806276006268
3,128,9.926578708510
3,129,1.121948726461
3,130,5.324856403269
3,131,18.382567347173
3,132,52.508997243676
3,133,4.451130694273
3,134,40.121827024479
3,135,10.171022969167
3,136,-8.653324506449
3,137,40.956598544079
3,138,-2.783345601471
3,139,17.412506652421
3,140,50.876923085205
3,141,21.174373938768
3,142,74.072727411447
3,143,13.568082161641
3,144,36.739401780294
3,145,27.437926744024
3,146,67.246242881956
3,147,17.442543981029
3,148,-13.201893026657
3,149,3.338794561088
3,150,-16.851157479250
3,151,37.783818133677
3,152,6.856932476010
3,153,-2.397755025464
3,154,69.609431211968
3,155,55.225302076971
3,156,28.306874901282
3,157,32.448240330406
3,158,15.225545432346
3,159,2.038763561082
3,160,70.804237892611
3,161,61.225591967734
3,162,63.636024958112
3,163,48.584670882818
3,164,47.328714323819
3,165,-2.569068206125
3,166,51.940347440373
3,167,54.867090756321
3,168,24.362542386909
3,169,75.093047247690
3,170,6.551622929626
3,171,21.103294194349
3,172,-2.068011317067
3,173,50.858096503907
3,174,20.022366237259
3,175,60.506290173973
3,176,60.048671130149
3,177,18.735855469778
3,178,3.058122018243
3,179,24.038849983241
3,180,48.947219914378
3,181,2.104397934389
3,182,23.216230083577
3,183,0.995386713119
3,184,-3.625153071247
3,185,59.730408150259
3,186,68.015260438653
3,187,69.986272995389
3,188,7.659091060486
3,189,41.073352390304
3,190,49.463863070327
3,191,40.563362494977
3,192,11.758642069442
3,193,37.912110409336
3,194,9.822684606537
3,195,-6.395136494655
3,196,53.308384933865
3,197,52.907085034232
3,198,42.444152510929
3,199,59.848244305234
4,0,20.580657582832
4,1,46.397975618958
4,2,-1.875252018217
4,3,-17.642719422278
4,4,-8.137352260193
4,5,1.141430370459
4,6,-7.133934960562
4,7,-12.245525484999
4,8,75.064104949735
4,9,-0.564967352831
4,10,22.394829360361
4,11,23.404668184463
4,12,1.797857756508
4,13,-20.626517440440
4,14,27.767608469403
4,15,-5.742938118274
4,16,-5.949379719190
4,17,3.378442096684
4,18,-6.602253407029
4,19,53.755350494430
4,20,-1.598837922276
4,21,-4.493029935424
4,22,-1.040779243514
4,23,51.290249700760
4,24,-2.406194124924
4,25,-15.912883697019
4,26,48.308294412913
4,27,34.764822935365
4,28,55.006175570132
4,29,-3.736519562663
4,30,40.260490321540
4,31,69.295933400652
4,32,-7.601500496654
4,33,34.298402551132
4,34,1.460448807120
4,35,-20.303300209169
4,36,29.024078250564
4,37,-17.531978648076
4,38,-8.568347012981
4,39,-14.111237588382
4,40,-11.498194228225
4,41,-3.356374034316
4,42,38.792358742881
4,43,49.298800318502
4,44,-7.788863316848
4,45,34.237606714996
4,46,39.152465273764
4,47,-6.853915999753
4,48,28.771314001940
4,49,31.892195650689
4,50,-14.300630603480
4,51,44.088722870008
4,52,-9.558915502341
4,53,23.362927881841
4,54,47.030458560133
4,55,-1.621487905984
4,56,-8.048174016039
4,57,1.072204309508
4,58,-4.571087415745
4,59,42.179153443401
4,60,34.237250970509
4,61,51.844507531438
4,62,13.207938306216
4,63,62.370075074934
4,64,37.118554445493
4,65,66.815654711041
4,66,-15.766039230170
4,67,-14.753418042303
4,68,8.253383705487
4,69,40.887372822544
4,70,62.037889984298
4,71,45.645620036557
4,72,41.099871633829
4,73,3.458854086297
4,74,-0.343809893762
4,75,47.963156538783
4,76,1.996861981330
4,77,48.161491480088
4,78,-9.783116169907
4,79,-13.134446060569
4,80,-9.927319554830
4,81,35.378717697036
4,82,44.225352323170
4,83,58.422993291671
4,84,61.797527242677
4,85,4.166791556971
4,86,1.760110655618
4,87,47.869895090080
4,88,10.887987276241
4,89,-8.845207341772
4,90,68.345378648395
4,91,-0.440267042388
4,92,-5.322506445322
4,93,-4.583574208016
4,94,27.461011247353
4,95,-3.543745790084
4,96,29.788463850622
4,97,15.734957057670
4,98,-5.609594509187
4,99,31.750140143791
4,100,55.554405979768
4,101,67.625276770239
4,102,37.405312472321
4,103,52.500768531485
4,104,59.970249996448
4,105,-14.265702719007
4,106,89.520842750746
4,107,-9.917120872211
4,108,29.503626393722
4,109,-10.921797914139
4,110,8.820547074822
4,111,-2.268361527291
4,112,-13.876648917911
4,113,-6.748422060795
4,114,-2.840105845280
4,115,55.885692942262
4,116,40.794228128114
4,117,49.413937638812
4,118,49.514171323935
4,119,1.040494410816
4,120,-11.802845483326
4,121,45.860738319585
4,122,15.578661676584
4,123,-1.376545390580
4,124,22.290579114349
4,125,-3.453563923540
4,126,-10.809793877968
4,127,-0.147672579071
4,128,2.972616874780
4,129,-5.831975724257
4,130,-1.629085892200
4,131,11.428569609954
4,132,45.554854600654
4,133,-2.502807891506
4,134,33.167736980584
4,135,3.217060097559
4,136,-15.607207453904
4,137,34.002504955584
4,138,-9.737253471212
4,139,10.458513034042
4,140,43.922787372481
4,141,14.220364347588
4,142,67.118493199458
4,143,6.614104866458
4,144,29.785326098783
4,145,20.483890557603
4,146,60.292037658706
4,147,10.488550235117
4,148,-20.155756662411
4,149,-3.615139301917
4,150,-23.805005621609
4,151,30.829738017397
4,152,-0.097016324413
4,153,-9.351664532325
4,154,62.655215953469
4,155,48.271147899606
4,156,21.352835025253
4,157,25.494182869748
4,158,8.271561099689
4,159,-4.915164782244
4,160,63.850017560355
4,161,54.271412310845
4,162,56.681835065494
4,163,41.630544903674
4,164,40.374593677814
4,165,-9.522976985623
4,166,44.986207212023
4,167,47.912938100038
4,168,17.408519258708
4,169,68.138808702861
4,170,-0.402324574497
4,171,14.149284904968
4,172,-9.021922223932
4,173,43.903960871132
4,174,13.068361537495
4,175,53.552113571532
4,176,53.094496470942
4,177,11.781856232505
4,178,-3.895810653077
4,179,17.084828229454
4,180,41.993092395751
4,181,-4.849530687607
4,182,16.262211822650
4,183,-5.958537200240
4,184,-10.579057366886
4,185,52.776234842524
4,186,61.061051949786
4,187,63.032056136632
4,188,0.705138854217
4,189,34.119258306040
4,190,42.509733357881
4,191,33.609270576235
4,192,4.804672456972
4,193,30.958029748304
4,194,2.868723213935
4,195,-13.349029029705
4,196,46.354238896383
4,197,45.952940700801
4,198,35.490052605965
4,199,52.894070497125
5,0,3.048017438035
5,1,28.865059071002
5,2,-19.407651761649
5,3,-35.174950375229
5,4,-25.669684967164
5,5,-16.391001667245
5,6,-24.666278409153
5,7,-29.777814214089
5,8,57.530881478495
5,9,-18.097381123131
5,10,4.862169793400
5,11,5.871997806331
5,12,-15.734581308432
5,13,-38.158716452614
5,14,10.234891382039
5,15,-23.275296457585
5,16,-23.481735848531
5,17,-14.154013888903
5,18,-24.134602547303
5,19,36.222355174381
5,20,-19.131240624774
5,21,-22.025401655133
5,22,-18.573187920141
5,23,33.757280773592
5,24,-19.938588184523
5,25,-33.445133167523
5,26,30.775357412174
5,27,17.232030935433
5,28,37.473166857926
5,29,-21.268899380913
5,30,22.727639483783
5,31,51.762771689951
5,32,-25.133838939939
5,33,16.765615544755
5,34,-16.071986645766
5,35,-37.835502681286
5,36,11.491347711461
5,37,-35.064210786484
5,38,-26.100675106143
5,39,-31.643506345223
5,40,-29.030490957448
5,41,-20.888757922083
5,42,21.259523623339
5,43,31.765852712895
5,44,-25.321199754406
5,45,16.704820359511
5,46,21.619626298831
5,47,-24.386262445965
5,48,11.238586168925
5,49,14.359434405422
5,50,-31.832897332897
5,51,26.555831045887
5,52,-27.091232991464
5,53,5.830257950583
5,54,29.497535240524
5,55,-19.153890366011
5,56,-25.580507677667
5,57,-16.460226987110
5,58,-22.103458299847
5,59,24.646282063826
5,60,16.704464618837
5,61,34.311532670064
5,62,-4.324622908600
5,63,44.836987519127
5,64,19.585737246089
5,65,49.282519556735
5,66,-33.298290272607
5,67,-32.285679924695
5,68,-9.279124468252
5,69,23.354515273197
5,70,44.504805985154
5,71,28.112711543654
5,72,23.567011809406
5,73,-14.073602760123
5,74,-17.876226031600
5,75,30.430223233256
5,76,-15.535579214011
5,77,30.628556051095
5,78,-27.315431258976
5,79,-30.666725273848
5,80,-27.459633100196
5,81,17.845919124651
5,82,26.692459036240
5,83,40.889947996548
5,84,44.264445817062
5,85,-13.365672868160
5,86,-15.772328005231
5,87,30.336962783054
5,88,-6.644549102217
5,89,-26.377532471146
5,90,50.812227115319
5,91,-17.972682147629
5,92,-22.854869285395
5,93,-22.115944958437
5,94,9.928297442406
5,95,-21.076127672008
5,96,12.255725128001
5,97,-1.797631210444
5,98,-23.141954275954
5,99,14.217380419381
5,100,38.021391397830
5,101,50.092132947313
5,102,19.872492202827
5,103,34.967786643778
5,104,42.437188135184
5,105,-31.797969822313
5,106,71.987464485559
5,107,-27.449434526752
5,108,11.970890720571
5,109,-28.454100813651
5,110,-8.711967170661
5,111,-19.800757062410
5,112,-31.408920185990
5,113,-24.280769636331
5,114,-20.372495259784
5,115,38.352674813337
5,116,23.261371576002
5,117,31.880988800483
5,118,31.981221412454
5,119,-16.491936546343
5,120,-29.335138951268
5,121,28.327827523528
5,122,-1.953924918285
5,123,-18.908950472767
5,124,4.757920663476
5,125,-20.985946770874
5,126,-28.342097976478
5,127,-17.680090816604
5,128,-14.559834766311
5,129,-23.364333110410
5,130,-19.161488270889
5,131,-6.103972555728
5,132,28.021947079520
5,133,-20.035200916842
5,134,15.634962079253
5,135,-14.315394160374
5,136,-33.139460196617
5,137,16.469721117130
5,138,-27.269569051234
5,139,-7.074018746673
5,140,26.389897324931
5,141,-3.312207705858
5,142,49.585354802657
5,143,-10.918385758094
5,144,12.252587409748
5,145,2.951251448772
5,146,42.758972352116
5,147,-7.043981867166
5,148,-37.687960713942
5,149,-21.147520419559
5,150,-41.337170609157
5,151,13.296988146860
5,152,-17.629435104231
5,153,-26.883984240070
5,154,45.122125344693
5,155,30.738211296572
5,156,3.820186613688
5,157,7.961490121532
5,158,-9.260947268645
5,159,-22.447531982951
5,160,46.316914158961
5,161,36.738411465507
5,162,39.148808412509
5,163,24.097679397688
5,164,22.841741618431
5,165,-27.055294859478
5,166,27.453305779069
5,167,30.380005332183
5,168,-0.124086926007
5,169,50.605659381537
5,170,-17.934740085926
5,171,-3.383286387521
5,172,-26.554245461572
5,173,26.371071025140
5,174,-4.464198183079
5,175,36.019120427474
5,176,35.561508226419
5,177,-5.750689715293
5,178,-21.428188766098
5,179,-0.447774489934
5,180,24.460223008209
5,181,-22.381898590931
5,182,-1.270382090072
5,183,-23.490893231552
5,184,-28.111363935415
5,185,35.243250005507
5,186,43.527978409496
5,187,45.498961493067
5,188,-16.827288512875
5,189,16.586473217612
5,190,24.976858439004
5,191,16.076490947802
5,192,-12.727798796899
5,193,13.425278504270
5,194,-14.663727314946
5,195,-30.881305945892
5,196,28.821322816693
5,197,28.420028917586
5,198,17.957252841610
5,199,35.361084398486
6,0,31.754453843721
6,1,57.571948026183
6,2,9.298391039592
6,3,-6.469183931345
6,4,3.036248076583
6,5,12.315094008773
6,6,4.039672221646
6,7,-1.071953174462
6,8,86.238272953167
6,9,10.608684644023
6,10,33.568637998615
6,11,34.578483712467
6,12,12.971525873145
6,13,-9.453002304741
6,14,38.941453764295
6,15,5.430678553501
6,16,5.224235544207
6,17,14.552120996515
6,18,4.571357402376
6,19,64.929373101564
6,20,9.574807021279
6,21,6.680595263409
6,22,10.132869507244
6,23,62.464255488230
6,24,8.767445310681
6,25,-4.739336405219
6,26,59.482279854295
6,27,45.938715970573
6,28,66.180206711833
6,29,7.437110797218
6,30,51.434420852936
6,31,80.470062045293
6,32,3.572103495768
6,33,45.472292404032
6,34,12.634114621862
6,35,-9.129782868513
6,36,40.197932117982
6,37,-6.358442401681
6,38,2.605250383516
6,39,-2.937678005772
6,40,-0.324616819365
6,41,7.817258918985
6,42,49.966279257365
6,43,60.472792518158
6,44,3.384739397356
6,45,45.411496153101
6,46,50.326388245223
6,47,4.319693092781
6,48,39.945166144818
6,49,43.066069086548
6,50,-3.127072312906
6,51,55.262679521220
6,52,1.614675136407
6,53,34.536743125071
6,54,58.204435282794
6,55,9.552156883052
6,56,3.125426929124
6,57,12.245867475547
6,58,6.602537250568
6,59,53.353097065701
6,60,45.411140406191
6,61,63.018517100667
6,62,24.381684266584
6,63,73.544156462121
6,64,48.292463539830
6,65,77.989766431820
6,66,-4.592490936593
6,67,-3.579862840641
6,68,19.427095863801
6,69,52.061307631113
6,70,73.211969104894
6,71,56.819587310456
6,72,52.273807892263
6,73,14.632533534721
6,74,10.829843611878
6,75,59.137139625273
6,76,13.170531455624
6,77,59.335475919834
6,78,1.390472939325
6,79,-1.960879814273
6,80,1.246268570634
6,81,46.552614920744
6,82,55.399309906599
6,83,69.597047746945
6,84,72.971604723214
6,85,15.340475835161
6,86,12.933778514736
6,87,59.043877540244
6,88,22.061717408877
6,89,2.328388165952
6,90,79.519500807037
6,91,10.733385805201
6,92,5.851113094694
6,93,6.590050373110
6,94,38.634854450422
6,95,7.629885884933
6,96,40.962322933236
6,97,26.908720258572
6,98,5.564023072278
6,99,42.924012610441
6,100,66.728440862127
6,101,78.799394015361
6,102,48.579223523171
6,103,63.674782578455
6,104,71.144315009013
6,105,-3.092144190152
6,106,100.695109401335
6,107,1.256467322833
6,108,40.677483532971
6,109,0.251783426924
6,110,19.994263102548
6,111,8.905278848644
6,112,-2.703087734932
6,113,4.425187751425
6,114,8.333530630094
6,115,67.059730085057
6,116,51.968162301164
6,117,60.587930624060
6,118,60.688164993080
6,119,12.214157360526
6,120,-0.629270152807
6,121,57.034707061233
6,122,26.752423811158
6,123,9.797101069504
6,124,33.464387041349
6,125,7.720068366718
6,126,0.363788227194
6,127,11.025982264662
6,128,14.146293005950
6,129,5.341640340084
6,130,9.544558845002
6,131,22.602303430671
6,132,56.728821255259
6,133,8.670830884985
6,134,44.341619119186
6,135,14.390737896392
6,136,-4.433658076785
6,137,45.176392789639
6,138,1.436335950901
6,139,21.632240236620
6,140,55.096742891517
6,141,25.394117215190
6,142,78.292606986608
6,143,17.787805841021
6,144,40.959185159991
6,145,31.657686158294
6,146,71.466104866900
6,147,21.662277642623
6,148,-8.982238315228
6,149,7.558491886040
6,150,-12.631512169137
6,151,42.003604204365
6,152,11.076638864914
6,153,1.821927520301
6,154,73.829299286248
6,155,59.445133087538
6,156,32.526636554394
6,157,36.668012653776
6,158,19.445273382022
6,159,6.258457536722
6,160,75.024109045618
6,161,65.445438439143
6,162,67.855877640504
6,163,52.804484782850
6,164,51.548524987731
6,165,1.650613898295
6,166,56.160169986746
6,167,59.086920843896
6,168,28.582293877516
6,169,79.312929452004
6,170,10.771328531941
6,171,25.323037287642
6,172,2.151672078224
6,173,55.077916261711
6,174,24.242106545600
6,175,64.726134791956
6,176,64.268514568983
6,177,22.955592463499
6,178,7.277818620096
6,179,28.258600639871
6,180,53.167034748563
6,181,6.324092079129
6,182,27.435978620750
6,183,5.215078000678
6,184,0.594526312387
6,185,63.950250769027
6,186,72.235124405161
6,187,74.206142040697
6,188,11.878799516038
6,189,45.293146936681
6,190,53.683679235706
6,191,44.783155727331
6,192,15.978361086985
6,193,42.131896810570
6,194,14.042398636309
6,195,-2.175464247295
6,196,57.528211005192
6,197,57.126910071551
6,198,46.663950589289
6,199,64.068087227635
7,0,25.383491918314
7,1,51.200885668331
7,2,2.927516465199
7,3,-12.839997174888
7,4,-3.334602139774
7,5,5.944207700100
7,6,-2.331181897738
7,7,-7.442787411244
7,8,79.867099073235
7,9,4.237804972901
7,10,27.197669016074
7,11,28.207510801629
7,12,6.600637011092
7,13,-15.823803942440
7,14,32.570463881428
7,15,-0.940180976504
7,16,-1.146623182787
7,17,8.181225986264
7,18,-1.799498785105
7,19,58.558282121485
7,20,3.203931371703
7,21,0.309730871581
7,22,3.761991686930
7,23,56.093174098140
7,24,2.396572801539
7,25,-11.110156377203
7,26,53.111210064824
7,27,39.567698867853
7,28,59.809110865644
7,29,1.066243462745
7,30,45.063382371212
7,31,74.098910606357
7,32,-2.798748804911
7,33,39.101277115755
7,34,6.263227072268
7,35,-15.500585763402
7,36,33.826937347359
7,37,-12.729256075960
7,38,-3.765598156402
7,39,-9.308504985544
7,40,-6.695453963031
7,41,1.446390105826
7,42,43.595246486926
7,43,54.101718875354
7,44,-2.986112174527
7,45,39.040481101329
7,46,43.955354073907
7,47,-2.051162115808
7,48,33.574172357468
7,49,36.695063158695
7,50,-9.497898556001
7,51,48.891626146891
7,52,-4.756169550477
7,53,28.165770376603
7,54,51.833370464432
7,55,3.181281321573
7,56,-3.245423634115
7,57,5.874981436151
7,58,0.231673162358
7,59,46.982051120001
7,60,39.040125355801
7,61,56.647433554346
7,62,18.010751020774
7,63,67.173031967730
7,64,41.921437280762
7,65,71.618624642280
7,66,-10.963311479747
7,67,-9.950687322547
7,68,13.056181890730
7,69,45.690266710692
7,70,66.840845902829
7,71,50.448527879445
7,72,45.902766145184
7,73,8.261638211683
7,74,4.458963080499
7,75,52.766071178477
7,76,6.799641819482
7,77,52.964406701460
7,78,-4.980370875484
7,79,-8.331710593440
7,80,-5.124574683265
7,81,40.181595429887
7,82,49.028256000754
7,83,63.225938608186
7,84,66.600482456255
7,85,8.969577758362
7,86,6.562889799512
7,87,52.672809456264
7,88,15.690793187481
7,89,-4.042459297052
7,90,73.148353066186
7,91,4.362505649020
7,92,-0.519748070677
7,93,0.219186333474
7,94,32.263865760237
7,95,1.259017800607
7,96,34.591325189096
7,97,20.537777182813
7,98,-0.806836976401
7,99,36.553007235190
7,100,60.357342883151
7,101,72.428249076031
7,102,42.208196148567
7,103,57.303696479081
7,104,64.773199850853
7,105,-9.462970569104
7,106,94.323879276257
7,107,-5.114375970734
7,108,34.306486896865
7,109,-6.119055958749
7,110,13.623346923276
7,111,2.534405803366
7,112,-9.073915627174
7,113,-1.945667867498
7,114,1.962659808778
7,115,60.688630817262
7,116,45.597121743092
7,117,54.216856533341
7,118,54.317090512428
7,119,5.843271444472
7,120,-7.000106111474
7,121,50.663646793364
7,122,20.381481343378
7,123,3.426224555253
7,124,27.093418464341
7,125,1.349199931603
7,126,-6.007051594141
7,127,4.655100970354
7,128,7.775399574290
7,129,-1.029218843578
7,130,3.173683313078
7,131,16.231377106458
7,132,50.357762177351
7,133,2.299958751646
7,134,37.970608229334
7,135,8.019843513895
7,136,-10.804479237740
7,137,38.805378652432
7,138,-4.934508042301
7,139,15.261317685836
7,140,48.725690162719
7,141,19.023180031116
7,142,71.921464018895
7,143,11.416898244534
7,144,34.588187428053
7,145,25.286724609316
7,146,65.094988456869
7,147,15.291354975001
7,148,-15.353041784008
7,149,1.187624079423
7,150,-19.002301443827
7,151,35.632602409569
7,152,4.705757373558
7,153,-4.548917972723
7,154,67.458173682542
7,155,53.074063442575
7,156,26.155671625216
7,157,30.297031614660
7,158,13.074359338243
7,159,-0.112405213105
7,160,68.652978793652
7,161,59.074345451423
7,162,61.484775275450
7,163,46.433440971348
7,164,45.177486062123
7,165,-4.720230928375
7,166,49.789113121005
7,167,52.715852592461
7,168,22.211344291667
7,169,72.941782514805
7,170,4.400448228174
7,171,18.952100380055
7,172,-4.219174697406
7,173,48.706863606152
7,174,17.871173842730
7,175,58.355044602533
7,176,57.897426159834
7,177,16.584664765032
7,178,0.906951905221
7,179,21.887652313169
7,180,46.795989526676
7,181,-0.046770926005
7,182,21.065033493993
7,183,-1.155780690693
7,184,-5.776314406452
7,185,57.579163598013
7,186,65.864005003372
7,187,67.835014970937
7,188,5.507914904461
7,189,38.922132345295
7,190,47.312632003988
7,191,38.412143119858
7,192,9.607460528925
7,193,35.760894516709
7,194,7.671505608778
7,195,-8.546294191801
7,196,51.157148817489
7,197,50.755849444991
7,198,40.292930665331
7,199,57.696999598207
8,0,26.380912001216
8,1,52.198321474811
8,2,3.924922872538
8,3,-11.842600369433
8,4,-2.337199545902
8,5,6.941615944539
8,6,-1.333778692810
8,7,-6.445387319116
8,8,80.864552339473
8,9,5.235212178173
8,10,28.195090203830
8,11,29.204932604400
8,12,7.598045655286
8,13,-14.826408953988
8,14,33.567888341313
8,15,0.057223075506
8,16,-0.149219256506
8,17,9.178635593009
8,18,-0.802095256404
8,19,59.555722409030
8,20,4.201337947365
8,21,1.307135684743
8,22,4.759398602444
8,23,57.090612884283
8,24,3.393978885542
8,25,-10.112758518349
8,26,54.108647034795
8,27,40.565127589245
8,28,60.806551915019
8,29,2.063648736606
8,30,46.060814439676
8,31,75.096360359261
8,32,-1.801345884720
8,33,40.098705553079
8,34,7.260635510982
8,35,-14.503190578122
8,36,34.824362572472
8,37,-11.731859203072
8,38,-2.768195824989
8,39,-8.311106029563
8,40,-5.698053415806
8,41,2.443795611194
8,42,44.592677661240
8,43,55.099156448596
8,44,-1.988709368437
8,45,40.037909501625
8,46,44.952785467540
8,47,-1.053758740360
8,48,34.571597428636
8,49,37.692490130568
8,50,-8.500499715352
8,51,49.889060546921
8,52,-3.758767822292
8,53,29.163192153952
8,54,52.830806656129
8,55,4.178687883446
8,56,-2.248020985935
8,57,6.872389638433
8,58,1.229077927994
8,59,47.979484357013
8,60,40.037553755879
8,61,57.644872678073
8,62,19.008166613632
8,63,68.170477502230
8,64,42.918867435663
8,65,72.616072884484
8,66,-9.965913531480
8,67,-8.953288757628
8,68,14.053594466277
8,69,46.687699160961
8,70,67.838291235006
8,71,51.445963227707
8,72,46.900198724863
8,73,9.259047867403
8,74,5.456370420456
8,75,53.763507938238
8,76,7.797050584864
8,77,53.961843582016
8,78,-3.982969283832
8,79,-7.334311042629
8,80,-4.127173179426
8,81,41.179024525169
8,82,50.025690483999
8,83,64.223381738622
8,84,67.597927642033
8,85,9.966987845204
8,86,7.560298420714
8,87,53.670246159221
8,88,16.688207367486
8,89,-3.045057134237
8,90,74.145802240128
8,91,5.359912930238
8,92,0.477656237359
8,93,1.216591091506
8,94,33.261290033399
8,95,2.256423191866
8,96,35.588750879731
8,97,21.535194314638
8,98,0.190567156809
8,99,37.550434120545
8,100,61.354784266434
8,101,73.425697811370
8,102,43.205626478113
8,103,58.301136002505
8,104,65.770643923686
8,105,-8.465571707187
8,106,95.321341348164
8,107,-4.116974460689
8,108,35.303912414034
8,109,-5.121655060517
8,110,14.620759844220
8,111,3.531811971305
8,112,-8.076516528337
8,113,-0.948264427810
8,114,2.960065628533
8,115,61.686072402314
8,116,46.594554136631
8,117,55.214294176709
8,118,55.314528216841
8,119,6.840679627443
8,120,-6.002705749772
8,121,51.661082272643
8,122,21.378898380019
8,123,4.423631266291
8,124,28.090839588607
8,125,2.346605377781
8,126,-5.009650627704
8,127,5.652508429746
8,128,8.772808933900
8,129,-0.031814845795
8,130,4.171089870324
8,131,17.228791615686
8,132,51.355197470330
8,133,3.297364776816
8,134,38.968035978047
8,135,9.017253022364
8,136,-9.807081192746
8,137,39.802806909553
8,138,-3.937106422716
8,139,16.258731604299
8,140,49.723124461685
8,141,20.020596240545
8,142,72.918912445552
8,143,12.414309821768
8,144,35.585613116782
8,145,26.284144633282
8,146,66.092432725687
8,147,16.288768911749
8,148,-14.355646508877
8,149,2.185029427201
8,150,-18.004908390903
8,151,36.630028734377
8,152,5.703164863808
8,153,-3.551516118336
8,154,68.455619390719
8,155,54.071500389917
8,156,27.153092178385
8,157,31.294454689982
8,158,14.071771924857
8,159,0.884999342990
8,160,69.650425229556
8,161,60.071786053282
8,162,62.482217345409
8,163,47.430873874233
8,164,46.174918200079
8,165,-3.722829178310
8,166,50.786548067648
8,167,53.713289321633
8,168,23.208762442708
8,169,73.939231562923
8,170,5.397855532494
8,171,19.949516546199
8,172,-3.221772642210
8,173,49.704297893659
8,174,18.868589350590
8,175,59.352484766292
8,176,58.894866044873
8,177,17.582079489410
8,178,1.904357082080
8,179,22.885070267075
8,180,47.793422650371
8,181,0.950633670065
8,182,22.062450946920
8,183,-0.158376769985
8,184,-4.778913299495
8,185,58.576603289213
8,186,66.861449740580
8,187,68.832460908634
8,188,6.505322883204
8,189,39.919560673516
8,190,48.310065442340
8,191,39.409571137483
8,192,10.604871004231
8,193,36.758320919645
8,194,8.668914905116
8,195,-7.548894771666
8,196,52.154584597331
8,197,51.753284980419
8,198,41.290359828410
8,199,58.694439361170
9,0,24.493155512901
9,1,50.310535227378
9,2,2.037192267177
9,3,-13.730312801868
9,4,-4.224922933747
9,5,5.053881862194
9,6,-3.221503237161
9,7,-8.333105972051
9,8,78.976733046955
9,9,3.347480062599
9,10,26.307331624412
9,11,27.317172860989
9,12,5.710310816350
9,13,-16.714117947493
9,14,31.680123568927
9,15,-1.830503072058
9,16,-2.036945166132
9,17,7.290898932304
9,18,-2.689820413543
9,19,57.667927680552
9,20,2.313607023418
9,21,-0.580591903425
9,22,2.871667035288
9,23,55.202820997409
9,24,1.506248892132
9,25,-12.000472944484
9,26,52.220858585300
9,27,38.677354751351
9,28,58.918755744664
9,29,0.175920276502
9,30,44.173035266969
9,31,73.208547716233
9,32,-3.689069890170
9,33,38.210933252820
9,34,5.372901060946
9,35,-16.390899944148
9,36,32.936596351792
9,37,-13.619571763134
9,38,-4.655918716082
9,39,-10.198822532169
9,40,-7.585772930077
9,41,0.556066712939
9,42,42.704900180848
9,43,53.211366857322
9,44,-3.876433157937
9,45,38.150137271448
9,46,43.065007572055
9,47,-2.941483607443
9,48,32.683831499315
9,49,35.804720603890
9,50,-10.388215999679
9,51,48.001276961397
9,52,-5.646489571693
9,53,27.275432458657
9,54,50.943019679624
9,55,2.290956985598
9,56,-4.135744476560
9,57,4.984655635883
9,58,-0.658649570214
9,59,46.091702972662
9,60,38.149781526110
9,61,55.757080152289
9,62,17.120418623352
9,63,66.282672843132
9,64,41.031091884652
9,65,70.728263100667
9,66,-11.853628126861
9,67,-10.841004520102
9,68,12.165852186699
9,69,44.799919265643
9,70,65.950486958835
9,71,49.558177847524
9,72,45.012418584607
9,73,7.371311114010
9,74,3.568638049983
9,75,51.875719886593
9,76,5.909315516561
9,77,52.074055301746
9,78,-5.870690774835
9,79,-9.222028671044
9,80,-6.014894504224
9,81,39.291250979644
9,82,48.137906740980
9,83,62.335581629552
9,84,65.710123642944
9,85,8.079250275849
9,86,5.672563625289
9,87,51.782458215079
9,88,14.800462051237
9,89,-4.932779706236
9,90,72.257990692880
9,91,3.472180670935
9,92,-1.410070394784
9,93,-0.671136392310
9,94,31.373525614414
9,95,0.368694509576
9,96,33.700983777970
9,97,19.647443411654
9,98,-1.697159144445
9,99,35.662664757612
9,100,59.466987464111
9,101,71.537887094237
9,102,41.317850596562
9,103,56.413342720232
9,104,63.882842031002
9,105,-10.353288031773
9,106,93.433505389672
9,107,-6.004695797237
9,108,33.416145640593
9,109,-7.009375239119
9,110,12.733016910926
9,111,1.644081819031
9,112,-9.964233301325
9,113,-2.835989416482
9,114,1.072336135243
9,115,59.798275218105
9,116,44.706774348684
9,117,53.326504452714
9,118,53.426738377304
9,119,4.952945661433
9,120,-7.890424912919
9,121,49.773296644489
9,122,19.491147657187
9,123,2.535900086128
9,124,26.203081129352
9,125,0.458876591547
9,126,-6.897370935396
9,127,3.764775833210
9,128,6.885072740944
9,129,-1.919540890740
9,130,2.283358981236
9,131,15.341045676345
9,132,49.467412194768
9,133,1.409634894764
9,134,37.080264981079
9,135,7.129516547662
9,136,-11.694795971191
9,137,37.915034950369
9,138,-5.824827966579
9,139,14.370986783062
9,140,47.835341067432
9,141,18.132847083318
9,142,71.031102312634
9,143,10.526569431633
9,144,33.697846018636
9,145,24.396388256500
9,146,64.204630462067
9,147,14.401024055893
9,148,-16.243356044950
9,149,0.297300827195
9,150,-19.892613721131
9,151,34.742260432366
9,152,3.815432208881
9,153,-5.439238106606
9,154,66.567814402923
9,155,52.183711983242
9,156,25.265334800017
9,157,29.406692538083
9,158,12.184029624324
9,159,-1.002727758641
9,160,67.762618864428
9,161,58.183990729915
9,162,60.594419243447
9,163,45.543093122265
9,164,44.287138895845
9,165,-5.610550969133
9,166,48.898763447585
9,167,51.825501327876
9,168,21.321009610714
9,169,72.051420253803
9,170,3.510123229462
9,171,18.061767470906
9,172,-5.109495010533
9,173,47.816514521102
9,174,16.980841521188
9,175,57.464690272092
9,176,57.007072078188
9,177,15.694333142863
9,178,0.016628805570
9,179,20.997317808185
9,180,45.905641480495
9,181,-0.937093507215
9,182,20.174699436204
9,183,-2.046102669054
9,184,-6.666633873130
9,185,56.688809689396
9,186,64.973646590472
9,187,66.944655486426
9,188,4.617589303722
9,189,38.031788579756
9,190,46.422283676926
9,191,37.521799631570
9,192,8.717132699654
9,193,34.870552469758
9,194,6.781178831909
9,195,-9.436612152756
9,196,50.266798400313
9,197,49.865499245985
9,198,39.402586154552
9,199,56.806645625526
10,0,34.774697423352
10,1,60.592239216399
10,2,12.318593209966
10,3,-3.449010835218
10,4,6.056438699896
10,5,15.335301741856
10,6,7.059864695206
10,7,1.948229873640
10,8,89.258617011081
10,9,13.628889230531
10,10,36.588884923724
10,11,37.598732499806
10,12,15.991734816671
10,13,-6.432834710431
10,14,41.961710597323
10,15,8.450873591995
10,16,8.244430202030
10,17,17.572332854630
10,18,7.591550856334
10,19,67.949677860313
10,20,12.595009701356
10,21,9.700792606687
10,22,13.153073216366
10,23,65.484555700801
10,24,11.787646502016
10,25,-1.719160119435
10,26,62.502574567516
10,27,48.958985707330
10,28,69.200513777389
10,29,10.457309535472
10,30,54.454700724542
10,31,83.490395464927
10,32,6.592295107155
10,33,48.492561280647
10,34,15.654322943206
10,35,-6.109614678222
10,36,43.218191268083
10,37,-3.338269101354
10,38,5.625440212090
10,39,0.082501602097
10,40,2.695567606759
10,41,10.837458358212
10,42,52.986556421500
10,43,63.493089058073
10,44,6.404930663266
10,45,48.431764917601
10,46,53.346666073448
10,47,7.339886082678
10,48,42.965424828792
10,49,46.086333525804
10,50,-0.106893054268
10,51,58.282966452745
10,52,4.634863138439
10,53,37.556991835438
10,54,61.224727639441
10,55,12.572359521357
10,56,6.145617716873
10,57,15.266075080981
10,58,9.622734449906
10,59,56.373380475641
10,60,48.431409170036
10,61,66.038818335401
10,62,27.401914250484
10,63,76.564477108535
10,64,51.312737617212
10,65,81.010095277095
10,66,-1.572314380042
10,67,-0.559684416905
10,68,22.447316711354
10,69,55.081588658788
10,70,76.232289138665
10,71,59.839877113191
10,72,55.294089311821
10,73,17.652745541120
10,74,13.850048606197
10,75,62.157433701992
10,76,16.190740766113
10,77,62.355770362316
10,78,4.410660527938
10,79,1.059301594723
10,80,4.266455893354
10,81,49.572885789610
10,82,58.419597090091
10,83,72.617361113931
10,84,75.991924313697
10,85,18.360689146990
10,86,15.953987388653
10,87,62.064171444974
10,88,25.081943114703
10,89,5.348577484016
10,90,82.539832473565
10,91,13.753590621658
10,92,8.871308908449
10,93,9.610247549426
10,94,41.655110718049
10,95,10.650084978653
10,96,43.982583492951
10,97,29.928954902418
10,98,8.584218356649
10,99,45.944276787726
10,100,69.748748938749
10,101,81.819724353816
10,102,51.599498129377
10,103,66.695085023479
10,104,74.164631229520
10,105,-0.071964867107
10,106,103.715480122577
10,107,4.276654664354
10,108,43.697743567405
10,109,3.271968915884
10,110,23.014484995962
10,111,11.925480294136
10,112,0.317092305500
10,113,7.445380935853
10,114,11.353731021307
10,115,70.080038772649
10,116,54.988443157068
10,117,63.608227376317
10,118,63.708461930190
10,119,15.234364907476
10,120,2.390913711562
10,121,60.054997260690
10,122,29.772658166788
10,123,12.817304159486
10,124,36.484633774213
10,125,10.740267626730
10,126,3.383973922682
10,127,14.046187620661
10,128,17.166504115725
10,129,8.361835214397
10,130,12.564761469301
10,131,25.622530133354
10,132,59.749110890603
10,133,11.691031898161
10,134,47.361885910701
10,135,17.410949456920
10,136,-1.413481227362
10,137,48.196661120579
10,138,4.456523624081
10,139,24.652465150488
10,140,58.117029517030
10,141,28.414349066057
10,142,81.312936390408
10,143,20.808023665712
10,144,43.979445713914
10,145,34.677929559482
10,146,74.486421680871
10,147,24.682502611875
10,148,-5.962069852889
10,149,10.578690848117
10,150,-9.611350435589
10,151,45.023866684314
10,152,14.096844314314
10,153,4.842115904488
10,154,76.849620458532
10,155,62.465427732255
10,156,35.546881557981
10,157,39.688265294375
10,158,22.465494263095
10,159,9.278654101596
10,160,78.044432421433
10,161,68.465744149631
10,162,70.876187796370
10,163,55.824767181060
10,164,54.568805069757
10,165,4.670801966597
10,166,59.180458573399
10,167,62.107214828000
10,168,31.602531607510
10,169,82.333260737549
10,170,13.791533418364
10,171,28.343269007433
10,172,5.171861070441
10,173,58.098202852503
10,174,27.262336272113
10,175,67.746439175891
10,176,67.288818108973
10,177,25.975819817657
10,178,10.298017064619
10,179,31.278837772952
10,180,56.187317815376
10,181,9.344288765031
10,182,30.456214236889
10,183,8.235272641621
10,184,3.614712433337
10,185,66.970553722073
10,186,75.255442637390
10,187,77.226463907980
10,188,14.899006444604
10,189,48.313415482931
10,190,56.703963255299
10,191,47.803423333091
10,192,18.998575575068
10,193,45.152159527104
10,194,17.062609554509
10,195,0.844716766027
10,196,60.548502114754
10,197,60.147200441039
10,198,49.684221663469
10,199,67.088390397999
11,0,22.464072847892
11,1,48.281420575120
11,2,0.008137423043
11,3,-15.759348112420
11,4,-6.253970019963
11,5,3.024823280750
11,6,-5.250551566467
11,7,-10.362147968852
11,8,76.947582875458
11,9,1.318423595185
11,10,24.278246711743
11,11,25.288086697175
11,12,3.681251421665
11,13,-18.743149561647
11,14,29.651031999601
11,15,-3.859553124632
11,16,-4.065994962941
11,17,5.261837579448
11,18,-4.718869401542
11,19,55.638803912254
11,20,0.284551836841
11,21,-2.609643504460
11,22,0.842611157343
11,23,53.173700283478
11,24,-0.522805294226
11,25,-14.029510398017
11,26,50.191741566108
11,27,36.648254512635
11,28,56.889630426536
11,29,-1.853132261756
11,30,42.143928219142
11,31,71.179404692084
11,32,-5.718117640230
11,33,36.181833591996
11,34,3.343842084272
11,35,-18.419931958706
11,36,30.907503225739
11,37,-15.648607210882
11,38,-6.684965268360
11,39,-12.227862217653
11,40,-9.614815852714
11,41,-1.472986296270
11,42,40.675794952040
11,43,51.182248610865
11,44,-5.905480675887
11,45,36.121037685945
11,46,41.035901897070
11,47,-4.970532283660
11,48,30.654738686426
11,49,33.775623924310
11,50,-12.417255450535
11,51,45.972165170351
11,52,-7.675534896800
11,53,25.246346346554
11,54,48.913904243702
11,55,0.261901827085
11,56,-6.164791673262
11,57,2.955597140201
11,58,-2.687701074552
11,59,44.062593547598
11,60,36.120681941051
11,61,53.727958751610
11,62,15.091345092660
11,63,64.253538400684
11,64,39.001988729680
11,65,68.699123149803
11,66,-13.882665762307
11,67,-12.870043410017
11,68,10.136784794275
11,69,42.770811441107
11,70,63.921352927995
11,71,47.529064127455
11,72,42.983310496777
11,73,5.342249661531
11,74,1.539581308571
11,75,49.846603295038
11,76,3.880255875330
11,77,50.044938464445
11,78,-7.899735822190
11,79,-11.251069566606
11,80,-8.043939372932
11,81,37.262149980321
11,82,46.108794780645
11,83,60.306452077799
11,84,63.680989909924
11,85,6.050187946305
11,86,3.643504277366
11,87,49.753341739073
11,88,12.771391394766
11,89,-6.961825915525
11,90,70.228848846549
11,91,1.443124049030
11,92,-3.439120968207
11,93,-2.700187881179
11,94,29.344434424958
11,95,-1.660358267509
11,96,31.671889704870
11,97,17.618366750161
11,98,-3.726209362205
11,99,33.633568254045
11,100,57.437861466700
11,101,69.508746140178
11,102,39.288747086299
11,103,54.384220506414
11,104,61.853710562107
11,105,-12.382327525891
11,106,91.404337304368
11,107,-8.033740678584
11,108,31.387051920392
11,109,-9.038418875818
11,110,10.703948815833
11,111,-0.384972538086
11,112,-11.993273277418
11,113,-4.865038223390
11,114,-0.956717513553
11,115,57.769148810214
11,116,42.677666639553
11,117,51.297386063598
11,118,51.397619863994
11,119,2.923887205041
11,120,-9.919467458130
11,121,47.744182657880
11,122,17.462071189337
11,123,0.506844624157
11,124,24.173996345839
11,125,-1.570176297253
11,126,-8.926414710848
11,127,1.735718848809
11,128,4.856011890857
11,129,-3.948590833003
11,130,0.254303832131
11,131,13.311974350145
11,132,47.438298587163
11,133,-0.619419171904
11,134,35.051166721132
11,135,5.100455394742
11,136,-13.723833803400
11,137,35.885935656152
11,138,-7.853873070751
11,139,12.341916658683
11,140,45.806229481983
11,141,16.103772298302
11,142,69.001961986520
11,143,8.497504070117
11,144,31.668751949423
11,145,22.367305711377
11,146,62.175498594457
11,147,12.371953894297
11,148,-18.272388242294
11,149,-1.731751861436
11,150,-21.921641397726
11,151,32.713165069152
11,152,1.786375161726
11,153,-7.468283688468
11,154,64.538679607169
11,155,50.154595010077
11,156,23.236251178321
11,157,27.377603785448
11,158,10.154962209381
11,159,-3.031778836710
11,160,65.733482588228
11,161,56.154866322198
11,162,58.565291849096
11,163,43.513984376936
11,164,42.258031706646
11,165,-7.639596338762
11,166,46.869650544540
11,167,49.796384798537
11,168,19.291930875799
11,169,70.022278663433
11,170,1.481066560547
11,171,16.032692773952
11,172,-7.138541000895
11,173,45.787402958980
11,174,14.951768163417
11,175,55.435566755616
11,176,54.977949128719
11,177,13.665261378970
11,178,-2.012423535351
11,179,18.968239474292
11,180,43.876532285962
11,181,-2.966144666600
11,182,18.145622121483
11,183,-4.075152454527
11,184,-8.695677934433
11,185,54.659687134270
11,186,62.944513770002
11,187,64.915520223745
11,188,2.588531262794
11,189,36.002689140885
11,190,44.393173842269
11,191,35.492700824572
11,192,6.688069579846
11,193,32.841456947594
11,194,4.752118110540
11,195,-11.465652782492
11,196,48.237683802246
11,197,47.836385145143
11,198,37.373485017291
11,199,54.777522924393
12,0,-26.397201923537
12,1,-0.580624536233
12,2,-48.852467346027
12,3,-64.619482459784
12,4,-55.114387957372
12,5,-45.835871492971
12,6,-54.110999440949
12,7,-59.222443339218
12,8,28.084682364111
12,9,-47.542220266987
12,10,-24.583082189551
12,11,-23.573272335023
12,12,-45.179462937071
12,13,-67.603194889562
12,14,-19.210457211964
12,15,-52.720042499772
12,16,-52.926478178852
12,17,-43.598923937381
12,18,-53.579333138827
12,19,6.776539261853
12,20,-48.576061179192
12,21,-51.470170170986
12,22,-48.018018508687
12,23,4.311509190440
12,24,-49.383394222365
12,25,-62.889696354068
12,26,1.329639452524
12,27,-12.213443481436
12,28,8.027328451979
12,29,-50.713681499044
12,30,-6.717933756860
12,31,22.316676308335
12,32,-54.578551564831
12,33,-12.679850484943
12,34,-45.516862207609
12,35,-67.279986929549
12,36,-17.954023476042
12,37,-64.508744862127
12,38,-55.545370347019
12,39,-61.088101925045
12,40,-58.475133519561
12,41,-50.333546875358
12,42,-8.186023217051
12,43,2.320116941351
12,44,-54.765909010493
12,45,-12.740644576952
12,46,-7.825927017060
12,47,-53.830988512549
12,48,-18.206780473425
12,49,-15.085988356033
12,50,-61.277489507454
12,51,-2.889811035297
12,52,-56.535910421844
12,53,-23.615011440219
12,54,0.051840259643
12,55,-48.598710513172
12,56,-55.025212271314
12,57,-45.905095568109
12,58,-51.548225412203
12,59,-4.799325678767
12,60,-12.741000311238
12,61,4.865751119840
12,62,-33.769709699693
12,63,15.391016687776
12,64,-9.859779495710
12,65,19.836468779125
12,66,-62.742856099394
12,67,-61.730263958205
12,68,-38.724122171756
12,69,-6.091069240210
12,70,15.058841127553
12,71,-1.332958534345
12,72,-5.878576525211
12,73,-43.518514254458
12,74,-47.321069151963
12,75,0.984511480077
12,76,-44.980464420863
12,77,1.182840731344
12,78,-56.760104658206
12,79,-60.111338416260
12,80,-56.904303906646
12,81,-11.599566331279
12,82,-2.753185501868
12,83,11.444048146084
12,84,14.818485281954
12,85,-42.810597091666
12,86,-45.217208955160
12,87,0.891252706962
12,88,-36.089594178251
12,89,-55.822222734045
12,90,21.366148828005
12,91,-47.417523533652
12,92,-52.299622887040
12,93,-51.560711846279
12,94,-19.517045638459
12,95,-50.520913256274
12,96,-17.189659804506
12,97,-31.242763440139
12,98,-52.586702715686
12,99,-15.228039787653
12,100,8.575543133113
12,101,20.646067609923
12,102,-9.573029695486
12,103,5.521993292168
12,104,12.991260460272
12,105,-61.242562624873
12,106,42.541005379877
12,107,-56.894105516578
12,108,-17.474489090047
12,109,-57.898753739362
12,110,-38.156975072241
12,111,-49.245565578531
12,112,-60.853519983684
12,113,-53.725497599706
12,114,-49.817293495733
12,115,8.906820591110
12,116,-6.184211262451
12,117,2.435250958471
12,118,2.535481767969
12,119,-45.936804557183
12,120,-58.779776035764
12,121,-1.117846422836
12,122,-31.399054337613
12,123,-48.353775024094
12,124,-24.687329444911
12,125,-50.430733976638
12,126,-57.786752916021
12,127,-47.124937463610
12,128,-44.004737517804
12,129,-52.809077551683
12,130,-48.606308281436
12,131,-35.549027351954
12,132,-1.423721366293
12,133,-49.480005217527
12,134,-13.810483618858
12,135,-43.760301307106
12,136,-62.584028879159
12,137,-12.975739591748
12,138,-56.714243275077
12,139,-36.519056100355
12,140,-3.055741772332
12,141,-32.757312701462
12,142,20.139298578979
12,143,-40.363353986046
12,144,-17.192797466327
12,145,-26.493966172791
12,146,13.313038890461
12,147,-36.489019760942
12,148,-67.132447614968
12,149,-50.592304720150
12,150,-70.781591898471
12,151,-16.148415509633
12,152,-47.074282662063
12,153,-56.328665396832
12,154,15.676149385588
12,155,1.292494004912
12,156,-25.625046632711
12,157,-21.483817592532
12,158,-38.705945298992
12,159,-51.892292908706
12,160,16.870916713437
12,161,7.292586272721
12,162,9.702939873299
12,163,-5.347918479652
12,164,-6.603833674046
12,165,-56.499972936028
12,166,-1.992352441062
12,167,0.934294482060
12,168,-29.569249248372
12,169,21.159584809066
12,170,-47.379582154172
12,171,-32.828390105038
12,172,-55.998932547125
12,173,-3.074567733573
12,174,-33.909282464432
12,175,6.573308169718
12,176,6.115704197917
12,177,-35.195750863968
12,178,-50.872968020121
12,179,-29.892930991933
12,180,-4.985381388571
12,181,-51.826660696803
12,182,-30.715523800434
12,183,-52.935635397218
12,184,-57.556023023608
12,185,5.797451700237
12,186,14.082031118553
12,187,16.052978757158
12,188,-46.272150493845
12,189,-12.858989590721
12,190,-4.468755248185
12,191,-13.368962689950
12,192,-42.172734489934
12,193,-16.020127459145
12,194,-44.108628198366
12,195,-60.325915230125
12,196,-0.624360004047
12,197,-1.025646686801
12,198,-11.488234616350
12,199,5.915283974202
13,0,-7.609694605060
13,1,18.207178999743
13,2,-30.065217662413
13,3,-45.832413666620
13,4,-36.327210115815
13,5,-27.048587200014
13,6,-35.323810087735
13,7,-40.435312628157
13,8,46.872814825583
13,9,-28.754955550969
13,10,-5.795554056611
13,11,-4.785732615892
13,12,-26.392171113126
13,13,-48.816160326896
13,14,-0.422867435183
13,15,-33.932837188382
13,16,-34.139275235866
13,17,-24.811613979815
13,18,-34.792137685916
13,19,25.564427216807
13,20,-29.788808324382
13,21,-32.682950520008
13,22,-29.230759251484
13,23,23.099368860501
13,24,-30.596150630030
13,25,-44.102607715904
13,26,20.117464907467
13,27,6.574226578123
13,28,26.815230759123
13,29,-31.926453168970
13,30,12.069799358389
13,31,41.104742581876
13,32,-35.791367575745
13,33,6.107814223084
13,34,-26.729574254656
13,35,-48.492948658903
13,36,0.833580716790
13,37,-45.721674798522
13,38,-36.758197450014
13,39,-42.300992617966
13,40,-39.687994234868
13,41,-31.546314184037
13,42,10.601693053206
13,43,21.107953761384
13,44,-35.978727170914
13,45,6.047019433521
13,46,10.961793384966
13,47,-35.043795946833
13,48,0.580820819319
13,49,3.701648744172
13,50,-42.490382373144
13,51,15.897966004486
13,52,-37.748748889040
13,53,-4.827472199991
13,54,18.839651052709
13,55,-29.811457918222
13,56,-36.238033406662
13,57,-27.117812069366
13,58,-32.761006656736
13,59,13.988429450867
13,60,6.046663695161
13,61,23.653617149510
13,62,-14.982286969389
13,63,34.179003490528
13,64,8.927917569781
13,65,38.624506592547
13,66,-43.955765776598
13,67,-42.943162018390
13,68,-19.936756284857
13,69,12.696671067766
13,70,33.846824118686
13,71,17.454836369136
13,72,12.909166220925
13,73,-24.731203374351
13,74,-28.533801898688
13,75,19.772332974906
13,76,-26.193170313796
13,77,19.970664501867
13,78,-37.972945697526
13,79,-41.324217903166
13,80,-38.117146600322
13,81,7.188110771887
13,82,16.034593105585
13,83,30.231989658634
13,84,33.606465515062
13,85,-24.023278089553
13,86,-26.429917564274
13,87,19.679073131709
13,88,-17.302198064746
13,89,-37.035053013293
13,90,40.154204194318
13,91,-28.630257386991
13,92,-33.512412752250
13,93,-32.773493234075
13,94,-0.729459379407
13,95,-31.733682714592
13,96,1.597953158489
13,97,-12.455311717196
13,98,-33.799495874518
13,99,3.559595682673
13,100,27.363451730766
13,101,39.434114713382
13,102,9.214670660178
13,103,24.309866851851
13,104,31.779219726544
13,105,-42.455455089861
13,106,61.329303731902
13,107,-38.106948093242
13,108,1.313120604864
13,109,-39.111607842053
13,110,-19.369602678336
13,111,-30.458320404898
13,112,-42.066407985345
13,113,-34.938303823721
13,114,-31.030054881485
13,115,27.694732990021
13,116,12.603527976797
13,117,21.223089099592
13,118,21.323321059179
13,119,-27.149521422238
13,120,-39.992640246135
13,121,17.669950948904
13,122,-12.611604407859
13,123,-29.566519619009
13,124,-5.899802508058
13,125,-31.643502400337
13,126,-38.999605733763
13,127,-28.337667960113
13,128,-25.217432216174
13,129,-34.021873261780
13,130,-29.819055773645
13,131,-16.761625036357
13,132,17.364072495759
13,133,-30.692762733604
13,134,4.977168116355
13,135,-24.972993201038
13,136,-43.796936734208
13,137,5.811921721266
13,138,-37.927083788243
13,139,-17.731664914187
13,140,15.732033363522
13,141,-13.969878355558
13,142,38.927339867325
13,143,-21.576006906369
13,144,1.594815460659
13,145,-7.706459964546
13,146,32.101001849034
13,147,-17.701628230156
13,148,-48.345407651694
13,149,-31.805074997530
13,150,-51.994593799529
13,151,2.639209400426
13,152,-28.287012577406
13,153,-37.541501486368
13,154,34.464139460164
13,155,20.080319033637
13,156,-6.837530454854
13,157,-2.696253899689
13,158,-19.918579203542
13,159,-33.105078100678
13,160,35.658920497684
13,161,26.080480149045
13,162,28.490861407328
13,163,13.439830355339
13,164,12.183900750402
13,165,-37.712810990924
13,166,16.795434896369
13,167,19.722115400684
13,168,-10.781778324439
13,169,39.947637805082
13,170,-28.592315572205
13,171,-14.040956574630
13,172,-37.211764853717
13,173,15.713207186265
13,174,-15.121861335501
13,175,25.361193792691
13,176,24.903584570122
13,177,-16.408344495117
13,178,-32.085741517520
13,179,-11.105463781751
13,180,13.802371606223
13,181,-33.039445135786
13,182,-11.928066028231
13,183,-34.148432559290
13,184,-38.768873194254
13,185,24.585328420668
13,186,32.870002901072
13,187,34.840973155762
13,188,-27.484871206332
13,189,5.928673061877
13,190,14.319003674471
13,191,5.418694111242
13,192,-23.385408169554
13,193,2.767498922869
13,194,-25.321324088676
13,195,-41.538797178786
13,196,18.163443030098
13,197,17.762151742863
13,198,7.299443764234
13,199,24.703162046695
14,0,35.523352132222
14,1,61.340905726844
14,2,13.067237654417
14,3,-2.700373597603
14,4,6.805080282094
14,5,16.083947565181
14,6,7.808506736044
14,7,2.696869578118
14,8,90.007296626223
14,9,14.377534273888
14,10,37.337540461864
14,11,38.347388499540
14,12,16.740380940035
14,13,-5.684198836592
14,14,42.710368591404
14,15,9.199516268614
14,16,8.993072784295
14,17,18.320979700453
14,18,8.340193140190
14,19,68.698347734091
14,20,13.343654272154
14,21,10.449435854614
14,22,13.901718042245
14,23,66.233224447678
14,24,12.536290703785
14,25,-0.970522091178
14,26,63.251241951235
14,27,49.707646899951
14,28,69.949184222969
14,29,11.205953129182
14,30,55.203364429362
14,31,84.239072443081
14,32,7.340936934284
14,33,49.241222260061
14,34,16.402968912349
14,35,-5.360978656659
14,36,43.966849836514
14,37,-2.589631813127
14,38,6.374081597300
14,39,0.831140453818
14,40,3.444207652821
14,41,11.586102125679
14,42,53.735219455193
14,43,64.241756894589
14,44,7.153572404750
14,45,49.180425869228
14,46,54.095329271760
14,47,8.088528251508
14,48,43.714083281680
14,49,46.834993405297
14,50,0.641745710891
14,51,59.031631907557
14,52,5.383504070880
14,53,38.305647816094
14,54,61.973394439010
14,55,13.321004081808
14,56,6.894259339839
14,57,16.014720872663
14,58,10.371377662159
14,59,57.122045057535
14,60,49.180070121496
14,61,66.787487335656
14,62,28.150565589283
14,63,77.313150920498
14,64,52.061399885773
14,65,81.758771121378
14,66,-0.823676284672
14,67,0.188954141304
14,68,23.195965785453
14,69,55.830252650172
14,70,76.980962798771
14,71,60.588543279708
14,72,56.042753400347
14,73,18.401392423693
14,74,14.598693750646
14,75,62.906100927939
14,76,16.939386980441
14,77,63.104437678929
14,78,5.159301357911
14,79,1.807940892904
14,80,5.015096657407
14,81,50.321547262851
14,82,59.168262607367
14,83,73.366033121492
14,84,76.740597863922
14,85,19.109336353162
14,86,16.702633494766
14,87,62.812838628284
14,88,25.830593393061
14,89,6.097218742681
14,90,83.288509017162
14,91,14.502235722015
14,92,9.619951777240
14,93,10.358890755968
14,94,42.403768571981
14,95,11.398728660475
14,96,44.731242410795
14,97,30.677607396312
14,98,9.332861094219
14,99,46.692936602281
14,100,70.497419634950
14,101,82.568400568212
14,102,52.348160529022
14,103,67.443754323729
14,104,74.913303944406
14,105,0.676673914015
14,106,104.464166346952
14,107,5.025295433072
14,108,44.446402355046
14,109,4.020609225401
14,110,23.763134329303
14,111,12.674124558907
14,112,1.065731264447
14,113,8.194023152901
14,114,12.102375024748
14,115,70.828709620291
14,116,55.737107105873
14,117,64.356895265460
14,118,64.457129865157
14,119,15.983010684664
14,120,3.139553618377
14,121,60.803663525541
14,122,30.521310589233
14,123,13.565948831885
14,124,37.233289264688
14,125,11.488911349770
14,126,4.132614283393
14,127,14.794832854757
14,128,17.915150776054
14,129,9.110477850329
14,130,13.313406026275
14,131,26.371180658803
14,132,60.497777015633
14,133,12.439676055772
14,134,48.110546373267
14,135,18.159596228979
14,136,-0.664843059392
14,137,48.945321964726
14,138,5.205164475017
14,139,25.401115232533
14,140,58.865694895983
14,141,29.163000867629
14,142,82.061612373123
14,143,21.556671990518
14,144,44.728104630325
14,145,35.426584224115
14,146,75.235094542855
14,147,25.431152707657
14,148,-5.213433763885
14,149,11.327334497306
14,150,-8.862716014497
14,151,45.772526078137
14,152,14.845489571569
14,153,5.590756931662
14,154,77.598294400850
14,155,63.214095098992
14,156,36.295536619815
14,157,40.436922249246
14,158,23.214143345504
14,159,10.027297156579
14,160,78.793106909958
14,161,69.214414259317
14,162,71.624859007970
14,163,56.573431512166
14,164,55.317468826739
14,165,5.419442915467
14,166,59.929124438480
14,167,62.855882030985
14,168,32.351184866384
14,169,83.081937186718
14,170,14.540178536066
14,171,29.091920776511
14,172,5.920502248329
14,173,58.846868222856
14,174,28.010987547110
14,175,68.495108956762
14,176,68.037487680645
14,177,26.724470504596
14,178,11.046660585518
14,179,32.027490883869
14,180,56.935982312214
14,181,10.092931850006
14,182,31.204866971784
14,183,8.983915219702
14,184,4.363352899505
14,185,67.719223148255
14,186,76.004115850934
14,187,77.975138022564
14,188,15.647652068510
14,189,49.062076380455
14,190,57.452627988307
14,191,48.552083997485
14,192,19.747223072809
14,193,45.900818979571
14,194,17.811256167348
14,195,1.593355966128
14,196,61.297168605204
14,197,60.895866748047
14,198,50.432883187612
14,199,67.837059878046
15,0,19.097375937708
15,1,44.914670590493
15,2,-3.358513325700
15,3,-19.125966450316
15,4,-9.620607896482
15,5,-0.341833669081
15,6,-8.617191505575
15,7,-13.728777400815
15,8,73.580773955975
15,9,-2.048229846972
15,10,20.911546072151
15,11,21.921383981637
15,12,0.314593122479
15,13,-22.109761766333
15,14,26.284320315048
15,15,-7.226195923024
15,16,-7.432637336984
15,17,1.895176031190
15,18,-8.085510433550
15,19,52.272038801952
15,20,-3.082099480096
15,21,-5.976288872138
15,22,-2.524041306737
15,23,49.806940241091
15,24,-3.889454951568
15,25,-17.396132291615
15,26,46.824987654174
15,27,33.281528443498
15,28,53.522862744700
15,29,-5.219779184503
15,30,38.777190852074
15,31,67.812607631749
15,32,-9.084756618227
15,33,32.815108481715
15,34,-0.022815521341
15,35,-21.786544827766
15,36,27.540788958206
15,37,-19.015225776398
15,38,-10.051602258944
15,39,-15.594487814582
15,40,-12.981446820842
15,41,-4.839634000433
15,42,37.309060603155
15,43,47.815492662601
15,44,-9.272119268746
15,45,32.754312700650
15,46,37.669166807878
15,47,-8.337172798361
15,48,27.288024938513
15,49,30.408903760632
15,50,-15.783880658157
15,51,42.605419933148
15,52,-11.042169851222
15,53,21.879643716828
15,54,45.547152958796
15,55,-3.104749443293
15,56,-9.531429733091
15,57,-0.411059667334
15,58,-6.054346281773
15,59,40.695852236124
15,60,32.753956956483
15,61,50.361197569742
15,62,11.724663338471
15,63,60.886755579442
15,64,35.635257821792
15,65,65.332331188780
15,66,-17.249287957748
15,67,-16.236667686928
15,68,6.770113224942
15,69,39.404072785292
15,70,60.554570789689
15,71,44.162315689544
15,72,39.616571404105
15,73,1.975587947978
15,74,-1.827072588188
15,75,46.479850092655
15,76,0.513597167068
15,77,46.678184854318
15,78,-11.266370315745
15,79,-14.617697171365
15,80,-11.410573570072
15,81,33.895422649155
15,82,42.742049262561
15,83,56.939677371374
15,84,60.314208265787
15,85,2.683524777502
15,86,0.276846055771
15,87,46.386588728419
15,88,9.404714409611
15,89,-10.328462337005
15,90,66.862053740500
15,91,-1.923529649459
15,92,-6.805764630830
15,93,-6.066833062730
15,94,25.977723370685
15,95,-5.027005586511
15,96,28.305173865949
15,97,14.251679801251
15,98,-7.092852434696
15,99,30.266848382395
15,100,54.071092657767
15,101,66.141952514619
15,102,35.922015588891
15,103,51.017457975366
15,104,58.486932674678
15,105,-15.748952805312
15,106,88.037498661623
15,107,-11.400374896686
15,108,28.020336667032
15,109,-12.405051028763
15,110,7.337276080616
15,111,-3.751622478754
15,112,-15.359899356547
15,113,-8.231678954944
15,114,-4.323366278957
15,115,54.402379320192
15,116,39.310928175226
15,117,47.930629878632
15,118,48.030863472966
15,119,-0.442769537309
15,120,-13.286097800046
15,121,44.377433777729
15,122,14.095384561719
15,123,-2.859807149718
15,124,20.807295920560
15,125,-4.936823801640
15,126,-12.293047094019
15,127,-1.630935451132
15,128,1.489351176824
15,129,-7.315233448375
15,130,-3.112347422626
15,131,9.945296253733
15,132,44.071550335851
15,133,-3.986068630649
15,134,31.684443935243
15,135,1.733794178224
15,136,-17.090456325328
15,137,32.519211154169
15,138,-11.220507658581
15,139,8.975240556378
15,140,42.439484585921
15,141,12.737088462898
15,142,65.635169402878
15,143,5.130835870550
15,144,28.302036116947
15,145,19.000609000119
15,146,58.808720045461
15,147,9.005277730248
15,148,-21.639001414624
15,149,-5.098399033683
15,150,-25.288247069060
15,151,29.346447089629
15,152,-1.580279242349
15,153,-10.834919068897
15,154,61.171896199696
15,155,46.787841174511
15,156,19.869552680771
15,157,24.010896774453
15,158,6.788290602679
15,159,-6.398423336657
15,160,62.366696724341
15,161,52.788100150938
15,162,55.198520722297
15,163,40.147244193293
15,164,38.891294105000
15,165,-11.006231367050
15,166,43.502903462271
15,167,46.429631699400
15,168,15.925240486569
15,169,66.655483982082
15,170,-1.885587215933
15,171,12.666009084664
15,172,-10.505177059131
15,173,42.420658101619
15,174,11.585086696155
15,175,52.068802063142
15,176,51.611185377049
15,177,10.298582556330
15,178,-5.379070130657
15,179,15.601549750470
15,180,40.509791356999
15,181,-6.332789301458
15,182,14.778934088703
15,183,-7.441794809740
15,184,-12.062310791895
15,185,51.292924036898
15,186,59.577733639984
15,187,61.548736041521
15,188,-0.778124790195
15,189,32.635964398884
15,190,41.026431851191
15,191,32.125977130985
15,192,3.321405099799
15,193,29.474738704332
15,194,1.385457610064
15,195,-14.832279946168
15,196,44.870933907536
15,197,44.469636075431
15,198,34.006757457239
15,199,51.410759584767
16,0,-27.442557033814
16,1,-1.625996128940
16,2,-49.897808120731
16,3,-65.664813169198
16,4,-56.159724734571
16,5,-46.881214193440
16,6,-55.156336858687
16,7,-60.267777493937
16,8,27.039292469010
16,9,-48.587561878136
16,10,-25.628438458007
16,11,-24.618629248165
16,12,-46.224806056591
16,13,-68.648523694297
16,14,-20.255816910467
16,15,-53.765380805475
16,16,-53.971816352765
16,17,-44.644268065909
16,18,-54.624670895966
16,19,5.731162971824
16,20,-49.621402130346
16,21,-52.515509274584
16,22,-49.063359816093
16,23,3.266134474274
16,24,-50.428734658126
16,25,-63.935028167718
16,26,0.284266640178
16,27,-13.258807647115
16,28,6.981951363356
16,29,-51.759021085571
16,30,-7.763301431143
16,31,21.271290096127
16,32,-55.623888684095
16,33,-13.725214352846
16,34,-46.562205111732
16,35,-68.325315940601
16,36,-18.999383976698
16,37,-65.554075642234
16,38,-56.590706849085
16,39,-62.133434888776
16,40,-59.520468151335
16,41,-51.378886704551
16,42,-9.231389954031
16,43,1.274743496622
16,44,-55.811246010147
16,45,-13.786008406045
16,46,-8.871293983939
16,47,-54.876326109035
16,48,-19.252140812714
16,49,-16.131350687749
16,50,-62.322822350288
16,51,-3.935181153669
16,52,-57.581246291571
16,53,-24.660368326717
16,54,-0.993531736865
16,55,-49.644051449868
16,56,-56.070549105432
16,57,-46.950438224390
16,58,-52.593564465969
16,59,-5.844694577994
16,60,-13.786364140098
16,61,3.820376049793
16,62,-34.815060103225
16,63,14.345634897560
16,64,-10.905145164077
16,65,18.791084150522
16,66,-63.788188006780
16,67,-62.775596512001
16,68,-39.769469412357
16,69,-7.136437314715
16,70,14.013459549424
16,71,-2.378329646715
16,72,-6.923944735390
16,73,-44.563858434318
16,74,-48.366410904302
16,75,-0.060861111910
16,76,-46.025807667414
16,77,0.137468012726
16,78,-57.805440384815
16,79,-61.156672003533
16,80,-57.949639541199
16,81,-12.644930888884
16,82,-3.798555707472
16,83,10.398668875947
16,84,13.773103857289
16,85,-43.855941723457
16,86,-46.262552050575
16,87,-0.154119825485
16,88,-37.134943100755
16,89,-56.867559059370
16,90,20.320763222706
16,91,-48.462865224406
16,92,-53.344961461131
16,93,-52.606050892078
16,94,-20.562405141231
16,95,-51.566252965866
16,96,-18.235020793159
16,97,-32.288115456919
16,98,-53.632041106510
16,99,-16.273402028681
16,100,7.530165694465
16,101,19.600682464392
16,102,-10.618395546931
16,103,4.476617803128
16,104,11.945880202271
16,105,-62.287895490001
16,106,41.495606254131
16,107,-57.939441157643
16,108,-18.519849896853
16,109,-58.944088739088
16,110,-39.202322674915
16,111,-50.290906102280
16,112,-61.898853097162
16,113,-54.770835263545
16,114,-50.862633654498
16,115,7.861442940950
16,116,-7.229579277497
16,117,1.389877440233
16,118,1.490108185739
16,119,-46.982147193215
16,120,-59.825110473066
16,121,-2.163217672540
16,122,-32.444406254610
16,123,-49.399116117158
16,124,-25.732685646806
16,125,-51.476073743797
16,126,-58.832087987248
16,127,-48.170279341153
16,128,-45.050081387257
16,129,-53.854415800546
16,130,-49.651649213280
16,131,-36.594376619556
16,132,-2.469092420710
16,133,-50.525345591617
16,134,-14.855846764920
16,135,-44.805645332606
16,136,-63.629360887935
16,137,-14.021103270738
16,138,-57.759579030964
16,139,-37.564404748686
16,140,-4.101111784767
16,141,-33.802663751325
16,142,19.093913757017
16,143,-41.408700180153
16,144,-18.238158452979
16,145,-27.539321221295
16,146,12.267658427008
16,147,-37.534368428445
16,148,-68.177776720207
16,149,-51.637644384165
16,150,-71.826918674247
16,151,-17.193777163055
16,152,-48.119624571940
16,153,-57.374001398857
16,154,14.630767413313
16,155,0.247121216285
16,156,-26.670402235948
16,157,-22.529175839649
16,158,-39.751292551198
16,159,-52.937631742825
16,160,15.825533978321
16,161,6.247209653207
16,162,8.657561714826
16,163,-6.393287028630
16,164,-7.649201421176
16,165,-57.545308828696
16,166,-3.037723132431
16,167,-0.111078077862
16,168,-30.614602333546
16,169,20.114199335658
16,170,-48.424923869148
16,171,-33.873741109528
16,172,-57.044268759644
16,173,-4.119937733987
16,174,-34.954632778863
16,175,5.527932009449
16,176,5.070328329813
16,177,-36.241100357103
16,178,-51.918307504966
16,179,-30.938283870462
16,180,-6.030750169019
16,181,-52.871999572824
16,182,-31.760876153807
16,183,-53.980973565282
16,184,-58.601358242115
16,185,4.752076035329
16,186,13.036650164104
16,187,15.007596544288
16,188,-47.317492915798
16,189,-13.904353344245
16,190,-5.514124358473
16,191,-14.414326117891
16,192,-43.218079528939
16,193,-17.065489194472
16,194,-45.153972001499
16,195,-61.371248680414
16,196,-1.669731568829
16,197,-2.071017995375
16,198,-12.533599245035
16,199,4.869908234068
17,0,-15.545004381238
17,1,10.271744112186
17,2,-38.000418623102
17,3,-53.767538225839
17,4,-44.262380733067
17,5,-34.983802778421
17,6,-43.258985567089
17,7,-48.370463339219
17,8,38.937241011998
17,9,-36.690162860796
17,10,-13.730872624052
17,11,-12.721056076916
17,12,-34.327389872342
17,13,-56.751270428416
17,14,-8.358212038715
17,15,-41.868019407877
17,16,-42.074456455033
17,17,-32.746840398009
17,18,-42.727315741555
17,19,17.628956673776
17,20,-37.724010624472
17,21,-40.618138796017
17,22,-37.165964255706
17,23,15.163910263975
17,24,-38.531349017991
17,25,-52.037740656924
17,26,12.182020762142
17,27,-1.361151933903
17,28,18.879754154259
17,29,-39.861645110708
17,30,4.134394213957
17,31,33.169196723633
17,32,-43.726540789481
17,33,-1.827562028651
17,34,-34.664791378906
17,35,-56.428060326529
17,36,-7.101769975554
17,37,-53.656799894328
17,38,-44.693365978863
17,39,-50.236134288774
17,40,-47.623148567116
17,41,-39.481507967808
17,42,2.666295023475
17,43,13.172504815870
17,44,-43.913899476778
17,45,-1.888356523596
17,46,3.026393610133
17,47,-42.978972783021
17,48,-7.354528648139
17,49,-4.233715847033
17,50,-50.425523126258
17,51,7.962542307949
17,52,-45.683912618071
17,53,-12.762795458744
17,54,10.904213100024
17,55,-37.746660108554
17,56,-44.173204456027
17,57,-35.053027312322
17,58,-40.696194554519
17,59,6.053015008372
17,60,-1.888712260232
17,61,15.718155866911
17,62,-22.917561018636
17,63,26.243491197827
17,64,0.992527651440
17,65,30.688972754811
17,66,-51.890899429141
17,67,-50.878300577533
17,68,-27.872006325539
17,69,4.761262885389
17,70,25.911313435870
17,71,9.519405127627
17,72,4.973757008760
17,73,-32.666430182187
17,74,-36.469010280161
17,75,11.836890502193
17,76,-34.128390037316
17,77,12.035221067985
17,78,-45.908108340183
17,79,-49.259364306978
17,80,-46.052308544240
17,81,-0.747270715103
17,82,8.099168746921
17,83,22.296496494848
17,84,25.670955997135
17,85,-31.958508327829
17,86,-34.365136140579
17,87,11.743631110956
17,88,-25.237460872035
17,89,-44.970220200616
17,90,32.218662942891
17,91,-36.565465301064
17,92,-41.447597008970
17,93,-40.708681071344
17,94,-8.664802497180
17,95,-39.668875590432
17,96,-6.337401238052
17,97,-20.390598011865
17,98,-41.734678740133
17,99,-4.375768220132
17,100,19.427972469020
17,101,31.498576951883
17,102,1.279279352188
17,103,16.374402388858
17,104,23.843719064243
17,105,-50.390596012214
17,106,53.393659852249
17,107,-46.042110086586
17,108,-6.622232411355
17,109,-47.046764967228
17,110,-27.304855467344
17,111,-38.393519460740
17,112,-50.001550792840
17,113,-42.873481171089
17,114,-38.965251166883
17,115,19.759252122771
17,116,4.668120245813
17,117,13.287639596099
17,118,13.387871069928
17,119,-35.084736511541
17,120,-47.927793102201
17,121,9.734518664896
17,122,-20.546889945152
17,123,-37.501722996240
17,124,-13.835120570315
17,125,-39.578695713164
17,126,-46.934763401652
17,127,-36.272877291995
17,128,-33.152656667866
17,129,-41.957055049839
17,130,-37.754257927169
17,131,-24.696890463187
17,132,9.428641694110
17,133,-38.627960653408
17,134,-2.958202656140
17,135,-32.908218837227
17,136,-51.732071156366
17,137,-2.123453096538
17,138,-45.862246653131
17,139,-25.666925640355
17,140,7.796610471130
17,141,-21.905157310808
17,142,30.991804561912
17,143,-29.511249003575
17,144,-6.340538920667
17,145,-15.641769271802
17,146,24.165499627241
17,147,-25.636889101879
17,148,-56.280520034226
17,149,-39.740267527435
17,150,-59.929688500109
17,151,-5.296150042115
17,152,-36.222222154749
17,153,-45.476666219634
17,154,26.528625785570
17,155,12.144875068334
17,156,-14.772843972911
17,157,-10.631587486328
17,158,-27.853829332314
17,159,-41.040264331205
17,160,27.723401032628
17,161,18.145007105049
17,162,20.555376681732
17,163,5.504418571465
17,164,4.248495053012
17,165,-45.647974894091
17,166,8.860006850482
17,167,11.786673171337
17,168,-18.717072728905
17,169,32.012097554783
17,170,-36.527523670142
17,171,-21.976235185444
17,172,-45.146931184761
17,173,7.777784385115
17,174,-23.057134708382
17,175,17.425724234607
17,176,16.968117229764
17,177,-24.343611633893
17,178,-40.020932687403
17,179,-19.040756617665
17,180,5.866958065402
17,181,-40.974631684352
17,182,-19.863354877889
17,183,-42.083613734081
17,184,-46.704031980174
17,185,16.649862622689
17,186,24.934496952366
17,187,26.905457654851
17,188,-35.420084670623
17,189,-2.006702321720
17,190,6.383587629942
17,191,-2.516678800937
17,192,-31.320641498794
17,193,-5.167861141366
17,194,-33.256548036945
17,195,-49.473942542849
17,196,10.228008354497
17,197,9.826719012024
17,198,-0.635938262290
17,199,16.767695677656
18,0,-6.230247184787
18,1,19.586648168581
18,2,-28.685789157935
18,3,-44.452998443288
18,4,-34.947786886049
18,5,-25.669156154487
18,6,-33.944386012772
18,7,-39.055892858756
18,8,48.252308144438
18,9,-27.375525942793
18,10,-4.416105108117
18,11,-3.406282816737
18,12,-25.012739514670
18,13,-47.436747616797
18,14,0.956586039254
18,15,-32.553411941757
18,16,-32.759850163129
18,17,-23.432181049968
18,18,-33.412713163110
18,19,26.943902583764
18,20,-28.409379587072
18,21,-31.303524220551
18,22,-27.851330044105
18,23,24.478842150762
18,24,-29.216722572783
18,25,-42.723191035533
18,26,21.496935685616
18,27,7.953685946995
18,28,28.194707179835
18,29,-30.547026232285
18,30,13.449263356873
18,31,42.484231041148
18,32,-34.411943894622
18,33,7.487273199047
18,34,-25.350142940406
18,35,-47.113535676566
18,36,2.213035249661
18,37,-44.342259481920
18,38,-35.378774583281
18,39,-40.921574420070
18,40,-38.308573835980
18,41,-30.166886927145
18,42,11.981155814909
18,43,22.487425373969
18,44,-34.599303647614
18,45,7.426478358269
18,46,12.341256450032
18,47,-33.664371636005
18,48,1.960275139267
18,49,5.081105693142
18,50,-41.110964334774
18,51,17.277433227944
18,52,-36.369326856679
18,53,-3.448022435994
18,54,20.219120754366
18,55,-28.432029199990
18,56,-34.858610101779
18,57,-25.738381082148
18,58,-31.381580423033
18,59,15.367895065669
18,60,7.426122619603
18,61,25.033090906691
18,62,-13.602845759662
18,63,35.558486114991
18,64,10.307378921454
18,65,40.003992962251
18,66,-42.576348972536
18,67,-41.563744361396
18,68,-18.557319248626
18,69,14.076135594340
18,70,35.226306463286
18,71,18.834304904172
18,72,14.288630926523
18,73,-23.351770376765
18,74,-27.154372104225
18,75,21.151803462300
18,76,-24.813738547709
18,77,21.350135156346
18,78,-36.593523854004
18,79,-39.944798882505
18,80,-36.737724878265
18,81,8.567570657906
18,82,17.414060444142
18,83,31.611468957846
18,84,34.985947657173
18,85,-22.643844495651
18,86,-25.050485997606
18,87,21.058543540537
18,88,-15.922758809247
18,89,-35.655630379762
18,90,41.533691852783
18,91,-27.250827673779
18,92,-32.132987151483
18,93,-31.394067010886
18,94,0.649993836756
18,95,-30.354255615530
18,96,2.977408335282
18,97,-11.075868378801
18,98,-32.420070515567
18,99,4.939052511974
18,100,28.742928613327
18,101,40.813601765178
18,102,10.594132253420
18,103,25.689341161902
18,104,33.158700329244
18,105,-41.076037022067
18,106,62.708809230600
18,107,-36.727526362607
18,108,2.692575541711
18,109,-37.732186957670
18,110,-17.990165164352
18,111,-29.078892231548
18,112,-40.686989589849
18,113,-33.558879424032
18,114,-29.650627189738
18,115,29.074210151681
18,116,13.982992424906
18,117,22.602560809173
18,118,22.702792853204
18,119,-25.770090461730
18,120,-38.613220103864
18,121,19.049419665163
18,122,-11.232161201122
18,123,-28.187090694453
18,124,-4.520353647385
18,125,-30.264075225314
18,126,-37.620184755033
18,127,-26.958238000443
18,128,-23.837999628166
18,129,-32.642448090148
18,130,-28.439627061816
18,131,-15.382185325499
18,132,18.743540954325
18,133,-29.313334757739
18,134,6.356626139845
18,135,-23.593560407127
18,136,-42.417519796370
18,137,7.191380447963
18,138,-36.547661906094
18,139,-16.352226020455
18,140,17.111500447194
18,141,-12.590436293001
18,142,40.306826492168
18,143,-20.196571250985
18,144,2.974270634812
18,145,-6.327012625785
18,146,33.480482722829
18,147,-16.322189311126
18,148,-46.965994545084
18,149,-30.425647958611
18,150,-50.615183766640
18,151,4.018665454380
18,152,-26.907582575062
18,153,-36.162079279435
18,154,35.843622324843
18,155,21.459789780492
18,156,-5.458082384117
18,157,-1.316802340356
18,158,-18.539142152003
18,159,-31.725652156798
18,160,37.038404368941
18,161,27.459955950762
18,162,29.870339239700
18,163,14.819295507979
18,164,13.563364845009
18,165,-36.333388928288
18,166,18.174902875893
18,167,21.101585845776
18,168,-9.402333576290
18,169,41.327125289514
18,170,-27.212885827037
18,171,-12.661514571948
18,172,-35.832342369038
18,173,17.092674254083
18,174,-13.742420243347
18,175,26.740668988437
18,176,26.283059380345
18,177,-15.028904486666
18,178,-30.706314715018
18,179,-9.726019306268
18,180,15.181837064280
18,181,-31.660019136623
18,182,-10.548622245697
18,183,-32.769007494266
18,184,-37.389452021169
18,185,25.964802962772
18,186,34.249484422726
18,187,36.220456337913
18,188,-26.105440528307
18,189,7.308131886923
18,190,15.698469567760
18,191,6.798152506679
18,192,-22.005974038337
18,193,4.146955084900
18,194,-23.941891588191
18,195,-40.159378338874
18,196,19.542912162091
18,197,19.141620536786
18,198,8.678903744047
18,199,26.082636688072
19,0,15.578556222034
19,1,41.395795401535
19,2,-6.877284793540
19,3,-22.644704042410
19,4,-13.139365910305
19,5,-3.860611618285
19,6,-12.135951675213
19,7,-17.247526588406
19,8,70.061837168425
19,9,-5.567004129960
19,10,17.392722458506
19,11,18.402558198228
19,12,-3.204186237068
19,13,-25.628492948003
19,14,22.765485157230
19,15,-10.744959081181
19,16,-10.951400051606
19,17,-1.623606724286
19,18,-11.604271745491
19,19,48.753147803669
19,20,-6.600871541807
19,21,-9.495054715699
19,22,-6.042814567438
19,23,46.288054539778
19,24,-7.408225278676
19,25,-20.914873600130
19,26,43.306108360397
19,27,29.762678250954
19,28,50.003969058649
19,29,-8.738546653418
19,30,35.258328850956
19,31,64.293683239353
19,32,-12.603515783310
19,33,29.296259291361
19,34,-3.541594155955
19,35,-25.305276703839
19,36,24.021951100658
19,37,-22.533963606416
19,38,-13.570359346792
19,39,-19.113232993797
19,40,-16.500197614041
19,41,-8.358402286089
19,42,33.790201756630
19,43,44.296611240461
19,44,-12.790878031279
19,45,29.235463640922
19,46,34.150307187592
19,47,-11.855933569612
19,48,23.769187624071
19,49,26.890059740457
19,50,-19.302625430479
19,51,39.086549706190
19,52,-14.560924810867
19,53,18.360818023102
19,54,42.028276410783
19,55,-6.623521456342
19,56,-13.050187938512
19,57,-3.929837467804
19,58,-9.573111957630
19,59,37.176986112325
19,60,29.235107897526
19,61,46.842310677450
19,62,8.205859463807
19,63,57.367846069712
19,64,32.116402571781
19,65,61.813412126168
19,66,-20.768029581741
19,67,-19.755411486469
19,68,3.251319995463
19,69,35.885209437169
19,70,57.035661993774
19,71,40.643442117209
19,72,36.097707599387
19,73,-1.543194980259
19,74,-5.345847346340
19,75,42.960971540495
19,76,-3.005182620043
19,77,43.159305875990
19,78,-14.785124793707
19,79,-18.136444449163
19,80,-14.929327738217
19,81,30.376571137538
19,82,39.223178742017
19,83,53.420776343242
19,84,56.795299986370
19,85,-0.835259671760
19,86,-3.241933222678
19,87,42.867710376660
19,88,5.885915519531
19,89,-13.847218830022
19,90,63.343131390728
19,91,-5.442304200369
19,92,-10.324528692276
19,93,-9.585598711761
19,94,22.458888871639
19,95,-8.545773469596
19,96,24.786334365999
19,97,10.732870497071
19,98,-10.611615879337
19,99,26.748004667446
19,100,50.552197793673
19,101,62.623031712246
19,102,32.403159722729
19,103,47.498569672913
19,104,54.968028321768
19,105,-19.267697652671
19,106,84.518530807392
19,107,-14.919129086746
19,108,24.501497779100
19,109,-15.923803060316
19,110,3.818481632559
19,111,-7.270393102001
19,112,-18.878645039767
19,113,-11.750439952841
19,114,-7.842135673804
19,115,50.883483744226
19,116,35.792065027243
19,117,44.411748209088
19,118,44.511981588039
19,119,-3.961547269646
19,120,-16.804847938707
19,121,40.858559743152
19,122,10.576575593353
19,123,-6.378579689030
19,124,17.288472530905
19,125,-8.455591878475
19,126,-15.811799366209
19,127,-5.149710630685
19,128,-2.029430706723
19,129,-10.833996415233
19,130,-6.631119419348
19,131,6.426496202177
19,132,40.552676958549
19,133,-7.504838750188
19,134,28.165597174331
19,135,-1.784988230516
19,136,-20.609198290556
19,137,29.000362599611
19,138,-14.739262235074
19,139,5.456442589049
19,140,38.920614715506
19,141,9.218282412956
19,142,62.116249689512
19,143,1.612046163144
19,144,24.783196623743
19,145,15.481789492362
19,146,55.289815001088
19,147,5.486479698382
19,148,-25.157733607681
19,149,-8.617166763383
19,150,-28.806971422091
19,151,25.827605352322
19,152,-5.099054530736
19,153,-14.353674473816
19,154,57.652986077243
19,155,43.268961960552
19,156,16.350731305982
19,157,20.492066501429
19,158,3.269497334149
19,159,-9.917188273270
19,160,58.847784034449
19,161,49.269208043741
19,162,51.679623435586
19,163,36.628379248301
19,164,35.372431858705
19,165,-14.524986403914
19,166,39.984031306842
19,167,42.910753255150
19,168,12.406427586582
19,169,63.136562076201
19,170,-5.404361848363
19,171,9.147203187436
19,172,-14.023933172481
19,173,38.901788271665
19,174,8.066283121378
19,175,48.549911501570
19,176,48.092295798800
19,177,6.779781745710
19,178,-8.897837257333
19,179,12.082737545970
19,180,36.990925632985
19,181,-9.851554379085
19,182,11.260123651671
19,183,-10.960557504688
19,184,-15.581063559810
19,185,47.774035142524
19,186,56.058826943132
19,187,58.029825109297
19,188,-4.296901802016
19,189,29.117115593457
19,190,37.507565017055
19,191,28.607129421362
19,192,-0.197380719968
19,193,25.955896691376
19,194,-2.133324050257
19,195,-18.351026762946
19,196,41.352058812554
19,197,40.950761842738
19,198,30.487905706395
19,199,47.891870437190
20,0,24.951293486360
20,1,50.768680423069
20,2,2.495323959105
20,3,-13.272185520320
20,4,-3.766792993432
20,5,5.512014397958
20,6,-2.763373016176
20,7,-7.874977180851
20,8,79.434886262352
20,9,3.805612121039
20,10,26.765470105362
20,11,27.775311624420
20,12,6.168443535724
20,13,-16.255991500540
20,14,32.138263552843
20,15,-1.372372461992
20,16,-1.578814613807
20,17,7.749032093801
20,18,-2.231690043845
20,19,58.126074934502
20,20,2.771738792668
20,21,-0.122460943734
20,22,3.329798960636
20,23,55.660967561736
20,24,1.964380435551
20,25,-11.542345179092
20,26,52.679004315403
20,27,39.135496692688
20,28,59.376903348551
20,29,0.634051447800
20,30,44.631178745702
20,31,73.666699317866
20,32,-3.230939799971
20,33,38.669075063677
20,34,5.831033685936
20,35,-15.932773406792
20,36,33.394736687194
20,37,-13.161444450612
20,38,-4.197788896330
20,39,-9.740694262837
20,40,-7.127643929845
20,41,1.014197990575
20,42,43.163043248867
20,43,53.669512864530
20,44,-3.418303120146
20,45,38.608279065294
20,46,43.523150740810
20,47,-2.483353308133
20,48,33.141971764009
20,49,36.262861741627
20,50,-9.930087783323
20,51,48.459421511070
20,52,-5.188360029017
20,53,27.733571210418
20,54,51.401165052252
20,55,2.749088748511
20,56,-3.677614511304
20,57,5.442788152272
20,58,-0.200518632359
20,59,46.549846988135
20,60,38.607923319862
20,61,56.215226871667
20,62,17.578554534426
20,63,66.740822507149
20,64,41.489234484427
20,65,71.186414008400
20,66,-11.395500320388
20,67,-10.382876430383
20,68,12.623986711842
20,69,45.258062919740
20,70,66.408636529915
20,71,50.016322832744
20,72,45.470562298149
20,73,7.829444298004
20,74,4.026770170283
20,75,52.333865520144
20,76,6.367448291603
20,77,52.532200990783
20,78,-5.412561294863
20,79,-8.763900128484
20,80,-5.556765064590
20,81,39.749393092708
20,82,48.596051328874
20,83,62.793730189318
20,84,66.168273146781
20,85,8.537383657866
20,86,6.130696334105
20,87,52.240603822538
20,88,15.258597313346
20,89,-4.474649963922
20,90,72.716142028577
20,91,3.930312764256
20,92,-0.951939667109
20,93,-0.213005457947
20,94,31.831665512567
20,95,0.826825734795
20,96,34.159124327205
20,97,20.105580029609
20,98,-1.239028497075
20,99,36.120805855608
20,100,59.925135221369
20,101,71.996038228477
20,102,41.775993276555
20,103,56.871489623205
20,104,64.340991023637
20,105,-9.895159805637
20,106,93.891662649723
20,107,-5.546566354751
20,108,33.874286110142
20,109,-6.551246077659
20,110,13.191151594714
20,111,2.102213400998
20,112,-9.506104966364
20,113,-2.377859087668
20,114,1.530467557284
20,115,60.256423068044
20,116,45.164917976719
20,117,53.784650492133
20,118,53.884884444764
20,119,5.411078168960
20,120,-7.432295997896
20,121,50.231441689888
20,122,19.949284231421
20,123,2.994031917558
20,124,26.661219581139
20,125,0.917007841992
20,126,-6.439241742606
20,127,4.222908008378
20,128,7.343205788922
20,129,-1.461410305572
20,130,2.741490742024
20,131,15.799181089671
20,132,49.925557154602
20,133,1.867766411153
20,134,37.538406475644
20,135,7.587649664019
20,136,-11.236668120291
20,137,38.373176678448
20,138,-5.366698473779
20,139,14.829121925039
20,140,48.293485570684
20,141,18.590983277594
20,142,71.489253305088
20,143,10.984703498223
20,144,34.155986566991
20,145,24.854526202893
20,146,64.662779544720
20,147,14.859159206273
20,148,-15.785229466324
20,149,0.755432032449
20,150,-19.434488163221
20,151,35.200401272887
20,152,4.273564398216
20,153,-4.981108505955
20,154,67.025964146706
20,155,52.641857702962
20,156,25.723472989484
20,157,29.864831886029
20,158,12.642164154553
20,159,-0.544596917032
20,160,68.220768942483
20,161,58.642138128242
20,162,61.052567316110
20,163,46.001236984266
20,164,44.745282406497
20,165,-5.152421416402
20,166,49.356908248330
20,167,52.283646947384
20,168,21.779146696819
20,169,72.509571531707
20,170,3.968255333399
20,171,18.519903645298
20,172,-4.651365317644
20,173,48.274659019095
20,174,17.438977393220
20,175,57.922837469188
20,176,57.465219147263
20,177,16.152468655018
20,178,0.474759932309
20,179,21.455454803741
20,180,46.363785443915
20,181,-0.478962647248
20,182,20.632836201650
20,183,-1.587972119290
20,184,-6.208504615795
20,185,57.146956669436
20,186,65.431795888268
20,187,67.402805335645
20,188,5.075721717440
20,189,38.489930340496
20,190,46.880427784876
20,191,37.979941249643
20,192,9.175266260107
20,193,35.328693346171
20,194,7.239311850826
20,195,-8.978483670224
20,196,50.724943583773
20,197,50.323644317177
20,198,39.860728298765
20,199,57.264792638525
21,0,31.922037655218
21,1,57.739534479450
21,2,9.465972553400
21,3,-6.301604030778
21,4,3.203828949685
21,5,12.482675831248
21,6,4.207253197412
21,7,-0.904372721685
21,8,86.405862339911
21,9,10.776266291898
21,10,33.736221995743
21,11,34.746067812921
21,12,13.139107762785
21,13,-9.285422709458
21,14,39.109038311180
21,15,5.598259671584
21,16,5.391816641168
21,17,14.719703047871
21,18,4.738938432543
21,19,65.096960307710
21,20,9.742388563376
21,21,6.848176509382
21,22,10.300451106436
21,23,62.631842442126
21,24,8.935026770174
21,25,-4.571756327670
21,26,59.649866503045
21,27,46.106301233449
21,28,66.347794045978
21,29,7.604692120593
21,30,51.602006678171
21,31,80.637650841752
21,32,3.739684423686
21,33,45.639877619185
21,34,12.801696476978
21,35,-8.962203240160
21,36,40.365516793434
21,37,-6.190862489784
21,38,2.772831212511
21,39,-2.770097743887
21,40,-0.157036290133
21,41,7.984840281249
21,42,50.133864932366
21,43,60.640379268269
21,44,3.552320306109
21,45,45.579081362033
21,46,50.493973957069
21,47,4.487274097191
21,48,40.112750794411
21,49,43.233654055482
21,50,-2.959492070404
21,51,55.430265738185
21,52,1.782255864055
21,53,34.704327221254
21,54,58.372021800787
21,55,9.719738422828
21,56,3.293007811350
21,57,12.413449290936
21,58,6.770118488552
21,59,53.520683087263
21,60,45.578725615087
21,61,63.186104111279
21,62,24.549267323688
21,63,73.711744549830
21,64,48.460049043555
21,65,78.157354974464
21,66,-4.424910844020
21,67,-3.412282644465
21,68,19.594678413960
21,69,52.228893520492
21,70,73.379557158609
21,71,56.987173686735
21,72,52.441393803383
21,73,14.800115594306
21,74,10.997425282381
21,75,59.304726238704
21,76,13.338113365622
21,77,59.503062553558
21,78,1.558053644032
21,79,-1.793299452453
21,80,1.413849260593
21,81,46.720200246433
21,82,55.566896137549
21,83,69.764635430744
21,84,73.139192752329
21,85,15.508057967178
21,86,13.101360400506
21,87,59.211464144137
21,88,22.229300228602
21,89,2.495968966628
21,90,79.687089506224
21,91,10.900967465837
21,92,6.018694255799
21,93,6.757631609820
21,94,38.802438965933
21,95,7.797467228025
21,96,41.129907686911
21,97,27.076303574242
21,98,5.731604204004
21,99,43.091597564839
21,100,66.896028252377
21,101,78.966982640857
21,102,48.746809056240
21,103,63.842369656217
21,104,71.311902851136
21,105,-2.924563944071
21,106,100.862700267549
21,107,1.424048013832
21,108,40.845068257491
21,109,0.419364015135
21,110,20.161845710732
21,111,9.072860322231
21,112,-2.535507449044
21,113,4.592768766634
21,114,8.501112045189
21,115,67.227317509205
21,116,52.135748181005
21,117,60.755517385951
21,118,60.855751765230
21,119,12.381739172662
21,120,-0.461689654745
21,121,57.202293459530
21,122,26.920007110835
21,123,9.964682634345
21,124,33.631971027804
21,125,7.887649719036
21,126,0.531368826865
21,127,11.193563955239
21,128,14.313875015789
21,129,5.509221449065
21,130,9.712140383999
21,131,22.769886305708
21,132,56.896407622255
21,133,8.838412334590
21,134,44.509204218637
21,135,14.558319931239
21,136,-4.266077967965
21,137,45.343977974509
21,138,1.603916660308
21,139,21.799823012407
21,140,55.264329091500
21,141,25.561700375889
21,142,78.460195560241
21,143,17.955388223447
21,144,41.126769913339
21,145,31.825269959889
21,146,71.633692741954
21,147,21.829860421480
21,148,-8.814658671778
21,149,7.726073221835
21,150,-12.463932899052
21,151,42.171189064582
21,152,11.244220560671
21,153,1.989508269158
21,154,73.996887403140
21,155,59.612719732482
21,156,32.694220444901
21,157,36.835596968034
21,158,19.612855934036
21,159,6.426038739504
21,160,75.191697284776
21,161,65.613025698098
21,162,68.023465146121
21,163,52.972070748270
21,164,51.716110824636
21,165,1.818194629624
21,166,56.327756295555
21,167,59.254507452184
21,168,28.749877364426
21,169,79.480518130047
21,170,10.938910196463
21,171,25.490620441065
21,172,2.319252860820
21,173,55.245502459773
21,174,24.409689588421
21,175,64.893721977307
21,176,64.436101707506
21,177,23.123175374691
21,178,7.445399927172
21,179,28.426184093660
21,180,53.334620751084
21,181,6.491673288619
21,182,27.603561990371
21,183,5.382659096707
21,184,0.762106935661
21,185,64.117837874983
21,186,72.402712358911
21,187,74.373730196152
21,188,12.046381293869
21,189,45.460732133499
21,190,53.851265291101
21,191,44.950740871966
21,192,16.145943284275
21,193,42.299481683913
21,194,14.209980635518
21,195,-2.007883907427
21,196,57.695797453984
21,197,57.294496479277
21,198,46.831535926372
21,199,64.235674345648
22,0,34.460589443835
22,1,60.278126285368
22,2,12.004489537023
22,3,-3.763111484426
22,4,5.742336227857
22,5,15.021197490394
22,6,6.745762030740
22,7,1.634128189420
22,8,88.944498581783
22,9,13.314785306313
22,10,36.274776596278
22,11,37.284623978681
22,12,15.677630439321
22,13,-6.746934787443
22,14,41.647601239449
22,15,8.136770660771
22,16,7.930327310394
22,17,17.258228174156
22,18,7.277448089902
22,19,67.635563518146
22,20,12.280905975407
22,21,9.386689435771
22,22,12.838969383396
22,23,65.170441831433
22,24,11.473542930893
22,25,-2.033261100369
22,26,62.188461270089
22,27,48.644875007463
22,28,68.886399195311
22,29,10.143206219473
22,30,54.140588970651
22,31,83.176278142011
22,32,6.278192532358
22,33,48.178450670239
22,34,15.340218630568
22,35,-6.423714817225
22,36,42.904081669229
22,37,-3.652369771800
22,38,5.311337822706
22,39,-0.231599724335
22,40,2.381465779232
22,41,10.523354969315
22,42,52.672444949181
22,43,63.178975570670
22,44,6.090828124390
22,45,48.117654318849
22,46,53.032554532067
22,47,7.025783364516
22,48,42.651315278417
22,49,45.772223376880
22,50,-0.420994344378
22,51,57.968853964616
22,52,4.320760939008
22,53,37.242883322324
22,54,60.910614587090
22,55,12.258255799752
22,56,5.831515227736
22,57,14.951970842791
22,58,9.308631293956
22,59,56.059268353754
22,60,48.117298571349
22,61,65.724704359738
22,62,27.087807684926
22,63,76.250361114042
22,64,50.998626465916
22,65,80.695978429925
22,66,-1.886415389134
22,67,-0.873785620184
22,68,22.133211095985
22,69,54.767476784662
22,70,75.918173207894
22,71,59.525764326449
22,72,54.979977396935
22,73,17.338640845228
22,74,13.535944639567
22,75,61.843320470762
22,76,15.876636350600
22,77,62.041657093047
22,78,4.096558371508
22,79,0.745200080972
22,80,3.952353764573
22,81,49.258774971997
22,82,58.105484575761
22,83,72.303245876508
22,84,75.677808429020
22,85,18.046584315336
22,86,15.639883018543
22,87,61.750058231628
22,88,24.767836994070
22,89,5.034475147724
22,90,82.225715332977
22,91,13.439486673524
22,92,8.557205896599
22,93,9.296144395870
22,94,41.341001418979
22,95,10.335981625685
22,96,43.668473747501
22,97,29.614847852230
22,98,8.270115399857
22,99,45.630166666044
22,100,69.434634251527
22,101,81.505607351348
22,102,51.285386923082
22,103,66.380970921935
22,104,73.850515695325
22,105,-0.386066163912
22,106,103.401358920288
22,107,3.962552533616
22,108,43.383633876583
22,109,2.957866977820
22,110,22.700379271817
22,111,11.611376696579
22,112,0.002990934081
22,113,7.131278197456
22,114,11.039627533399
22,115,69.765924021878
22,116,54.674331300805
22,117,63.294113866825
22,118,63.394348401474
22,119,14.920260675375
22,120,2.076811942454
22,121,59.740884432693
22,122,29.458551146570
22,123,12.503200390907
22,124,36.170525466754
22,125,10.426164256467
22,126,3.069871963140
22,127,13.732083616414
22,128,16.852399513089
22,129,8.047732300256
22,130,12.250657749151
22,131,25.308423909046
22,132,59.434998121273
22,133,11.376928345569
22,134,47.047775517138
22,135,17.096844807405
22,136,-1.727582266918
22,137,47.882550566916
22,138,4.142421458855
22,139,24.338359112218
22,140,57.802917060726
22,141,28.100242306333
22,142,80.998819485147
22,143,20.493918364722
22,144,43.665335969068
22,145,34.363821598519
22,146,74.172306084954
22,147,24.368396567850
22,148,-6.276170020181
22,149,10.264587508842
22,150,-9.925449903079
22,151,44.709756739154
22,152,13.782740300354
22,153,4.528013665324
22,154,76.535504409352
22,155,62.151314441951
22,156,35.232773430369
22,157,39.374156372513
22,158,22.151388644234
22,159,8.964551011632
22,160,77.730316143090
22,161,68.151629708482
22,162,70.562072892899
22,163,55.510655164398
22,164,54.254693293980
22,165,4.356699760276
22,166,58.866345913135
22,167,61.793101606396
22,168,31.288424236358
22,169,82.019143636586
22,170,13.477429462953
22,171,28.029162261344
22,172,4.857758768034
22,173,57.784090399815
22,174,26.948229733331
22,175,67.432324872709
22,176,66.974703893560
22,177,25.661713525595
22,178,9.983913779171
22,179,30.964730463878
22,180,55.873205729178
22,181,9.030185662479
22,182,30.142107085572
22,183,7.921169751746
22,184,3.300610429542
22,185,66.656439567698
22,186,74.941326893975
22,187,76.912347786514
22,188,14.584902276809
22,189,47.999304906873
22,190,56.389851070009
22,191,47.489312854850
22,192,18.684470621083
22,193,44.838049557344
22,194,16.748504971787
22,195,0.530615293428
22,196,60.234389192105
22,197,59.833087595362
22,198,49.370110824508
22,199,66.774276221026
23,0,-47.166155305291
23,1,-21.349905400137
23,2,-69.621135900517
23,3,-85.387951031509
23,4,-75.882977087145
23,5,-66.604578309678
23,6,-74.879601297376
23,7,-79.990980364048
23,8,7.315037857850
23,9,-68.310905440492
23,10,-45.352058582663
23,11,-44.342261537189
23,12,-65.948178079649
23,13,-88.371625617889
23,14,-39.979501755181
23,15,-73.488661998716
23,16,-73.695095059418
23,17,-64.367659127507
23,18,-74.347941738757
23,19,-13.992834931130
23,20,-69.344733239581
23,21,-72.238805523004
23,22,-68.786697647221
23,23,-16.457833732289
23,24,-70.152056042658
23,25,-83.658186865359
23,26,-19.439665643818
23,27,-32.982576780989
23,28,-12.742061608020
23,29,-71.482326446210
23,30,-27.487136767391
23,31,1.547104975893
23,32,-75.347147490975
23,33,-33.448977868124
23,34,-66.285573070621
23,35,-88.048421757208
23,36,-38.723083956866
23,37,-85.277214838374
23,38,-76.313954010358
23,39,-81.856615286772
23,40,-79.243680022933
23,41,-71.102196644075
23,42,-28.955207604660
23,43,-18.449200719624
23,44,-75.534502560258
23,45,-33.509771188968
23,46,-28.595115972530
23,47,-74.599593920553
23,48,-38.975837748083
23,49,-35.855085217489
23,50,-82.046000467089
23,51,-23.659062606428
23,52,-77.304481521525
23,53,-44.384000112943
23,54,-20.717448627307
23,55,-69.367382286284
23,56,-75.793802532156
23,57,-66.673801506789
23,58,-72.316859774182
23,59,-25.568553027217
23,60,-33.510126918736
23,61,-15.903598833742
23,62,-54.538569565295
23,63,-5.378466786038
23,64,-30.628942651558
23,65,-0.933071089334
23,66,-83.511348473119
23,67,-82.498769175094
23,68,-59.492919194352
23,69,-26.860280202629
23,70,-5.710638132332
23,71,-22.102229854638
23,72,-26.647790183146
23,73,-64.287250464506
23,74,-68.089757130532
23,75,-19.784789238169
23,76,-65.749182087529
23,77,-19.586462502797
23,78,-77.528672914297
23,79,-80.879864166767
23,80,-77.672870333772
23,81,-32.368707417867
23,82,-23.522438806132
23,83,-9.325385257318
23,84,-5.950990928817
23,85,-63.579342280966
23,86,-65.985923618966
23,87,-19.878046828264
23,88,-56.858424617771
23,89,-76.590802885883
23,90,0.596589553999
23,91,-68.186210288804
23,92,-73.068247718475
23,93,-72.329346049890
23,94,-40.286086292675
23,95,-71.289560648474
23,96,-37.958729981154
23,97,-52.011655358459
23,98,-73.355323905875
23,99,-35.997134847203
23,100,-12.193853881341
23,101,-0.123482529110
23,102,-30.342196488782
23,103,-15.247364986193
23,104,-7.778192570673
23,105,-82.011074027505
23,106,21.771177473929
23,107,-77.662672073056
23,108,-38.243555653688
23,109,-78.667307553289
23,110,-58.925779288635
23,111,-70.014229147018
23,112,-81.622036320732
23,113,-74.494104345737
23,114,-70.585949812514
23,115,-11.862580625806
23,116,-26.953421043348
23,117,-18.334068163029
23,118,-18.233838625005
23,119,-66.705510093663
23,120,-79.548318675188
23,121,-21.887120471889
23,122,-52.167944273475
23,123,-69.122449903931
23,124,-45.456304515683
23,125,-71.199382512656
23,126,-78.555308150520
23,127,-67.893627929901
23,128,-64.773467560590
23,129,-73.577695921325
23,130,-69.374979958171
23,131,-56.317864648161
23,132,-22.192991535223
23,133,-70.248665812418
23,134,-34.579596660005
23,135,-64.529034450323
23,136,-83.352523267364
23,137,-33.744863221582
23,138,-77.482812112859
23,139,-57.287881092474
23,140,-23.824991238587
23,141,-53.526185408664
23,142,-0.630245131179
23,143,-61.132130216378
23,144,-37.961867603182
23,145,-47.262918327135
23,146,-7.456418222500
23,147,-57.257845134045
23,148,-87.900884313924
23,149,-71.360951206836
23,150,-91.549982314456
23,151,-36.917498894320
23,152,-67.842973770850
23,153,-77.097239125134
23,154,-5.093337705381
23,155,-19.476810620217
23,156,-46.394009808922
23,157,-42.252833298764
23,158,-59.474742552149
23,159,-72.660922906616
23,160,-3.898585534203
23,161,-13.476794466631
23,162,-11.066471442922
23,163,-26.117138869085
23,164,-27.373038131955
23,165,-77.268544491533
23,166,-22.761615396725
23,167,-19.835005599161
23,168,-50.338162394270
23,169,0.390028155540
23,170,-68.148269390564
23,171,-53.597261910669
23,172,-76.767510457641
23,173,-23.843816961016
23,174,-54.678140559648
23,175,-14.196063445161
23,176,-14.653661611999
23,177,-55.964592641234
23,178,-71.641610946928
23,179,-50.661840032102
23,180,-25.754606376868
23,181,-72.595291527177
23,182,-51.484422406480
23,183,-73.704252161631
23,184,-78.324581184585
23,185,-14.971910072461
23,186,-6.687435749693
23,187,-4.716513114217
23,188,-67.040851776823
23,189,-33.628114701525
23,190,-25.237986790002
23,191,-34.138081331766
23,192,-62.941487769916
23,193,-36.789212471151
23,194,-64.877356923404
23,195,-81.094438259046
23,196,-21.393640313145
23,197,-21.794921905443
23,198,-32.257377115180
23,199,-14.854079293269
24,0,39.550198399964
24,1,65.367815472084
24,2,17.094028712672
24,3,1.326378696984
24,4,10.831855945056
24,5,20.110746039987
24,6,11.835284865876
24,7,6.723635141316
24,8,94.034276858074
24,9,18.404328553486
24,10,41.364391190007
24,11,42.374241710531
24,12,20.767181028685
24,13,-1.657453877378
24,14,46.737232529427
24,15,13.226297818183
24,16,13.019853826328
24,17,22.347783675017
24,18,12.366972577147
24,19,72.725275569777
24,20,17.370446009969
24,21,14.476220477067
24,22,17.928511152051
24,23,70.260146222092
24,24,16.563080456712
24,25,3.056234456068
24,26,67.278156393571
24,27,53.734528042056
24,28,73.976115134232
24,29,15.232739611507
24,30,59.230259083895
24,31,88.266038491282
24,32,11.367713914617
24,33,53.268102255366
24,34,20.429768171474
24,35,-1.334232902846
24,36,47.993716863799
24,37,1.437120753711
24,38,10.400856200671
24,39,4.857901430281
24,40,7.470975053293
24,41,15.612889542586
24,42,57.762110499956
24,43,68.268673772385
24,44,11.180348924456
24,45,53.207305715048
24,46,58.122221201927
24,47,12.115307069755
24,48,47.740949687497
24,49,50.861867484418
24,50,4.668506221744
24,51,63.058535974829
24,52,9.410276238981
24,53,42.332500924458
24,54,66.000305739399
24,55,17.347795763933
24,56,10.921035222040
24,57,20.041519177270
24,58,14.398162092701
24,59,61.148944429602
24,60,53.206949966443
24,61,70.814410472893
24,62,32.177393730322
24,63,81.340099938629
24,64,56.088286815073
24,65,85.785731070762
24,66,3.203080623585
24,67,4.215713539008
24,68,27.222781745317
24,69,59.857148846058
24,70,81.007911000095
24,71,64.615451175057
24,72,60.069650118712
24,73,22.428196595960
24,74,18.625488573962
24,75,66.933014521645
24,76,20.966187558348
24,77,67.131351760305
24,78,9.186072974815
24,79,5.834704270746
24,80,9.041867919805
24,81,54.348429914360
24,82,63.195167010585
24,83,77.392972434223
24,84,80.767545474213
24,85,23.136142265917
24,86,20.729433490618
24,87,66.839751992680
24,88,29.857415830294
24,89,10.123992665402
24,90,87.315472728020
24,91,18.529030308186
24,92,13.646734360431
24,93,14.385675155812
24,94,46.430631756179
24,95,15.425515616735
24,96,48.758111317475
24,97,34.704441750284
24,98,13.359642971613
24,99,50.719810332135
24,100,74.524351894230
24,101,86.595362508393
24,102,56.375048163383
24,103,71.470679074599
24,104,78.940247061641
24,105,4.703434510739
24,106,108.491182128084
24,107,9.052066720542
24,108,48.473270561393
24,109,8.047378042909
24,110,27.789951683582
24,111,16.700914650697
24,112,5.092492817632
24,113,12.220802230506
24,114,16.129163710903
24,115,74.855642694158
24,116,59.764003072734
24,117,68.383812426364
24,118,68.484047272512
24,119,20.009808911316
24,120,7.166320269876
24,121,64.830571949824
24,122,34.548144558939
24,123,17.592741116212
24,124,41.260139736522
24,125,15.515698527743
24,126,8.159383376260
24,127,18.821628160280
24,128,21.941953752888
24,129,13.137259181000
24,130,17.340197689722
24,131,30.398004425108
24,132,64.524684687807
24,133,16.466465571175
24,134,52.137423588581
24,135,22.186399806786
24,136,3.361914239336
24,137,52.972201232500
24,138,9.231936204676
24,139,29.427936613873
24,140,62.892598555263
24,141,33.189831497817
24,142,86.088573067165
24,143,25.583483920112
24,144,48.754973529285
24,145,39.453430253940
24,146,79.262038451328
24,147,29.457974162840
24,148,-1.186687647350
24,149,15.354121278040
24,150,-4.835978869225
24,151,49.799397544994
24,152,18.872285001627
24,153,9.617529609284
24,154,81.625244120114
24,155,67.241009449986
24,156,40.322384786065
24,157,44.463780597653
24,158,27.240959350056
24,159,14.054080741211
24,160,82.820059567115
24,161,73.241343363916
24,162,75.651794039433
24,163,60.600329535344
24,164,59.344363761826
24,165,9.446215171920
24,166,63.956030712478
24,167,66.882795501217
24,168,36.378023335004
24,169,87.108900389634
24,170,18.566973215522
24,171,33.118751231945
24,172,9.947275736602
24,173,62.873771835846
24,174,32.037815344986
24,175,72.522036292714
24,176,72.064413891392
24,177,30.751295139482
24,178,15.073446676230
24,179,36.054328556660
24,180,60.962881226806
24,181,14.119715596004
24,182,35.231702622070
24,183,13.010696239216
24,184,8.390122559627
24,185,71.746148576451
24,186,80.031061650319
24,187,82.002088668436
24,188,19.674449470680
24,189,53.088955935295
24,190,61.479528173200
24,191,52.578962298408
24,192,23.774030553817
24,193,49.927690761862
24,194,21.838058888752
24,195,5.620118816434
24,196,65.324078242906
24,197,64.922775399034
24,198,54.459766112857
24,199,71.863985595977
25,0,13.377579679734
25,1,39.194784161045
25,2,-9.078231157117
25,3,-24.845629216921
25,4,-15.340303858480
25,5,-6.061562035917
25,6,-14.336890971834
25,7,-19.448459015832
25,8,67.860787398400
25,9,-7.767952254399
25,10,15.191743478055
25,11,16.201577860593
25,12,-5.405137536865
25,13,-27.829414112843
25,14,20.564498955966
25,15,-12.945900247105
25,16,-13.152340940098
25,17,-3.824560148205
25,18,-13.805211756611
25,19,46.552126674542
25,20,-8.801818276857
25,21,-11.695997561328
25,22,-8.243762052443
25,23,44.087036723875
25,24,-9.609170928736
25,25,-23.115801099237
25,26,41.105094552375
25,27,27.561682645566
25,28,47.802946248339
25,29,-10.939490515695
25,30,33.057325859372
25,31,62.092641222429
25,32,-14.804454451594
25,33,27.095264312833
25,34,-5.742545002315
25,35,-27.506198303017
25,36,21.820963210739
25,37,-24.734888929743
25,38,-15.771296715771
25,39,-21.314162914015
25,40,-18.701131045760
25,41,-10.559346659233
25,42,31.589200738235
25,43,42.095596101157
25,44,-14.991816447779
25,45,27.034468744110
25,46,31.949305685208
25,47,-14.056873242538
25,48,21.568200073860
25,49,24.689067995845
25,50,-21.503555096184
25,51,36.885541569398
25,52,-16.761860848674
25,53,16.159837741565
25,54,39.827264320214
25,55,-8.824468160950
25,56,-15.251126006529
25,57,-6.130787792405
25,58,-11.774054698362
25,59,34.975980542033
25,60,27.034113001188
25,61,44.641292116597
25,62,6.004892829958
25,63,55.166813361800
25,64,29.915403802988
25,65,59.612373442993
25,66,-22.968957278186
25,67,-21.956340543700
25,68,1.050360020112
25,69,33.684205603051
25,70,54.834629732344
25,71,38.442431887903
25,72,33.896703479666
25,73,-3.744148512247
25,74,-7.546795767987
25,75,40.759958196351
25,76,-5.206134187276
25,77,40.958292265270
25,78,-16.986060530224
25,79,-20.337375682022
25,80,-17.130263280946
25,81,28.175574707078
25,82,37.022170421595
25,83,51.219748940508
25,84,54.594268048008
25,85,-3.036214155138
25,86,-5.442884471740
25,87,40.666697157860
25,88,3.684952003510
25,89,-16.048155826953
25,90,61.142090651447
25,91,-7.643252492388
25,92,-12.525470423199
25,93,-11.786541435707
25,94,20.257903082434
25,95,-10.746717590941
25,96,22.585345448759
25,97,8.531900467096
25,98,-12.812557224461
25,99,24.547013113755
25,100,48.351174246513
25,101,60.421991940857
25,102,30.202160568530
25,103,45.297550230018
25,104,52.766998839412
25,105,-21.468627365313
25,106,82.317461605358
25,107,-17.120064643183
25,108,22.300509244677
25,109,-18.124737266618
25,110,1.617520894994
25,111,-9.471338937292
25,112,-21.079575275231
25,113,-13.951379767539
25,114,-10.043080740747
25,115,48.682459751799
25,116,33.591061318315
25,117,42.210732915031
25,118,42.310966159268
25,119,-6.162497551632
25,120,-19.005780961030
25,121,38.657549224728
25,122,8.375605773428
25,123,-8.579526722810
25,124,15.087493690560
25,125,-10.656536121009
25,126,-18.012733723030
25,127,-7.350659315918
25,128,-4.230383585258
25,129,-13.034937461503
25,130,-8.832066113748
25,131,4.225531959659
25,132,38.351666851231
25,133,-9.705784270409
25,134,25.964603715416
25,135,-3.985941437561
25,136,-22.810126200442
25,137,26.799368018765
25,138,-16.940198033226
25,139,3.255479650208
25,140,36.719606801737
25,141,7.017314418488
25,142,59.915210599291
25,143,-0.588911609171
25,144,22.582207710722
25,145,13.280813080113
25,146,53.088785086220
25,147,3.285516719174
25,148,-27.358655405129
25,149,-10.818110788779
25,150,-31.007888315653
25,151,23.626615035639
25,152,-7.300003284043
25,153,-16.554610790132
25,154,55.451952986077
25,155,41.067948202457
25,156,14.149753725920
25,157,18.291083355572
25,158,1.068537334373
25,159,-12.118130551607
25,160,56.646749337371
25,161,47.068186221004
25,162,49.478598373091
25,163,34.427374415354
25,164,33.171428713766
25,165,-16.725922490012
25,166,37.783021963813
25,167,40.709739978498
25,168,10.205455307449
25,169,60.935521614570
25,170,-7.605310191371
25,171,6.946235288495
25,172,-16.224869931932
25,173,36.700780383195
25,174,5.865316675117
25,175,46.348890645611
25,176,45.891275557900
25,177,4.578817028407
25,178,-11.098780905544
25,179,9.881765701859
25,180,34.789920312767
25,181,-12.052496745622
25,182,9.059152913098
25,183,-13.161498380876
25,184,-17.781998226703
25,185,45.573015329384
25,186,53.857795994649
25,187,55.828791511623
25,188,-6.497851633329
25,189,26.916120855698
25,190,35.306559002463
25,191,26.406135369027
25,192,-2.398336060593
25,193,23.754906202266
25,194,-4.334276789174
25,195,-20.551957707437
25,196,39.151047630847
25,197,38.749751200390
25,198,28.286909126306
25,199,45.690850465675
26,0,29.288706117513
26,1,55.106161429969
26,2,6.832677120525
26,3,-8.934874113751
26,4,0.570543584719
26,5,9.849375548234
26,6,1.573966219206
26,7,-3.537651481805
26,8,83.772443194975
26,9,8.142968752385
26,10,31.102887541114
26,11,32.112731734604
26,12,10.505806424379
26,13,-11.918687995385
26,14,36.475695217814
26,15,2.964970457011
26,16,2.758527758502
26,17,12.086399168234
26,18,2.105650599529
26,19,62.463575427799
26,20,7.109092686092
26,21,4.214885285270
26,22,7.667154331924
26,23,59.998461526047
26,24,6.301732190928
26,25,-7.205029191711
26,26,57.016490381851
26,27,43.472946889291
26,28,63.714407154752
26,29,4.971399680195
26,30,48.968643497421
26,31,78.004240972361
26,32,1.106398197218
26,33,43.006524024990
26,34,10.168395681052
26,35,-11.595469045722
26,36,37.732171679811
26,37,-8.824132750793
26,38,0.139546540478
26,39,-5.403373504465
26,40,-2.790316251754
26,41,5.351547229671
26,42,47.500504112264
26,43,58.007001554375
26,44,0.919034380866
26,45,42.945727865590
26,46,47.860612557946
26,47,1.853986668793
26,48,37.479406087201
26,49,40.600304330233
26,50,-5.592767526490
26,51,52.796896401866
26,52,-0.851027215402
26,53,32.070991210057
26,54,55.738647734303
26,55,7.086442581960
26,56,0.659722303011
26,57,9.780149119229
26,58,4.136827389935
26,59,50.887316821427
26,60,42.945372119211
26,61,60.552722303961
26,62,21.915947640133
26,63,71.078345817434
26,64,45.826690914801
26,65,75.523949093455
26,66,-7.058183944151
26,67,-6.045557372592
26,68,16.961366696414
26,69,49.595529331753
26,70,70.746158960370
26,71,54.353801847014
26,72,49.808029272965
26,73,12.166811585383
26,74,8.364127387307
26,75,56.671350672485
26,76,10.704811707270
26,77,56.869686668419
26,78,-1.075229074973
26,79,-4.426576783429
26,80,-1.219433226572
26,81,44.086844915189
26,82,52.933526581539
26,83,67.131243045296
26,84,70.505794940604
26,85,12.874752820047
26,86,10.468059122795
26,87,56.578088727874
26,88,19.595984275111
26,89,-0.137315260290
26,90,77.053681165358
26,91,8.267669725836
26,92,3.385404365275
26,93,4.124340531278
26,94,36.169096365542
26,95,5.164174477693
26,96,38.496561344233
26,97,24.442979827676
26,98,3.098314775045
26,99,40.458248067996
26,100,64.262640479603
26,101,76.333575457946
26,102,46.113450466401
26,103,61.208986793652
26,104,68.678507977689
26,105,-5.557839456313
26,106,98.229257874787
26,107,-1.209234489732
26,108,38.211722372806
26,109,-2.213916873181
26,110,17.528533081299
26,111,6.439565521388
26,112,-5.168783586771
26,113,1.959481168626
26,114,5.867818163570
26,115,64.593929203722
26,116,49.502384142041
26,117,58.122139486921
26,118,58.222373705030
26,119,9.748439051938
26,120,-3.094969126571
26,121,54.568921273902
26,122,24.286683615566
26,123,7.331386399666
26,124,30.998636740791
26,125,5.254356823716
26,126,-2.101912241524
26,127,8.560265744811
26,128,11.680571788631
26,129,2.875932377639
26,130,7.078844555348
26,131,20.136569483067
26,132,54.263035928474
26,133,6.205117910671
26,134,41.875852442448
26,135,11.925016311070
26,136,-6.899351323445
26,137,42.710624856089
26,138,-1.029366132439
26,139,19.166507749433
26,140,52.630960022005
26,141,22.928379064528
26,142,75.826789192259
26,143,15.322079141537
26,144,38.493423575710
26,145,29.191938577773
26,146,69.000297351071
26,147,19.196545110215
26,148,-11.447924714550
26,149,5.092780586281
26,150,-15.097193074973
26,151,39.537841047655
26,152,8.610922268803
26,153,-0.643775143508
26,154,71.363488212228
26,155,56.979343671024
26,156,30.060887665648
26,157,34.202257530058
26,158,16.979544187263
26,159,3.792748194071
26,160,72.558296172596
26,161,62.979639988371
26,162,65.390075560455
26,163,50.338705364564
26,164,49.082747460416
26,165,-0.815088507617
26,166,53.694385516130
26,167,56.621131966713
26,168,26.116550927043
26,169,76.847110121358
26,170,8.305612395459
26,171,22.857299243988
26,172,-0.314031081987
26,173,52.612133420545
26,174,21.776370129286
26,175,62.260337424195
26,176,61.802717890234
26,177,20.489857984023
26,178,4.812107742873
26,179,25.792858176719
26,180,50.701254784421
26,181,3.858382637671
26,182,24.970237396061
26,183,2.749370228761
26,184,-1.871174503685
26,185,61.484454569472
26,186,69.769315731442
26,187,71.740330399276
26,188,9.413081712322
26,189,42.827378827351
26,190,51.217898493713
26,191,42.317388385825
26,192,13.512637111555
26,193,39.666133460705
26,194,11.576677575395
26,195,-4.641160893414
26,196,55.062424474832
26,197,54.661124145394
26,198,44.198180416111
26,199,61.602290850657
27,0,28.625881523760
27,1,54.443326387402
27,2,6.169861614617
27,3,-9.597683238913
27,4,-0.092269387023
27,5,9.186558821508
27,6,0.911152841400
27,7,-4.200462791065
27,8,83.109596549839
27,9,7.480152716220
27,10,30.440062213143
27,11,31.449905997943
27,12,9.842989432007
27,13,-12.581495913095
27,14,35.812867715409
27,15,2.302156516293
27,16,2.095713901326
27,17,11.423581536212
27,18,1.442837006558
27,19,61.800737407422
27,20,6.446277068317
27,21,3.552070838734
27,22,7.004338488310
27,23,59.335624503394
27,24,5.638916899879
27,25,-7.867839016886
27,26,56.353654566112
27,27,42.810116554982
27,28,63.051568628114
27,29,4.308584927508
27,30,48.305810938880
27,31,77.341396661948
27,32,0.443585008623
27,33,42.343693879455
27,34,9.505578825221
27,35,-12.258277094224
27,36,37.069343668896
27,37,-9.486941920768
27,38,-0.523266256852
27,39,-6.066184058713
27,40,-3.453127863439
27,41,4.688732323149
27,42,46.837672147914
27,43,57.344165337738
27,44,0.256221268100
27,45,42.282897744662
27,46,47.197780447852
27,47,1.191173177664
27,48,36.816578178579
27,49,39.937475158542
27,50,-6.255578004093
27,51,52.134062293924
27,52,-1.513839611871
27,53,31.408165490284
27,54,55.075812435745
27,55,6.423626973352
27,56,-0.003090704828
27,57,9.117332420516
27,58,3.474012974984
27,59,50.224483486345
27,60,42.282541998429
27,61,59.889885056982
27,62,21.253126030148
27,63,70.415504310287
27,64,45.163859627879
27,65,74.861105786949
27,66,-7.720993828749
27,67,-6.708367666972
27,68,16.298547091530
27,69,48.932696519492
27,70,70.083317587676
27,71,53.690967108945
27,72,49.145196374695
27,73,11.503993920822
27,74,7.701311261641
27,75,56.008514996429
27,76,10.041994634354
27,77,56.206850912095
27,78,-1.738041380711
27,79,-5.089387732965
27,80,-1.882245473957
27,81,43.424014332428
27,82,52.270692418300
27,83,66.468403135717
27,84,69.842953665189
27,85,12.211934868981
27,86,9.805242145696
27,87,55.915253089559
27,88,18.933163604015
27,89,-0.800127945578
27,90,76.390837239691
27,91,7.604853639205
27,92,2.722590254416
27,93,3.461526121384
27,94,35.506268987221
27,95,4.501359646994
27,96,37.833733023959
27,97,23.780157195004
27,98,2.435500780368
27,99,39.795418953800
27,100,63.599801731078
27,101,75.670731823746
27,102,45.450619063420
27,103,60.546149281050
27,104,68.015667441869
27,105,-6.220649948053
27,106,97.566405378006
27,107,-1.872046741242
27,108,37.548894167812
27,109,-2.876728718118
27,110,16.865713246887
27,111,5.776750174562
27,112,-5.831594235955
27,113,1.296667634808
27,114,5.205003048119
27,115,63.931090321108
27,116,48.839551367484
27,117,57.459303223688
27,118,57.559537401226
27,119,9.085622366059
27,120,-3.757780614971
27,121,53.906086448769
27,122,23.623861046144
27,123,6.668570691931
27,124,30.335811455014
27,125,4.591541956521
27,126,-2.764724131783
27,127,7.897449539771
27,128,11.017754320841
27,129,2.213118472951
27,130,6.416028949818
27,131,19.473748593191
27,132,53.600201227142
27,133,5.542302658723
27,134,41.213022754513
27,135,11.262198744356
27,136,-7.562161272319
27,137,42.047794830309
27,138,-1.692178456738
27,139,18.503687252138
27,140,51.968125981221
27,141,22.265557044819
27,142,75.163945763175
27,143,14.659260200060
27,144,37.830595256703
27,145,28.529114023178
27,146,68.337456685003
27,147,18.533724600762
27,148,-12.110732822759
27,149,4.429965784482
27,150,-15.759999706454
27,151,38.875012305951
27,152,7.948106043259
27,153,-1.306587623847
27,154,70.700646589670
27,155,56.316507870310
27,156,29.398062759385
27,157,33.539430947741
27,158,16.316724575030
27,159,3.129933918368
27,160,71.895454066442
27,161,62.316801759116
27,162,64.727236355604
27,163,49.675872251522
27,164,48.419914855695
27,165,-1.477900918631
27,166,53.031551044951
27,167,55.958296310986
27,168,25.453727617067
27,169,76.184266279299
27,170,7.642796293476
27,171,22.194477253041
27,172,-0.976843695767
27,173,51.949299387386
27,174,21.113548575784
27,175,61.597499486074
27,176,61.139880137336
27,177,19.827036951174
27,178,4.149293054652
27,179,25.130034997746
27,180,50.038421524645
27,181,3.195568335403
27,182,24.307414550007
27,183,2.086556375289
27,184,-2.533986487324
27,185,60.821616945381
27,186,69.106474754117
27,187,71.077488624192
27,188,8.750265162154
27,189,42.164548754321
27,190,50.555065024833
27,191,41.654558519200
27,192,12.849818902352
27,193,39.003304667087
27,194,10.913860149652
27,195,-5.303971756111
27,196,54.399589449968
27,197,53.998289282943
27,198,43.535349788282
27,199,60.939453178878
28,0,2.456572652882
28,1,28.273604961374
28,2,-19.999088436853
28,3,-35.766381356276
28,4,-26.261119380892
28,5,-16.982439431900
28,6,-25.257713185245
28,7,-30.369247144219
28,8,56.939417014793
28,9,-18.688818271534
28,10,4.270724353039
28,11,5.280552001255
28,12,-16.326019310152
28,13,-38.750146356142
28,14,9.643444001224
28,15,-23.866731736016
28,16,-24.073171052412
28,17,-14.745452461437
28,18,-24.726037515407
28,19,35.630898407377
28,20,-19.722677399805
28,21,-22.616837384958
28,22,-19.164624896708
28,23,33.165824896954
28,24,-20.530024667984
28,25,-34.036564773261
28,26,30.183902612567
28,27,16.640581027437
28,28,36.881709639136
28,29,-21.860335383943
28,30,22.136187590891
28,31,51.171309309742
28,32,-25.725273547177
28,33,16.174165805220
28,34,-16.663424525628
28,35,-38.426932701535
28,36,10.899899876844
28,37,-35.655641807527
28,38,-26.692109364223
28,39,-32.234938601592
28,40,-29.621924157458
28,41,-21.480194062395
28,42,20.668072260698
28,43,31.174397555536
28,44,-25.912634293985
28,45,16.113370641935
28,46,21.028174806132
28,47,-24.977697323186
28,48,10.647138425607
28,49,13.767985534934
28,50,-32.424329520865
28,51,25.964377770317
28,52,-27.682666891815
28,53,5.238812160584
28,54,28.906080902452
28,55,-19.745327132863
28,56,-26.171942123598
28,57,-17.051664726765
28,58,-22.694894001477
28,59,24.054829477958
28,60,16.113014901384
28,61,33.720076593228
28,62,-4.916065031051
28,63,44.245527640545
28,64,18.994286487992
28,65,48.691058072407
28,66,-33.889721931380
28,67,-32.877111949143
28,68,-9.870564801357
28,69,22.763063153892
28,70,43.913346226553
28,71,27.521257705761
28,72,22.975559613347
28,73,-14.665041361695
28,74,-18.467663259871
28,75,29.838768558315
28,76,-16.127017287596
28,77,30.037101304515
28,78,-27.906865078359
28,79,-31.258157882963
28,80,-28.051066867505
28,81,17.254468994935
28,82,26.101005711324
28,83,40.298489543631
28,84,43.672986145277
28,85,-13.957111725402
28,86,-16.363765993316
28,87,29.745508141794
28,88,-7.235990386813
28,89,-26.968966629240
28,90,50.220765078455
28,91,-18.564119341063
28,92,-23.446304715661
28,93,-22.707380655564
28,94,9.336850172323
28,95,-21.667563744653
28,96,11.664277017320
28,97,-2.389074245533
28,98,-23.733389602545
28,99,13.625931600196
28,100,37.429933981024
28,101,49.500671170550
28,102,19.281041341157
28,103,34.376330329913
28,104,41.845729123401
28,105,-32.389402022898
28,106,71.395994799881
28,107,-28.040868297743
28,108,11.379442712765
28,109,-29.045534221819
28,110,-9.303407708598
28,111,-20.392193595646
28,112,-32.000352527073
28,113,-24.872204551648
28,114,-20.963931586535
28,115,37.761217276871
28,116,22.669919490334
28,117,31.289533601543
28,118,31.389766177308
28,119,-17.083374274545
28,120,-29.926572041266
28,121,27.736373607942
28,122,-2.545367896935
28,123,-19.500387328073
28,124,4.166475260768
28,125,-21.577382876087
28,126,-28.933531425100
28,127,-18.271528115707
28,128,-15.151273192285
28,129,-23.955768356689
28,130,-19.752925034991
28,131,-6.695414035552
28,132,27.430493274413
28,133,-20.626637365407
28,134,15.043512748081
28,135,-14.906832674627
28,136,-33.730891912739
28,137,15.878271484464
28,138,-27.861002887177
28,139,-7.665459876160
28,140,25.798444109292
28,141,-3.903650193948
28,142,48.993893208950
28,143,-11.509825499175
28,144,11.661139300202
28,145,2.359806698565
28,146,42.167513224107
28,147,-7.635423007501
28,148,-38.279390787466
28,149,-21.738956466426
28,150,-41.928599364859
28,151,12.705539660106
28,152,-18.220872421633
28,153,-27.475418215268
28,154,44.530665363112
28,155,30.146756510389
28,156,3.228741549654
28,157,7.370043561801
28,158,-9.852387608313
28,159,-23.038967560322
28,160,45.725453745828
28,161,36.146954512100
28,162,38.557350588482
28,163,23.506227009966
28,164,22.250289684329
28,165,-27.646728772801
28,166,26.861852179347
28,167,29.788550675374
28,168,-0.715530565518
28,169,50.014197419288
28,170,-18.526177293061
28,171,-3.974728849942
28,172,-27.145679555848
28,173,25.779617816304
28,174,-5.055640255116
28,175,35.427663733870
28,176,34.970051698103
28,177,-6.342131322708
28,178,-22.019624711596
28,179,-1.039218012535
28,180,23.868770489542
28,181,-22.973334192007
28,182,-1.861825315580
28,183,-24.082328432123
28,184,-28.702797467362
28,185,34.651793592144
28,186,42.936519003728
28,187,44.907501375375
28,188,-17.418726119962
28,189,15.995023542775
28,190,24.385405733738
28,191,15.485041457156
28,192,-13.319237884512
28,193,12.833829971176
28,194,-15.255165703398
28,195,-31.472738477518
28,196,28.229868722861
28,197,27.828574968698
28,198,17.365802671680
28,199,34.769627942565
29,0,-32.783994505509
29,1,-6.967517821664
29,2,-55.239172341273
29,3,-71.006125958680
29,4,-61.501068528865
29,5,-52.222588254161
29,6,-60.497683925991
29,7,-65.609107888013
29,8,21.697677255659
29,9,-53.928930372713
29,10,-30.969881847705
29,11,-29.960075932067
29,12,-51.566182258539
29,13,-73.989826751305
29,14,-25.597277826841
29,15,-59.106732410030
29,16,-59.313167283937
29,17,-49.985649423630
29,18,-59.966019697546
29,19,0.389617276960
29,20,-54.962767252531
29,21,-57.856864956200
29,22,-54.404726758614
29,23,-2.075403178591
29,24,-55.770097146786
29,25,-69.276346599559
29,26,-5.057261284586
29,27,-18.600291389615
29,28,1.640401587851
29,29,-57.100379234842
29,30,-13.104803101742
29,31,15.929693701430
29,32,-60.965234226263
29,33,-19.066696573791
29,34,-51.903580213075
29,35,-73.666620051867
29,36,-24.340848991866
29,37,-70.895388792924
29,38,-61.932049237534
29,39,-67.474759197234
29,40,-64.861800983083
29,41,-56.720246093821
29,42,-14.572886835231
29,43,-4.066787659482
29,44,-61.152590941165
29,45,-19.127490428662
29,46,-14.212792039893
29,47,-60.217674089727
29,48,-24.593605003327
29,49,-21.472825059194
29,50,-67.664146040988
29,51,-9.276695312961
29,52,-62.922585448934
29,53,-30.001814874457
29,54,-6.335055492942
29,55,-54.985416498166
29,56,-61.411893190612
29,57,-52.291812059302
29,58,-57.934919892970
29,59,-11.186202507757
29,60,-19.127846161551
29,61,-1.521163411242
29,62,-40.156473524679
29,63,9.004061098123
29,64,-16.246636584947
29,65,13.449495847657
29,66,-69.129506917598
29,67,-68.116918725791
29,68,-45.110866672003
29,69,-12.477941030360
29,70,8.671886833719
29,71,-7.719848885041
29,72,-12.265449144259
29,73,-49.905240054344
29,74,-53.707780120276
29,75,-5.402387910726
29,76,-51.367184518502
29,77,-5.204059433119
29,78,-63.146778810871
29,79,-66.497999498104
29,80,-63.290977496887
29,81,-17.986416634041
29,82,-9.140070312489
29,83,5.057107953493
29,84,8.431531925744
29,85,-49.197325652749
29,86,-51.603928129400
29,87,-5.495646320058
29,88,-42.476348954478
29,89,-62.208900544741
29,90,14.979169929175
29,91,-53.804234125753
29,92,-58.686314437087
29,93,-57.947406278348
29,94,-25.903865057437
29,95,-56.907611743940
29,96,-23.576488301871
29,97,-37.629537121604
29,98,-58.973393146021
29,99,-21.614875936713
29,100,2.188614130428
29,101,14.259091520165
29,102,-15.959887903271
29,103,-0.864923798850
29,104,6.604314232056
29,105,-67.629219294628
29,106,36.153943874509
29,107,-63.280779146589
29,108,-23.861316476381
29,109,-64.285423450943
29,110,-44.543721784641
29,111,-55.632269040536
29,112,-67.240178170810
29,113,-60.112183588339
29,114,-56.203994727781
29,115,2.519890296135
29,116,-12.571082689275
29,117,-3.951654091492
29,118,-3.851423672975
29,119,-52.323520924692
29,120,-65.166442311092
29,121,-7.504737612646
29,122,-37.785827409454
29,123,-54.740481964436
29,124,-31.074128696433
29,125,-56.817432816038
29,126,-64.173423064436
29,127,-53.511649196917
29,128,-50.391461421204
29,129,-59.195767114674
29,130,-54.993014236796
29,131,-41.935784236666
29,132,-7.810611362933
29,133,-55.866707765126
29,134,-20.197325297413
29,135,-50.147026163919
29,136,-68.970680316837
29,137,-19.362584526403
29,138,-63.100917606615
29,139,-42.905809201460
29,140,-9.442625402728
29,141,-39.144080475344
29,142,13.752324466157
29,143,-46.750092092494
29,144,-23.579625951454
29,145,-32.880758377330
29,146,6.926091406989
29,147,-42.875772979205
29,148,-73.519081312726
29,149,-56.979002929358
29,150,-77.168211363831
29,151,-22.535248068576
29,152,-53.460994592941
29,153,-62.715341232244
29,154,9.289192683631
29,155,-5.094406587297
29,156,-32.011842226559
29,157,-27.870629339799
29,158,-45.092689870136
29,159,-58.278986047480
29,160,10.483955350683
29,161,0.905662274767
29,162,3.316006472705
29,163,-11.734793168689
29,164,-12.990703464005
29,165,-62.886648103282
29,166,-8.379240219569
29,167,-5.452604712853
29,168,-35.956029457491
29,169,14.772606716055
29,170,-53.766292894252
29,171,-39.215157601684
29,172,-62.385609668599
29,173,-9.461451290532
29,174,-40.296045745010
29,175,0.186386977613
29,176,-0.271215209119
29,177,-41.582509126645
29,178,-57.259665134647
29,179,-36.279709938506
29,180,-11.372257491799
29,181,-58.213354091575
29,182,-37.102299538426
29,183,-59.322324466586
29,184,-63.942694071935
29,185,-0.589466465317
29,186,7.695080635254
29,187,9.666020585188
29,188,-52.658865553371
29,189,-19.245834980793
29,190,-10.855633366671
29,191,-19.755806090754
29,192,-48.559465538965
29,193,-22.406960518507
29,194,-50.495351696547
29,195,-66.712575475060
29,196,-7.011253118872
29,197,-7.412538236269
29,198,-17.875085353386
29,199,-0.471634651003
30,0,34.966803037409
30,1,60.784347858753
30,2,12.510696190155
30,3,-3.256909704309
30,4,6.248540945628
30,5,15.527405075867
30,6,7.251967058626
30,7,2.140331637544
30,8,89.450729016120
30,9,13.820992364403
30,10,36.780990750573
30,11,37.790838445100
30,12,16.183838227676
30,13,-6.240733929473
30,14,42.153817054364
30,15,8.642976118557
30,16,8.436532704378
30,17,17.764436451012
30,18,7.783653282109
30,19,68.141787365705
30,20,12.787112713973
30,21,9.892895279845
30,22,13.345176294431
30,23,65.676664917024
30,24,11.979749419930
30,25,-1.527058785650
30,26,62.694683433954
30,27,49.151092985121
30,28,69.392623429507
30,29,10.649412297360
30,30,54.646808646969
30,31,83.682506793310
30,32,6.784397415737
30,33,48.684668503731
30,34,15.846426314638
30,35,-5.917513859356
30,36,43.410297872506
30,37,-3.146167957464
30,38,5.817542407276
30,39,0.274603147183
30,40,2.887669458316
30,41,11.029561164687
30,42,53.178664171712
30,43,63.685198040701
30,44,6.597032949874
30,45,48.623872133554
30,46,53.538773865905
30,47,7.531988478942
30,48,43.157531403565
30,49,46.278440466645
30,50,0.085208468612
30,51,58.475074824222
30,52,4.826965217442
30,53,37.749097775835
30,54,61.416836355980
30,55,12.764462531311
30,56,6.337719973068
30,57,15.458178406872
30,58,9.814837113910
30,59,56.565488623128
30,60,48.623516385946
30,61,66.230927616649
30,62,27.594018999778
30,63,76.756587624470
30,64,51.504845171090
30,65,81.202206314527
30,66,-1.380213029035
30,67,-0.367582947132
30,68,22.639420879517
30,69,55.273696654753
30,70,76.424399615637
30,71,60.031985667294
30,72,55.486197332706
30,73,17.844849146932
30,74,14.042151766014
30,75,62.349542527947
30,76,16.382844200460
30,77,62.547879211539
30,78,4.602762580646
30,79,1.251403254370
30,80,4.458557929145
30,81,49.764993139412
30,82,58.611705477597
30,83,72.809471166853
30,84,76.184034762467
30,85,18.552792835842
30,86,16.146090795228
30,87,62.256280259986
30,88,25.274047591884
30,89,5.540679646729
30,90,82.731943690436
30,91,13.945693770154
30,92,9.063411484327
30,93,9.802350211969
30,94,41.847217139133
30,95,10.842187763148
30,96,44.174690187036
30,97,30.121059948106
30,98,8.776320898854
30,99,46.136383711906
30,100,69.940858655180
30,101,82.011835486213
30,102,51.791605716891
30,103,66.887194381699
30,104,74.356741463940
30,105,0.120136659869
30,106,103.907593823555
30,107,4.468756701346
30,108,43.889850228079
30,109,3.464070835049
30,110,23.206589230649
30,111,12.117583228217
30,112,0.509193878104
30,113,7.637483344486
30,114,11.545833888333
30,115,70.272148527933
30,116,55.180551142097
30,117,63.800336372442
30,118,63.900570938080
30,119,15.426468229649
30,120,2.583015527387
30,121,60.247105840026
30,122,29.964763194141
30,123,13.009407198166
30,124,36.676739588831
30,125,10.932370421804
30,126,3.576075854980
30,127,14.238290803471
30,128,17.358607664515
30,129,8.553937730525
30,130,12.756864478368
30,131,25.814634673938
30,132,59.941219434062
30,133,11.883134804753
30,134,47.553993001158
30,135,17.603053034378
30,136,-1.221379857729
30,137,48.388768308949
30,138,4.648625682174
30,139,24.844569577297
30,140,58.309137869044
30,141,28.606453934095
30,142,81.505047463361
30,143,21.000127641608
30,144,44.171552407635
30,145,34.870035162188
30,146,74.678531953039
30,147,24.874607042206
30,148,-5.769969016714
30,149,10.770793624244
30,150,-9.419250027400
30,151,45.215973500533
30,152,14.288947503075
30,153,5.034218007808
30,154,77.041731007921
30,155,62.657536594335
30,156,35.738987262608
30,157,39.880371484760
30,158,22.657598433390
30,159,9.470756725248
30,160,78.236543110979
30,161,68.657853715558
30,162,71.068297645048
30,163,56.016875264198
30,164,54.760913005572
30,165,4.862904049813
30,166,59.372567050152
30,167,62.299323648062
30,168,31.794636849489
30,169,82.525371930198
30,170,13.983636571313
30,171,28.535373867133
30,172,5.363963212425
30,173,58.290311202312
30,174,27.454441005037
30,175,67.938548657439
30,176,67.480927536846
30,177,26.167924399677
30,178,10.490119807822
30,179,31.470942976972
30,180,56.379425941035
30,181,9.536391396374
30,182,30.648319344415
30,183,8.427375142899
30,184,3.806814392694
30,185,67.162663112613
30,186,75.447552999765
30,187,77.418574501564
30,188,15.091109727444
30,189,48.505522685002
30,190,56.896071441559
30,191,47.995530475346
30,192,19.190679338739
30,193,45.344266358370
30,194,17.254713091112
30,195,1.036818400513
30,196,60.740610751978
30,197,60.339309031195
30,198,49.876329026330
30,199,67.280499802357
31,0,24.654418420250
31,1,50.471800676933
31,2,2.198452963450
31,3,-13.569053658030
31,4,-4.063662854038
31,5,5.215142855493
31,6,-3.060243058651
31,7,-8.171846296820
31,8,79.138001319421
31,9,3.508740887883
31,10,26.468594710401
31,11,27.478436046404
31,12,5.871571874282
31,13,-16.552859097435
31,14,31.841387183951
31,15,-1.669242756594
31,16,-1.875684870989
31,17,7.452160145862
31,18,-2.528560182691
31,19,57.829193854603
31,20,2.474867746903
31,21,-0.419331464895
31,22,3.032927813721
31,23,55.364086928719
31,24,1.667509536135
31,25,-11.839213630337
31,26,52.382124222961
31,27,38.838619055379
31,28,59.080022041897
31,29,0.337180789516
31,30,44.334300112161
31,31,73.369815420658
31,32,-3.527809757696
31,33,38.372197510922
31,34,5.534162085656
31,35,-16.229641062266
31,36,33.097860090536
31,37,-13.458312608396
31,38,-4.494658678806
31,39,-10.037563040642
31,40,-7.424513181271
31,41,0.717327263381
31,42,42.866164881467
31,43,53.372632592524
31,44,-3.715173043915
31,45,38.311401523562
31,46,43.226272308129
31,47,-2.780223401365
31,48,32.845095213168
31,49,35.965984625051
31,50,-10.226956526792
31,51,48.162542183549
31,52,-5.485229631951
31,53,27.436695639968
31,54,51.104285191454
31,55,2.452217706857
31,56,-3.974484388069
31,57,5.145916622365
31,58,-0.497389139367
31,59,46.252968006782
31,60,38.311045778188
31,61,55.918346138176
31,62,17.281680804750
31,63,66.443939865516
31,64,41.192356420448
31,65,70.889530560838
31,66,-11.692368798249
31,67,-10.679745091795
31,68,12.327113880252
31,69,44.961184172564
31,70,66.111753948513
31,71,49.719443222988
31,72,45.173683512447
31,73,7.532572335484
31,74,3.729898897043
31,75,52.036985490267
31,76,6.070576594087
31,77,52.235320924956
31,78,-5.709430857161
31,79,-9.060769083335
31,80,-5.853634600746
31,81,39.452515344121
31,82,48.299171976592
31,83,62.496848263247
31,84,65.871390608947
31,85,8.240511567026
31,86,5.833824679503
31,87,51.943723809571
31,88,14.961724004199
31,89,-4.771519696216
31,90,72.419258303693
31,91,3.633441508500
31,92,-1.248810037920
31,93,-0.509875962700
31,94,31.534789199250
31,95,0.529955041566
31,96,33.862247591984
31,97,19.808705841868
31,98,-1.535898815848
31,99,35.823928764796
31,100,59.628253815325
31,101,71.699154634138
31,102,41.479115160597
31,103,56.574608770738
31,104,64.044108817070
31,105,-10.192028555444
31,106,93.594775085840
31,107,-5.843435892762
31,108,33.577409426558
31,109,-6.848115433560
31,110,12.894278660322
31,111,1.805342476604
31,112,-9.802973786689
31,113,-2.674729200022
31,114,1.233596736522
31,115,59.959541601944
31,116,44.868039246430
31,117,53.487770199252
31,118,53.588004133715
31,119,5.114206644794
31,120,-7.729165194105
31,121,49.934562041140
31,122,19.652410072013
31,123,2.697160831507
31,124,26.364344205074
31,125,0.620137132420
31,126,-6.736111118807
31,127,3.926036699580
31,128,7.046333914543
31,129,-1.758280584043
31,130,2.444619701746
31,131,15.502307682538
31,132,49.628677561297
31,133,1.570895529250
31,134,37.241529127852
31,135,7.290777745329
31,136,-11.533536626943
31,137,38.076299179331
31,138,-5.663568044387
31,139,14.532248693744
31,140,47.996606273249
31,141,18.294109364404
31,142,71.192369802622
31,143,10.687830963783
31,144,33.859109832345
31,145,24.557651154326
31,146,64.365897279815
31,147,14.562285969529
31,148,-16.082097148545
31,149,0.458561352163
31,150,-19.731355184013
31,151,34.903524348912
31,152,3.976693080236
31,153,-5.277978146456
31,154,66.729081453384
31,155,52.344977617249
31,156,25.426597783400
31,157,29.567955929248
31,158,12.345291319674
31,159,-0.841467361679
31,160,67.923886032557
31,161,58.345256954788
31,162,60.755685705684
31,163,45.704358102361
31,164,44.448403752271
31,165,-5.449291025849
31,166,49.060028758118
31,167,51.986766926610
31,168,21.482272205722
31,169,72.212687844272
31,170,3.671384070760
31,171,18.223029744993
31,172,-4.948235017910
31,173,47.977779725072
31,174,17.142103688842
31,175,57.625956426135
31,176,57.168338187163
31,177,15.855595183843
31,178,0.177889302897
31,179,21.158580371317
31,180,46.066906496293
31,181,-0.775833103791
31,182,20.335961918339
31,183,-1.884842374820
31,184,-6.505374033826
31,185,56.850075767034
31,186,65.134913483955
31,187,67.105922574003
31,188,4.778850254064
31,189,38.193052820214
31,190,46.583548743598
31,191,37.683063821816
31,192,8.878394053645
31,193,35.031816398943
31,194,6.942439995277
31,195,-9.275352586177
31,196,50.428063845560
31,197,50.026764651717
31,198,39.563850529994
31,199,56.967911714761
32,0,29.882548560985
32,1,55.700013234797
32,2,7.426511421974
32,3,-8.341045528985
32,4,1.164375615743
32,5,10.443210943435
32,6,2.167798614035
32,7,-2.943820940251
32,8,84.366305394826
32,9,8.736803528904
32,10,31.696730642383
32,11,32.706575202035
32,12,11.099642057583
32,13,-11.324860492401
32,14,37.069540267214
32,15,3.558803356158
32,16,3.352360582801
32,17,12.680235374515
32,18,2.699483187127
32,19,63.057429900517
32,20,7.702927087754
32,21,4.808718637592
32,22,8.260988935923
32,23,60.592315104870
32,24,6.895566299863
32,25,-6.611199979787
32,26,57.610342879387
32,27,44.066794475868
32,28,64.308262081046
32,29,5.565233306799
32,30,49.562493076737
32,31,78.598101080475
32,32,1.700230422517
32,33,43.600371442437
32,34,10.762231191926
32,35,-11.001641425559
32,36,38.326017184801
32,37,-8.230304125878
32,38,0.733378415236
32,39,-4.809543639334
32,40,-2.196485439243
32,41,5.945380994104
32,42,48.094353159235
32,43,58.600854411074
32,44,1.512866538244
32,45,43.539575260998
32,46,48.454461735491
32,47,2.447819165143
32,48,38.073251500537
32,49,41.194150875199
32,50,-4.998937730023
32,51,53.390747369333
32,52,-0.257195699785
32,53,32.664834662348
32,54,56.332499768476
32,55,7.680276975407
32,56,1.253554366362
32,57,10.373984489328
32,58,4.730660713954
32,59,51.481167096463
32,60,43.539219514489
32,61,61.146576083775
32,62,22.509787410367
32,63,71.672203414033
32,64,46.420539354840
32,65,76.117808302144
32,66,-6.464354678981
32,67,-5.451727740292
32,68,17.555204670229
32,69,50.189379138385
32,70,71.340016436516
32,71,54.947653379022
32,72,50.401879156649
32,73,12.760647820818
32,74,8.957962244000
32,75,57.265203044859
32,76,11.298647412623
32,77,57.463539112716
32,78,-0.481397640644
32,79,-3.832746564163
32,80,-0.625601844520
32,81,44.680692724360
32,82,53.527377598548
32,83,67.725099210591
32,84,71.099652329583
32,85,13.468589312157
32,86,11.061894742314
32,87,57.171941066430
32,88,20.189823204179
32,89,0.456516514088
32,90,77.647540928774
32,91,8.861504547567
32,92,3.979237416861
32,93,4.718173850772
32,94,36.762941303765
32,95,5.758008174198
32,96,39.090407126387
32,97,25.036820514164
32,98,3.692147722541
32,99,41.052094561448
32,100,64.856495604690
32,101,76.927434960227
32,102,46.707299010421
32,103,61.802840811433
32,104,69.272364704055
32,105,-4.964009647185
32,106,98.823125317271
32,107,-0.615403103984
32,108,38.805568051677
32,109,-1.620085851690
32,110,18.122371260753
32,111,7.033399680302
32,112,-4.574953636591
32,113,2.553313703225
32,114,6.461652115191
32,115,65.187784448943
32,116,50.096233914897
32,117,58.715992385376
32,118,58.816226639829
32,119,10.342274410541
32,120,-2.501138424515
32,121,55.162772883923
32,122,24.880524245382
32,123,7.925220881923
32,124,31.592479804262
32,125,5.848190552912
32,126,-1.508081179425
32,127,9.154100672626
32,128,12.274407847770
32,129,3.469765244510
32,130,7.672678946044
32,131,20.730408608135
32,132,54.856887427573
32,133,6.798951984587
32,134,42.469699449917
32,135,12.518852458838
32,136,-6.305522000694
32,137,43.304472166245
32,138,-0.435534681477
32,139,19.760346522780
32,140,53.224810929300
32,141,23.522219201848
32,142,76.420648510764
32,143,15.915916520986
32,144,39.087269356729
32,145,29.785780986160
32,146,69.594154194121
32,147,19.790383894448
32,148,-10.854097040887
32,149,5.686614256898
32,150,-14.503366724348
32,151,40.131687207366
32,152,9.204757214982
32,153,-0.049943552753
32,154,71.957345912233
32,155,57.573196155085
32,156,30.654730389106
32,157,34.796101755128
32,158,17.573382167669
32,159,4.386581393344
32,160,73.152154305862
32,161,63.573494648219
32,162,65.983931094372
32,163,50.932555440675
32,164,49.676597081110
32,165,-0.221256978970
32,166,54.288236809036
32,167,57.214984320883
32,168,26.710392220339
32,169,77.440969809861
32,170,8.899447230942
32,171,23.451139355537
32,172,0.279800628326
32,173,53.205984321015
32,174,22.370209848908
32,175,62.854191823215
32,176,62.396572123318
32,177,21.083697237184
32,178,5.405941311728
32,179,26.386699352646
32,180,51.295104991994
32,181,4.452215860743
32,182,25.564078273725
32,183,3.343203049742
32,184,-1.277343357935
32,185,62.078308687145
32,186,70.363172853358
32,187,72.334188235931
32,188,10.006916949336
32,189,43.421226179846
32,190,51.811748888620
32,191,42.911235553402
32,192,14.106473834952
32,193,40.259979666938
32,194,12.170513596866
32,195,-4.047330751942
32,196,55.656276263799
32,197,55.254975788848
32,198,44.792028265656
32,199,62.196145011061
33,0,-36.924565611502
33,1,-11.108154215188
33,2,-59.379686663509
33,3,-75.146600411936
33,4,-65.641567016828
33,5,-56.363110204438
33,6,-64.638184951160
33,7,-69.749595988222
33,8,17.556968365636
33,9,-58.069448008158
33,10,-35.110457541297
33,11,-34.100654179296
33,12,-55.706705868673
33,13,-78.130293660019
33,14,-29.737867106975
33,15,-63.247236952455
33,16,-63.453671304356
33,17,-54.126177030492
33,18,-64.106522067123
33,19,-3.751037722839
33,20,-59.103282273711
33,21,-61.997372659120
33,22,-58.545243190907
33,23,-6.216051944291
33,24,-59.910610126484
33,25,-73.416825426735
33,26,-9.197902509135
33,27,-22.740898364398
33,28,-2.500256575229
33,29,-61.240888850676
33,30,-17.245423974251
33,31,11.788999399498
33,32,-65.105734069162
33,33,-23.207302369068
33,34,-56.044102970023
33,35,-77.807087777837
33,36,-28.481441449352
33,37,-75.035863526187
33,38,-66.072546635696
33,39,-71.615242579923
33,40,-69.002290972952
33,41,-60.860756670889
33,42,-18.713503995030
33,43,-8.207431388946
33,44,-65.293090310304
33,45,-23.268096070198
33,46,-18.353410110358
33,47,-64.358175822948
33,48,-28.734196821628
33,49,-25.613424769603
33,50,-71.804628944781
33,51,-13.417325866612
33,52,-67.063080342377
33,53,-34.142393016133
33,54,-10.475693485954
33,55,-59.125931462077
33,56,-65.552391904072
33,57,-56.432333834528
33,58,-62.075427398515
33,59,-15.326828232319
33,60,-23.268451802192
33,61,-5.661813578619
33,62,-44.297025987100
33,63,4.863384311873
33,64,-20.387249511943
33,65,9.308807818452
33,66,-73.269986116073
33,67,-72.257400484705
33,68,-49.251406605908
33,69,-16.618563488169
33,70,4.531210887566
33,71,-11.860483375924
33,72,-16.406072139456
33,73,-54.045767864540
33,74,-57.848298314937
33,75,-9.543028262451
33,76,-55.507708631849
33,77,-9.344700286420
33,78,-67.287273137408
33,79,-70.638485350646
33,80,-67.431471458796
33,81,-22.127025161259
33,82,-13.280701211661
33,83,0.916441149384
33,84,4.290856587468
33,85,-53.337855253056
33,86,-55.744451644081
33,87,-9.636286435925
33,88,-46.616895550455
33,89,-66.349397242848
33,90,10.838478031234
33,91,-57.944752076510
33,92,-62.826820042603
33,93,-62.087913752322
33,94,-30.044453562252
33,95,-61.048121847220
33,96,-27.717082692339
33,97,-41.770095974120
33,98,-63.113898025615
33,99,-25.755475287893
33,100,-1.952045419108
33,101,10.118401443397
33,102,-20.100501555433
33,103,-5.005575625881
33,104,2.463643514959
33,105,-71.769702286743
33,106,32.013198421548
33,107,-67.421273134292
33,108,-28.001910146551
33,109,-68.425914898260
33,110,-48.684263152718
33,111,-59.772782368753
33,112,-71.380662146657
33,113,-64.252685588312
33,114,-60.344506610287
33,115,-1.620770091213
33,116,-16.711704911540
33,117,-8.092298112126
33,118,-7.992067947096
33,119,-56.464042619737
33,120,-69.306931530635
33,121,-11.645372647545
33,122,-41.926385866740
33,123,-58.880997547705
33,124,-35.214704126396
33,125,-60.957943147347
33,126,-68.313914794962
33,127,-57.652167887536
33,128,-54.531988001880
33,129,-63.336271431959
33,130,-59.133529181490
33,131,-46.076332199606
33,132,-11.951245624281
33,133,-60.007220500527
33,134,-24.337928233435
33,135,-54.287553362694
33,136,-73.111159916916
33,137,-23.503189573414
33,138,-67.241412049123
33,139,-47.046354711427
33,140,-13.583255536745
33,141,-43.284635497897
33,142,9.611635671055
33,143,-50.890627881214
33,144,-27.720220333991
33,145,-37.021329238625
33,146,2.785419876091
33,147,-47.016318565125
33,148,-77.659549411757
33,149,-61.119512852114
33,150,-81.308670235798
33,151,-26.675845092228
33,152,-57.601513411646
33,153,-66.855836649738
33,154,5.148515176254
33,155,-9.235047717899
33,156,-36.152415285200
33,157,-32.011212870930
33,158,-49.233229850004
33,159,-62.419492683002
33,160,6.343274821636
33,161,-3.234994030136
33,162,-0.824655928060
33,163,-15.875417505893
33,164,-17.131324625065
33,165,-67.027143087602
33,166,-12.519873042860
33,167,-9.593244937583
33,168,-40.096592541980
33,169,10.631915340542
33,170,-57.906810940956
33,171,-43.355712444492
33,172,-66.526105919860
33,173,-13.602081376943
33,174,-44.436597854481
33,175,-3.954267508212
33,176,-4.411868537652
33,177,-45.723057982934
33,178,-61.400174347691
33,179,-40.420272204465
33,180,-15.512882745839
33,181,-62.353860893054
33,182,-41.242859724218
33,183,-63.462828463846
33,184,-68.083186385891
33,185,-4.730118988984
33,186,3.554407159521
33,187,5.525342124783
33,188,-56.799386400424
33,189,-23.386440323047
33,190,-14.996259927233
33,191,-23.896410143338
33,192,-52.699996752257
33,193,-26.547557866579
33,194,-54.635878014509
33,195,-70.853060785012
33,196,-11.151889401786
33,197,-11.553173504341
33,198,-22.015694162154
33,199,-4.612287472672
34,0,-16.129257148532
34,1,9.687482133180
34,2,-38.584663378511
34,3,-54.351777355951
34,4,-44.846623254343
34,5,-35.568048610105
34,6,-43.843228446356
34,7,-48.954704394848
34,8,38.352968804131
34,9,-37.274408083678
34,10,-14.315126038629
34,11,-13.305309851799
34,12,-34.911635938231
34,13,-57.335508494034
34,14,-8.942467370282
34,15,-42.452262783409
34,16,-42.658699756910
34,17,-33.331087027807
34,18,-43.311558810507
34,19,17.044692069532
34,20,-38.308255478500
34,21,-41.202382617477
34,22,-37.750209308833
34,23,14.579646539321
34,24,-39.115593583978
34,25,-52.621980404176
34,26,11.597758101510
34,27,-1.945409762084
34,28,18.295489103686
34,29,-40.445889202070
34,30,3.550134424884
34,31,32.584926574069
34,32,-44.310783501940
34,33,-2.411819690409
34,34,-35.249037324407
34,35,-57.012298507463
34,36,-7.686025755429
34,37,-54.241039063949
34,38,-45.277608346383
34,39,-50.820374678784
34,40,-48.207389889365
34,41,-40.065752194794
34,42,2.082035758249
34,43,12.588241801801
34,44,-44.498142122393
34,45,-2.472614163664
34,46,2.442134216413
34,47,-43.563215762195
34,48,-7.938784337821
34,49,-4.817972650249
34,50,-51.009763448696
34,51,7.378281152916
34,52,-46.268154632184
34,53,-13.347049218733
34,54,10.319950895340
34,55,-38.330904954499
34,56,-44.757447009120
34,57,-35.637273119311
34,58,-41.280438348127
34,59,5.468754534697
34,60,-2.472969900176
34,61,15.133891944490
34,62,-23.501811155416
34,63,25.659223519629
34,64,0.408268983439
34,65,30.104703490295
34,66,-52.475139228780
34,67,-51.462540738437
34,68,-28.456254694618
34,69,4.177002872639
34,70,25.327045876205
34,71,8.935143417075
34,72,4.389496920187
34,73,-33.250676840675
34,74,-37.053255581945
34,75,11.252627964706
34,76,-34.712636174205
34,77,11.450958459725
34,78,-46.492350274311
34,79,-49.843605045469
34,80,-46.636550426920
34,81,-1.331528762326
34,82,7.514907543140
34,83,21.712230225072
34,84,25.086688523239
34,85,-32.542755238894
34,86,-34.949382192994
34,87,11.159368606750
34,88,-25.821710181095
34,89,-45.554462469350
34,90,31.634393132517
34,91,-37.149710568439
34,92,-42.031840534502
34,93,-41.292924860500
34,94,-9.249057719353
34,95,-40.253119750574
34,96,-6.921657290652
34,97,-20.974849050261
34,98,-42.318922163242
34,99,-4.960024972665
34,100,18.843707222826
34,101,30.914307398460
34,102,0.695020581865
34,103,15.790138232267
34,104,23.259452242368
34,105,-50.974836347115
34,106,52.809382485553
34,107,-46.626351972904
34,108,-7.206488362324
34,109,-47.631006495118
34,110,-27.889104038775
34,111,-38.977764075898
34,112,-50.585791266538
34,113,-43.457724187894
34,114,-39.549495578060
34,115,19.174986758364
34,116,4.083860266299
34,117,12.703376540951
34,118,12.803607979011
34,119,-35.668982307216
34,120,-48.512034315754
34,121,9.150256877590
34,122,-21.131140927777
34,123,-38.085967929575
34,124,-14.419373947698
34,125,-40.162939905480
34,126,-47.519004969501
34,127,-36.857122663765
34,128,-33.736903152880
34,129,-42.541298393604
34,130,-38.338502770399
34,131,-25.281139965118
34,132,8.844380015944
34,133,-39.212205184929
34,134,-3.542459914475
34,135,-33.492465409443
34,136,-52.316311012670
34,137,-2.707710652721
34,138,-46.446488603622
34,139,-26.251174796183
34,140,7.212349375310
34,141,-22.489407808811
34,142,30.407535189333
34,143,-30.095496787791
34,144,-6.924794972154
34,145,-16.226022004572
34,146,23.581232690543
34,147,-26.221138268425
34,148,-56.864758267795
34,149,-40.324511662096
34,150,-60.513925431791
34,151,-5.880406466240
34,152,-36.806467544586
34,153,-46.060908307685
34,154,25.944358005618
34,155,11.560612420952
34,156,-15.357097015709
34,157,-11.215842006735
34,158,-28.438077707877
34,159,-41.624508002060
34,160,27.139132826342
34,161,17.560742316658
34,162,19.971111033250
34,163,4.920158293542
34,164,3.664235223230
34,165,-46.232216921031
34,166,8.275745375213
34,167,11.202410651771
34,168,-19.301324364402
34,169,31.427827818115
34,170,-37.111768951050
34,171,-22.560485658090
34,172,-45.731173390457
34,173,7.193523296010
34,174,-23.641384795366
34,175,16.841459702882
34,176,16.383852861327
34,177,-24.927861261865
34,178,-40.605176721940
34,179,-19.625008137671
34,180,5.282697658120
34,181,-41.558875378621
34,182,-20.447606104397
34,183,-42.667857032699
34,184,-47.288273630336
34,185,16.065598367808
34,186,24.350229741263
34,187,26.321189740440
34,188,-36.004330346652
34,189,-2.590959919558
34,190,5.799327038316
34,191,-3.100936216812
34,192,-31.904888637444
34,193,-5.752117611271
34,194,-33.840794484888
34,195,-50.058183204783
34,196,9.643746391099
34,197,9.242457191816
34,198,-1.220196349233
34,199,16.183431380727
35,0,-17.208717810645
35,1,8.608004451526
35,2,-39.664109237900
35,3,-55.431212822055
35,4,-45.926064985957
35,5,-36.647496458012
35,6,-44.922670839383
35,7,-50.034143418517
35,8,37.273472223656
35,9,-38.353854806774
35,10,-15.394587896662
35,11,-14.384772375532
35,12,-35.991084218840
35,13,-58.414941993382
35,14,-10.021932770134
35,15,-43.531706093338
35,16,-43.738142930757
35,17,-34.410536350304
35,18,-44.391001554002
35,19,15.965209537477
35,20,-39.387701520092
35,21,-42.281826751307
35,22,-38.829655718284
35,23,13.500165632417
35,24,-40.195039093378
35,25,-53.701417010496
35,26,10.518279160468
35,27,-3.024879774690
35,28,17.216005747017
35,29,-41.525333834565
35,30,2.470660789339
35,31,31.505433796505
35,32,-45.390225586765
35,33,-3.491289395533
35,34,-36.328485382612
35,35,-58.091732219858
35,36,-8.765491983577
35,37,-55.320474603053
35,38,-46.357049793900
35,39,-51.899812472664
35,40,-49.286829405646
35,41,-41.145197077865
35,42,1.002563090551
35,43,11.508762207770
35,44,-45.577584083716
35,45,-3.552083828712
35,46,1.362661311323
35,47,-44.642658339799
35,48,-9.018250399342
35,49,-5.897440769135
35,50,-52.089201117735
35,51,6.298804993632
35,52,-47.347595426756
35,53,-14.426511714948
35,54,9.240472796722
35,55,-39.410350981161
35,56,-45.836888799517
35,57,-36.716720921591
35,58,-42.359882430501
35,59,4.389279634292
35,60,-3.552439564985
35,61,14.054410672186
35,62,-24.581266957415
35,63,24.579735308158
35,64,-0.671202580823
35,65,29.025212347944
35,66,-53.554575931892
35,67,-52.541978109024
35,68,-29.535707230607
35,69,3.097528823826
35,70,24.247557883733
35,71,7.855666231408
35,72,3.310022731290
35,73,-34.330126216184
35,74,-38.132702450821
35,75,10.173149251204
35,76,-35.792084585992
35,77,10.371479615467
35,78,-47.571790921102
35,79,-50.923043483206
35,80,-47.715990978657
35,81,-2.410999179629
35,82,6.435431293779
35,83,20.632744615803
35,84,24.007200689237
35,85,-33.622205081061
35,86,-36.028830448726
35,87,10.079889954730
35,88,-26.901164453797
35,89,-46.633903734379
35,90,30.554900981639
35,91,-38.229157373731
35,92,-43.111284121565
35,93,-42.372368934644
35,94,-10.328522917094
35,95,-41.332564510136
35,96,-8.001124022703
35,97,-22.054306518061
35,98,-43.398365561065
35,99,-6.039492997901
35,100,17.764223504724
35,101,29.834815722337
35,102,-0.384451171434
35,103,14.710656527313
35,104,22.179965613039
35,105,-52.054274039176
35,106,51.729876373633
35,107,-47.705792531364
35,108,-8.285954906605
35,109,-48.710446391335
35,110,-28.968556948632
35,111,-40.057209676161
35,112,-51.665229215047
35,113,-44.537166835034
35,114,-40.628940801442
35,115,18.095502821852
35,116,3.004386278888
35,117,11.623896871009
35,118,11.724128242997
35,119,-36.748430088584
35,120,-49.591473631226
35,121,8.070779550108
35,122,-22.210598292557
35,123,-39.165414117699
35,124,-15.498835737009
35,125,-41.242384724486
35,126,-48.598444939540
35,127,-37.936569661928
35,128,-34.816352207868
35,129,-43.620741644838
35,130,-39.417948792056
35,131,-26.360594594160
35,132,7.764902890121
35,133,-40.291650630650
35,134,-4.621928874229
35,135,-34.571914625565
35,136,-53.395747820476
35,137,-3.787180162784
35,138,-47.525929280644
35,139,-27.330628785770
35,140,6.132873325419
35,141,-23.568864278197
35,142,29.328043847323
35,143,-31.174948243184
35,144,-8.004261702132
35,145,-17.305482602897
35,146,22.501745849062
35,147,-27.300592277817
35,148,-57.944192077448
35,149,-41.403956374605
35,150,-61.593356836071
35,151,-6.959873884727
35,152,-37.885914576138
35,153,-47.140349238871
35,154,24.864869606157
35,155,10.481133504407
35,156,-16.436558186848
35,157,-12.295305907915
35,158,-29.517530255849
35,159,-42.703951857628
35,160,26.059643639172
35,161,16.481259444387
35,162,18.891626571873
35,163,3.840683754803
35,164,2.584761512458
35,165,-47.311657739294
35,166,7.196268624270
35,167,10.122931971375
35,168,-20.380782935426
35,169,30.348335803428
35,170,-38.191215781357
35,171,-23.639942080619
35,172,-46.810614538997
35,173,6.114047258532
35,174,-24.720840505361
35,175,15.761977304814
35,176,15.304370764949
35,177,-26.007316123796
35,178,-41.684621249435
35,179,-20.704466495314
35,180,4.203222880366
35,181,-42.638319277452
35,182,-21.527063919770
35,183,-43.747300200506
35,184,-48.367713752479
35,185,14.986116481254
35,186,23.270742392793
35,187,25.241701092535
35,188,-37.083777906962
35,189,-3.670429506587
35,190,4.719851919974
35,191,-4.180405467640
35,192,-32.984338900089
35,193,-6.831585114327
35,194,-34.920243471388
35,195,-51.137621501075
35,196,8.564268738279
35,197,8.162979803550
35,198,-2.299666839936
35,199,15.103949416487
36,0,34.996677868745
36,1,60.814223161033
36,2,12.540570611898
36,3,-3.227035570155
36,4,6.278415253153
36,5,15.557279552631
36,6,7.281841384451
36,7,2.170205870141
36,8,89.480604841330
36,9,13.850866810040
36,10,36.810865615000
36,11,37.820713327950
36,12,16.213712716410
36,13,-6.210859849736
36,14,42.183692016799
36,15,8.672850469753
36,16,8.466407051812
36,17,17.794310968580
36,18,7.813527617633
36,19,68.171662802197
36,20,12.816987140752
36,21,9.922769653844
36,22,13.375050731396
36,23,65.706540308551
36,24,12.009623831989
36,25,-1.497184619948
36,26,62.724558771079
36,27,49.180968075198
36,28,69.422498888809
36,29,10.679286685154
36,30,54.676683837293
36,31,83.712382513295
36,32,6.814271733034
36,33,48.714543585294
36,34,15.876300797223
36,35,-5.887639773733
36,36,43.440172857860
36,37,-3.116293821287
36,38,5.847416706936
36,39,0.304477345751
36,40,2.917543704541
36,41,11.059435559415
36,42,53.208539335254
36,43,63.715073395892
36,44,6.626907263751
36,45,48.653747214012
36,46,53.568649036009
36,47,7.561862809875
36,48,43.187406384313
36,49,46.308315504320
36,50,0.115082663717
36,51,58.504950084374
36,52,4.856839499036
36,53,37.778972657921
36,54,61.446711669800
36,55,12.794336957682
36,56,6.367594282216
36,57,15.488052882371
36,58,9.844711486483
36,59,56.595363848443
36,60,48.653391466396
36,61,66.260803018282
36,62,27.623893696633
36,63,76.786463218108
36,64,51.534720304095
36,65,81.232081989270
36,66,-1.350338860655
36,67,-0.337708760278
36,68,22.669295486005
36,69,55.303571856508
36,70,76.454275203214
36,71,60.061860955844
36,72,55.516072538339
36,73,17.874723665969
36,74,14.072026215683
36,75,62.379417858778
36,76,16.412718692824
36,77,62.577754545986
36,78,4.632636858150
36,79,1.281277470749
36,80,4.488432204023
36,81,49.794868240679
36,82,58.641580740245
36,83,72.839346688495
36,84,76.213910345665
36,85,18.582667367788
36,86,16.175965283277
36,87,62.286155589114
36,88,25.303922246421
36,89,5.570553941347
36,90,82.761819393090
36,91,13.975568218069
36,92,9.093285843184
36,93,9.832224584308
36,94,41.877092095980
36,95,10.872062154456
36,96,44.204565186330
36,97,30.150934691061
36,98,8.806195252480
36,99,46.166258746984
36,100,69.970734124487
36,101,82.041711175727
36,102,51.821480855127
36,103,66.917069795301
36,104,74.386617013806
36,105,0.150010855614
36,106,103.937469912511
36,107,4.498630976406
36,108,43.919725222178
36,109,3.493945091781
36,110,23.236463847476
36,111,12.147457642786
36,112,0.539068080943
36,113,7.667357677346
36,114,11.575708292476
36,115,70.302024003286
36,116,55.210426342157
36,117,63.830211729743
36,118,63.930446297200
36,119,15.456342704572
36,120,2.612889768054
36,121,60.276981132498
36,122,29.994637934244
36,123,13.039281629004
36,124,36.706614451359
36,125,10.962244814757
36,126,3.605950113757
36,127,14.268165256726
36,128,17.388482174676
36,129,8.583812080091
36,130,12.786738904593
36,131,25.844509338334
36,132,59.971094720961
36,133,11.913009215044
36,134,47.583868062102
36,135,17.632927549006
36,136,-1.191505686445
36,137,48.418643385121
36,138,4.678499960515
36,139,24.874444223999
36,140,58.339013126169
36,141,28.636328649416
36,142,81.534923143627
36,143,21.030002218191
36,144,44.201427406872
36,145,34.899909991756
36,146,74.708407508770
36,147,24.904481689460
36,148,-5.740094928398
36,149,10.800668014250
36,150,-9.389376005645
36,151,45.245848518825
36,152,14.318821957248
36,153,5.064092293178
36,154,77.071606606762
36,155,62.687411930783
36,156,35.768862108031
36,157,39.910246405721
36,158,22.687473040205
36,159,9.500631091541
36,160,78.266418731619
36,161,68.687729161458
36,162,71.098173134924
36,163,56.046750479509
36,164,54.790788197970
36,165,4.892778332061
36,166,59.402442326675
36,167,62.329198977975
36,168,31.824511622966
36,169,82.555247629076
36,170,14.013511019919
36,171,28.565248581159
36,172,5.393837503812
36,173,58.320186459096
36,174,27.484315699345
36,175,67.968424090228
36,176,67.510802961282
36,177,26.197799070520
36,178,10.519994192713
36,179,31.500817744542
36,180,56.409301162959
36,181,9.566265763868
36,182,30.678194096981
36,183,8.457249490159
36,184,3.836688655683
36,185,67.192538531242
36,186,75.477428569531
36,187,77.448450107287
36,188,15.120984196248
36,189,48.535397763299
36,190,56.925946672905
36,191,48.025405544337
36,192,19.220553882318
36,193,45.374141379005
36,194,17.284587599381
36,195,1.066692612978
36,196,60.770486053458
36,197,60.369184325355
36,198,49.906204129635
36,199,67.310375223133
37,0,35.381851351005
37,1,61.199402715050
37,2,12.925738813239
37,3,-2.841871076642
37,4,6.663581981906
37,5,15.942448463386
37,6,7.667008349163
37,7,2.555371632829
37,8,89.865791137556
37,9,14.236035319518
37,10,37.196039523908
37,11,38.205887474338
37,12,16.598881781538
37,13,-5.825696057866
37,14,42.568867189257
37,15,9.058017761570
37,16,8.851574295084
37,17,18.179480405401
37,18,8.198694707375
37,19,68.556844086605
37,20,13.202155407096
37,21,10.307937239588
37,22,13.760219128970
37,23,66.091721013181
37,24,12.394791908475
37,25,-1.112019719658
37,26,63.109738774387
37,27,49.566144893259
37,28,69.807680467406
37,29,11.064454448802
37,30,55.061861947848
37,31,84.097567452816
37,32,7.199438587799
37,33,49.099720293671
37,34,16.261469782999
37,35,-5.502475905858
37,36,43.825348325809
37,37,-2.731129301734
37,38,6.232583334335
37,39,0.689642669706
37,40,3.302709642965
37,41,11.444603412456
37,42,53.593717100528
37,43,64.100253632154
37,44,7.012074074453
37,45,49.038923908083
37,46,53.953826885983
37,47,7.947029840434
37,48,43.572581792818
37,49,46.693491646794
37,50,0.500247943135
37,51,58.890129095285
37,52,5.242005893495
37,53,38.164146794501
37,54,61.831891372567
37,55,13.179505218701
37,56,6.752761031938
37,57,15.873221776848
37,58,10.229879053870
37,59,56.980542410245
37,60,49.038568160380
37,61,66.645983853276
37,62,28.009065445025
37,63,77.171646528666
37,64,51.919897675725
37,65,81.617266345427
37,66,-0.965173925833
37,67,0.047456412663
37,68,23.054466069247
37,69,55.688750114503
37,70,76.839458435643
37,71,60.447040332918
37,72,55.901250846313
37,73,18.259893121700
37,74,14.457194777169
37,75,62.764597780908
37,76,16.797887804743
37,77,62.962934514762
37,78,5.017803199888
37,79,1.666443024405
37,80,4.873598511855
37,81,50.180045203124
37,82,59.026759783286
37,83,73.224529070707
37,84,76.599093521560
37,85,18.967836989999
37,86,16.561134339529
37,87,62.671335489315
37,88,25.689093449240
37,89,5.955720503640
37,90,83.147004109036
37,91,14.360736756869
37,92,9.478453233874
37,93,10.217392148763
37,94,42.262267196325
37,95,11.257229963441
37,96,44.589740834053
37,97,30.536107033739
37,98,9.191362575657
37,99,46.551434856054
37,100,70.355915832020
37,101,82.426895722310
37,102,52.206658294192
37,103,67.302250784647
37,104,74.771799759932
37,105,0.535176143247
37,106,104.322659609097
37,107,4.883797286631
37,108,44.304900802912
37,109,3.879111165748
37,110,23.621634564093
37,111,12.532625751694
37,112,0.924233460064
37,113,8.052524732717
37,114,11.960876266923
37,115,70.687205788738
37,116,55.595604578244
37,117,64.215391993086
37,118,64.315626584117
37,119,15.841511591592
37,120,2.998055634846
37,121,60.662160560169
37,122,30.379810240163
37,123,13.424449947626
37,124,37.091788335740
37,125,11.347412644944
37,126,3.991116214071
37,127,14.653333864328
37,128,17.773651516065
37,129,8.968979350975
37,130,13.171907163829
37,131,26.229680668279
37,132,60.356274076687
37,133,12.298177268814
37,134,47.969044504556
37,135,18.018096947868
37,136,-0.806340714276
37,137,48.803820023903
37,138,5.063666313035
37,139,25.259615325813
37,140,58.724192098052
37,141,29.021500635907
37,142,81.920107571008
37,143,21.415172415931
37,144,44.586603053853
37,145,35.285083451257
37,146,75.093590330580
37,147,25.289652798339
37,148,-5.354931025824
37,149,11.185835806442
37,150,-9.004212961190
37,151,45.631024411428
37,152,14.703990576767
37,153,5.449258736378
37,154,77.456789984382
37,155,63.072591925353
37,156,36.154035771884
37,157,40.295421043520
37,158,23.072643627725
37,159,9.885798578020
37,160,78.651602390259
37,161,69.072910567244
37,162,71.483355107630
37,163,56.431928912287
37,164,55.175966335366
37,165,5.277944734975
37,166,59.787621548661
37,167,62.714378888297
37,168,32.209684359223
37,169,82.940432296440
37,170,14.398679567639
37,171,28.950420550929
37,172,5.779004024553
37,173,58.705365426547
37,174,27.869487414915
37,175,68.353605326833
37,176,67.895984090261
37,177,26.582970483549
37,178,10.905161918898
37,179,31.885990404677
37,180,56.794479681004
37,181,9.951433265778
37,182,31.063366563656
37,183,8.842416731277
37,184,4.221854810246
37,185,67.577719585366
37,186,75.862611572207
37,187,77.833633573544
37,188,15.506153004404
37,189,48.920574429540
37,190,57.311125312459
37,191,48.410582090633
37,192,19.605723654538
37,193,45.759317301781
37,194,17.669756916330
37,195,1.451858116168
37,196,61.155665597187
37,197,60.754363774700
37,198,50.291381118259
37,199,67.695556304978
38,0,-63.616491001434
38,1,-37.800500500722
38,2,-86.071245979918
38,3,-101.837902700994
38,4,-92.333024252810
38,5,-83.054718697262
38,6,-91.329658544055
38,7,-96.440986256464
38,8,-9.135845290322
38,9,-84.761028684115
38,10,-61.802412506506
38,11,-60.792625607326
38,12,-82.398325062299
38,13,-104.821547310952
38,14,-56.429909661943
38,15,-89.938733220333
38,16,-90.145164206973
38,17,-80.817821990182
38,18,-90.798004327080
38,19,-30.443503959337
38,20,-85.794846096062
38,21,-88.688889302139
38,22,-85.236816110431
38,23,-32.908477990779
38,24,-86.602160787777
38,25,-100.108155913571
38,26,-35.890279939347
38,27,-49.433054993220
38,28,-29.192743204774
38,29,-87.932417825825
38,30,-43.937670198939
38,31,-14.903720209993
38,32,-91.797200040171
38,33,-49.899451393896
38,34,-82.735716663352
38,35,-104.498346697430
38,36,-55.173504488099
38,37,-101.727167620411
38,38,-92.763996845963
38,39,-98.306602435223
38,40,-95.693693423462
38,41,-87.552291842927
38,42,-45.405726284655
38,43,-34.899824967819
38,44,-91.984553227077
38,45,-49.960244103881
38,46,-45.045638270814
38,47,-91.049653980495
38,48,-55.426255739643
38,49,-52.305534566462
38,50,-98.495985712798
38,51,-40.109634503686
38,52,-93.754514405242
38,53,-60.834363763694
38,54,-37.168050083092
38,55,-85.817494915202
38,56,-92.243850593768
38,57,-83.123941198864
38,58,-88.766942769093
38,59,-42.019105737258
38,60,-49.960599830076
38,61,-32.354248661490
38,62,-70.988831185634
38,63,-21.829222377542
38,64,-47.079444513503
38,65,-17.383871352045
38,66,-99.961318996597
38,67,-98.948749871866
38,68,-75.943131035623
38,69,-43.310819933002
38,70,-22.161390385903
38,71,-38.552817395554
38,72,-43.098332048685
38,73,-80.737414135074
38,74,-84.539882596087
38,75,-36.235400065736
38,76,-82.199331069554
38,77,-36.037075323242
38,78,-93.978703545552
38,79,-97.329861128586
38,80,-94.122899516267
38,81,-48.819191798349
38,82,-39.973012076240
38,83,-25.776101187155
38,84,-22.401740767134
38,85,-80.029513064153
38,86,-82.436070222371
38,87,-36.328656718732
38,88,-73.308662929179
38,89,-93.040842939969
38,90,-15.854226080177
38,91,-84.636334785268
38,92,-89.518323164062
38,93,-88.779428919341
38,94,-56.736491118892
38,95,-87.739653964847
38,96,-54.409158192619
38,97,-68.461942368325
38,98,-89.805396467164
38,99,-52.447582768851
38,100,-28.644540986839
38,101,-16.574290927325
38,102,-46.792701232007
38,103,-31.698021408149
38,104,-24.228924047842
38,105,-98.461059624118
38,106,5.320149051600
38,107,-94.112701358012
38,108,-54.693981003213
38,109,-95.117326744643
38,110,-75.375996828247
38,111,-86.464335276920
38,112,-98.072025825975
38,113,-90.944165465546
38,114,-87.036050198207
38,115,-28.313271060157
38,116,-43.403959837815
38,117,-34.784693568137
38,118,-34.684465037266
38,119,-83.155649467153
38,120,-95.998329015019
38,121,-38.337710174317
38,122,-68.618229713000
38,123,-85.572564993752
38,124,-61.906657392079
38,125,-87.649476735060
38,126,-95.005328467130
38,127,-84.343755366019
38,128,-81.223626345956
38,129,-90.027766248415
38,130,-85.825092510757
38,131,-72.768108390876
38,132,-38.643578164127
38,133,-86.698769586881
38,134,-51.030058825192
38,135,-80.979195691601
38,136,-99.802495386539
38,137,-50.195333774260
38,138,-93.932843204879
38,139,-73.738115088898
38,140,-40.275561468537
38,141,-69.976457201054
38,142,-17.081048436965
38,143,-77.582325587733
38,144,-54.412295783113
38,145,-63.713253051021
38,146,-23.907152933105
38,147,-73.708079432254
38,148,-104.350810736418
38,149,-87.811043805930
38,150,-107.999872075387
38,151,-53.367937568102
38,152,-84.293101715906
38,153,-93.547274091026
38,154,-21.544096162092
38,155,-35.927424542497
38,156,-62.844353263426
38,157,-58.703218363233
38,158,-75.924954576047
38,159,-89.111002444661
38,160,-20.349355996783
38,161,-29.927468680333
38,162,-27.517169877108
38,163,-42.567686066766
38,164,-43.823572709996
38,165,-93.718577736305
38,166,-39.212196311877
38,167,-36.285615922134
38,168,-66.788466218874
38,169,-16.060785402915
38,170,-84.598394268229
38,171,-70.047532988909
38,172,-93.217548736327
38,173,-40.294387001792
38,174,-71.128400777634
38,175,-30.646730431210
38,176,-31.104323999833
38,177,-72.414839933474
38,178,-88.091700726181
38,179,-67.112140604491
38,180,-42.205157217388
38,181,-89.045371724635
38,182,-67.934714713811
38,183,-90.154321217189
38,184,-94.774603819315
38,185,-31.422569262351
38,186,-23.138178187626
38,187,-21.167275357569
38,188,-83.490987781028
38,189,-50.078586427306
38,190,-41.688542821677
38,191,-50.588547933345
38,192,-79.391664961884
38,193,-53.239652433957
38,194,-81.327514664954
38,195,-97.544433065050
38,196,-37.844234974269
38,197,-38.245512534319
38,198,-48.707862614327
38,199,-31.304739667183
39,0,28.819188399750
39,1,54.636636310694
39,2,6.363165840216
39,3,-9.404380874206
39,4,0.101034099505
39,5,9.379863403148
39,6,1.104456446359
39,7,-4.007159789384
39,8,83.302909856924
39,9,7.673457096462
39,10,30.633369303257
39,11,31.643213207251
39,12,10.036294091122
39,13,-12.388193900530
39,14,36.006175439681
39,15,2.495460285412
39,16,2.289017646086
39,17,11.616886381868
39,18,1.636140674265
39,19,61.994048199173
39,20,6.639581326541
39,21,3.745374755374
39,22,7.197642812396
39,23,59.528935004164
39,24,5.832221062810
39,25,-7.674536448023
39,26,56.546964714893
39,27,43.003425105155
39,28,63.244879567508
39,29,4.501888933439
39,30,48.499120137727
39,31,77.534709288127
39,32,0.636888558394
39,33,42.537002374571
39,34,9.698883444515
39,35,-12.064975043519
39,36,37.262651541467
39,37,-9.293639542993
39,38,-0.329962821190
39,39,-5.872881277224
39,40,-3.259824773559
39,41,4.882036373936
39,42,47.030981173477
39,43,57.537475603436
39,44,0.449524795760
39,45,42.476206232604
39,46,47.391089515913
39,47,1.384476815670
39,48,37.009886021326
39,49,40.130783369648
39,50,-6.062275244956
39,51,52.327371944644
39,52,-1.320536293118
39,53,31.601472694667
39,54,55.269122433696
39,55,6.616931228898
39,56,0.190212792229
39,57,9.310636993985
39,58,3.667316882413
39,59,50.417792911663
39,60,42.475850486328
39,61,60.083195623170
39,62,21.446432035948
39,63,70.608816118918
39,64,45.357168455877
39,65,75.054418120351
39,66,-7.527691242554
39,67,-6.515064961270
39,68,16.491852512561
39,69,49.126005792343
39,70,70.276629357097
39,71,53.884276943434
39,72,49.338505672626
39,73,11.697298775973
39,74,7.894615667981
39,75,56.201825104472
39,76,10.235299316955
39,77,56.400161043552
39,78,-1.544738088414
39,79,-4.896084836197
39,80,-1.688942198678
39,81,43.617322955055
39,82,52.464002085144
39,83,66.661714478432
39,84,70.036265406241
39,85,12.405239807689
39,86,9.998546800358
39,87,56.108563186601
39,88,19.126469335992
39,89,-0.606824542592
39,90,76.584149753668
39,91,7.798158034166
39,92,2.915894073158
39,93,3.654830027335
39,94,35.699576675303
39,95,4.694663675677
39,96,38.027040986759
39,97,23.973463499060
39,98,2.628804565225
39,99,39.988727148135
39,100,63.793112735184
39,101,75.864044252710
39,102,45.643927925259
39,103,60.739459924713
39,104,68.208978967225
39,105,-6.027347184798
39,106,97.759720391674
39,107,-1.678743464756
39,108,37.742202096983
39,109,-2.683425560208
39,110,17.059018734857
39,111,5.970054353762
39,112,-5.638291426782
39,113,1.489971285264
39,114,5.398307159841
39,115,64.124401364315
39,116,49.032860629333
39,117,57.652613502978
39,118,57.752847692347
39,119,9.278926935782
39,120,-3.564477561042
39,121,54.099396308651
39,122,23.817167331756
39,123,6.861874976392
39,124,30.529118532824
39,125,4.784845995848
39,126,-2.571420960659
39,127,8.090753969271
39,128,11.211059118606
39,129,2.406422231565
39,130,6.609333204469
39,131,19.667054388978
39,132,53.793511050921
39,133,5.735606810260
39,134,41.406331116174
39,135,11.455503570971
39,136,-7.368858667382
39,137,42.241103290500
39,138,-1.498875159028
39,139,18.696992933430
39,140,52.161435612354
39,141,22.458863170112
39,142,75.357258132324
39,143,14.852565427609
39,144,38.023903219131
39,145,28.722420887745
39,146,68.530768248347
39,147,18.727030285598
39,148,-11.917430754635
39,149,4.623269804732
39,150,-15.566698069000
39,151,39.068320391656
39,152,8.141410478733
39,153,-1.113284280626
39,154,70.893958431960
39,155,56.509818014711
39,156,29.591369726513
39,157,33.732738403676
39,158,16.510029998200
39,159,3.323237785189
39,160,72.088766049768
39,161,62.510112611781
39,162,64.920547492788
39,163,49.869181612085
39,164,48.613224068009
39,165,-1.284597595630
39,166,53.224860801602
39,167,56.151606413099
39,168,25.647034118658
39,169,76.377578768886
39,170,7.836100692912
39,171,22.387783369944
39,172,-0.783540313634
39,173,52.142609016293
39,174,21.306854565111
39,175,61.790810253835
39,176,61.333190851074
39,177,20.020342788659
39,178,4.342597041774
39,179,25.323341461124
39,180,50.231730928004
39,181,3.388872209973
39,182,24.500720916294
39,183,2.279860118972
39,184,-2.340683288967
39,185,61.014927621552
39,186,69.299786408235
39,187,71.270800510967
39,188,8.943569692303
39,189,42.357857228293
39,190,50.748374489172
39,191,41.847866932978
39,192,13.043123916344
39,193,39.196612767933
39,194,11.107164935151
39,195,-5.110668884670
39,196,54.592899368101
39,197,54.191599153710
39,198,43.728658424057
39,199,61.132763868962
40,0,-32.645571782450
40,1,-6.829092916007
40,2,-55.100751516526
40,3,-70.867706466772
40,4,-61.362648233466
40,5,-52.084167174406
40,6,-60.359263545768
40,7,-65.470687939880
40,8,21.836104584916
40,9,-53.790509437204
40,10,-30.831458971283
40,11,-29.821652970269
40,12,-51.427761123290
40,13,-73.851407511618
40,14,-25.458854496203
40,15,-58.968311912227
40,16,-59.174746803583
40,17,-49.847228154773
40,18,-59.827599272379
40,19,0.528042804639
40,20,-54.824346404414
40,21,-57.718444352737
40,22,-54.266305863326
40,23,-1.936977859325
40,24,-55.631676366924
40,25,-69.137926961434
40,26,-4.918836217417
40,27,-18.461867467442
40,28,1.778827221278
40,29,-56.961958567430
40,30,-12.966378714955
40,31,16.068120543001
40,32,-60.826813885564
40,33,-18.928272691046
40,34,-51.765159106348
40,35,-73.528200784858
40,36,-24.202425555006
40,37,-70.756969291659
40,38,-61.793628978565
40,39,-67.336339406815
40,40,-64.723380971780
40,41,-56.581825394271
40,42,-14.434462572564
40,43,-3.928362508581
40,44,-61.014170616305
40,45,-18.989066551054
40,46,-14.074367746784
40,47,-60.079253685835
40,48,-24.455181587837
40,49,-21.334401379871
40,50,-67.525726266569
40,51,-9.138270602525
40,52,-62.784165273697
40,53,-29.863391916188
40,54,-6.196630533814
40,55,-54.846995651969
40,56,-61.273472887675
40,57,-52.153390985397
40,58,-57.796499296106
40,59,-11.047777958760
40,60,-18.989422283979
40,61,-1.382738045111
40,62,-40.018051424886
40,63,9.142487354140
40,64,-16.108212463783
40,65,13.587922479528
40,66,-68.991087267059
40,67,-67.978498989651
40,68,-44.972444991043
40,69,-12.339516590575
40,70,8.810313061651
40,71,-7.581424042990
40,72,-12.127024686510
40,73,-49.766818778684
40,74,-53.569359166067
40,75,-5.263962872741
40,76,-51.228763366431
40,77,-5.065634378370
40,78,-63.008358654588
40,79,-66.359579625117
40,80,-63.152557352798
40,81,-17.847992659961
40,82,-9.001645590506
40,83,5.195533875798
40,84,8.569958133354
40,85,-49.058904317244
40,86,-51.465506997338
40,87,-5.357221289953
40,88,-42.337927050801
40,89,-62.070480309179
40,90,15.117596690376
40,91,-53.665813179694
40,92,-58.547893903742
40,93,-57.808985682539
40,94,-25.765441752723
40,95,-56.769191060237
40,96,-23.438064800393
40,97,-37.491114808181
40,98,-58.834972636942
40,99,-21.476452269402
40,100,2.327039810210
40,101,14.397518220489
40,102,-15.821463757864
40,103,-0.726498377240
40,104,6.742740285175
40,105,-67.490799517262
40,106,36.292372426091
40,107,-63.142359001642
40,108,-23.722892998987
40,109,-64.147003390914
40,110,-44.405300055732
40,111,-55.493848249018
40,112,-67.101758360557
40,113,-59.973763175534
40,114,-56.065573984590
40,115,2.658316003923
40,116,-12.432658257363
40,117,-3.813228930849
40,118,-3.712998503863
40,119,-52.185099853465
40,120,-65.028022325539
40,121,-7.366312752405
40,122,-37.647405109245
40,123,-54.602061097532
40,124,-30.935705828822
40,125,-56.679012124703
40,126,-64.035002994940
40,127,-53.373228226126
40,128,-50.253040186653
40,129,-59.057346624395
40,130,-54.854593391239
40,131,-41.797362287289
40,132,-7.672186528551
40,133,-55.728286993428
40,134,-20.058901510252
40,135,-50.008604908697
40,136,-68.832260652867
40,137,-19.224160668680
40,138,-62.962497446460
40,139,-42.767387334090
40,140,-9.304200706327
40,141,-39.005658289963
40,142,13.890751123632
40,143,-46.611670550112
40,144,-23.441202450245
40,145,-32.742335662449
40,146,7.064517487313
40,147,-42.737351109296
40,148,-73.380662033247
40,149,-56.840582251687
40,150,-77.029792392816
40,151,-22.396824479074
40,152,-53.322573617872
40,153,-62.576921039494
40,154,9.427618963753
40,155,-4.955981523271
40,156,-31.873419438220
40,157,-27.732206201355
40,158,-44.954268187634
40,159,-58.140565479705
40,160,10.622381731817
40,161,1.044087846072
40,162,3.454432247803
40,163,-11.596368666076
40,164,-12.852279067571
40,165,-62.748227925011
40,166,-8.240815433259
40,167,-5.314179679117
40,168,-35.817607002595
40,169,14.911033459794
40,170,-53.627871944991
40,171,-39.076735422306
40,172,-62.247189447975
40,173,-9.323026595725
40,174,-40.157623657011
40,175,0.324812488114
40,176,-0.132789737312
40,177,-41.444087147400
40,178,-57.121244480695
40,179,-36.141287510967
40,180,-11.233832958533
40,181,-58.074933518248
40,182,-36.963877180431
40,183,-59.183903987010
40,184,-63.804273982933
40,185,-0.451041020417
40,186,7.833506780589
40,187,9.804446897171
40,188,-52.520444510490
40,189,-19.107411113189
40,190,-10.717208789727
40,191,-19.617382266268
40,192,-48.421044149538
40,193,-22.268536918156
40,194,-50.356930470778
40,195,-66.574155620205
40,196,-6.872828216910
40,197,-7.274113368236
40,198,-17.736661369898
40,199,-0.333209196142
41,0,27.923894307569
41,1,53.741328105003
41,2,5.467884023245
41,3,-10.299654072514
41,4,-0.794244294491
41,5,8.484579937191
41,6,0.209177503872
41,7,-4.902435937816
41,8,82.407585979323
41,9,6.778174563260
41,10,29.738074219356
41,11,30.747917571316
41,12,9.141010266336
41,13,-13.283465467895
41,14,35.110877418709
41,15,1.600180582594
41,16,1.393738056104
41,17,10.721601693098
41,18,0.740861441162
41,19,61.098735971267
41,20,5.744299358477
41,21,2.850094369329
41,22,6.302360539288
41,23,58.633624123919
41,24,4.936939536070
41,25,-8.569810591864
41,26,55.651655464855
41,27,42.108123259051
41,28,62.349566655786
41,29,3.606608133872
41,30,47.603815287286
41,31,76.639388564101
41,32,-0.258390128511
41,33,41.641700783439
41,34,8.803599804174
41,35,-12.960246787552
41,36,36.367352833637
41,37,-10.188912801830
41,38,-1.225240979606
41,39,-6.768156405844
41,40,-4.155101330485
41,41,3.986755366583
41,42,46.135677125625
41,43,56.642165811900
41,44,-0.445753788728
41,45,41.580904674709
41,46,46.495785271203
41,47,0.489197720126
41,48,36.114587451666
41,49,39.235483093915
41,50,-6.957550270061
41,51,51.432065001383
41,52,-2.215813910072
41,53,30.706177081549
41,54,54.373813882237
41,55,5.721649273219
41,56,-0.705065650516
41,57,8.415353565862
41,58,2.772036539041
41,59,49.522487012327
41,60,41.580548928629
41,61,59.187884439918
41,62,20.551141974036
41,63,69.713499181336
41,64,44.461865323050
41,65,74.159098752330
41,66,-8.422965466656
41,67,-7.410339738875
41,68,15.596565158994
41,69,48.230700599190
41,70,69.381312601123
41,71,52.988969149039
41,72,48.443200363312
41,73,10.802014043249
41,74,6.999333013890
41,75,55.306516043114
41,76,9.340015383394
41,77,55.504851873768
41,78,-2.440015582826
41,79,-5.791360498741
41,80,-2.584219614262
41,81,42.722020773348
41,82,51.568695067188
41,83,65.766399698739
41,84,69.140948781678
41,85,11.509954687986
41,86,9.103262996206
41,87,55.213254176226
41,88,18.231180542258
41,89,-1.502102549668
41,90,75.688829549319
41,91,6.902875432803
41,92,2.020614140522
41,93,2.759549690789
41,94,34.804278821939
41,95,3.799382770740
41,96,37.131741861063
41,97,23.078172055764
41,98,1.733524789517
41,99,39.093426950058
41,100,62.897799523744
41,101,74.968724442057
41,102,44.748624635671
41,103,59.844148382683
41,104,67.313663341636
41,105,-6.922622228987
41,106,96.864388610084
41,107,-2.574020885921
41,108,36.846903127000
41,109,-3.578702432205
41,110,16.163731071261
41,111,5.074772751672
41,112,-6.533566683633
41,113,0.594692132057
41,114,4.503025870283
41,115,63.229087971769
41,116,48.137555487105
41,117,56.757303648497
41,118,56.857537783071
41,119,8.383643524998
41,120,-4.459753951443
41,121,53.204088396655
41,122,22.921875973901
41,123,5.966592886820
41,124,29.633823505916
41,125,3.889565041609
41,126,-3.466697893877
41,127,7.195471207961
41,128,10.315774651666
41,129,1.511142577416
41,130,5.714051252937
41,131,18.771765299738
41,132,52.898203306147
41,133,4.840325336321
41,134,40.511030143149
41,135,10.560218970415
41,136,-8.264132978300
41,137,41.345801861127
41,138,-2.394152678506
41,139,17.801704374462
41,140,51.266128759809
41,141,21.563572554762
41,142,74.461938598739
41,143,13.957278970134
41,144,37.128604095153
41,145,27.827126848460
41,146,67.635452446841
41,147,17.831741710215
41,148,-12.812702579315
41,149,3.727988938816
41,150,-16.461967899028
41,151,38.173020696733
41,152,7.246127689737
41,153,-2.008562010873
41,154,69.998641338490
41,155,55.614508784980
41,156,28.696075212218
41,157,32.837441625496
41,158,15.614742634702
41,159,2.427957629894
41,160,71.193448303093
41,161,61.614800101750
41,162,64.025233664986
41,163,48.973876012664
41,164,47.717919155191
41,165,-2.179875232236
41,166,52.329553367701
41,167,55.256297379201
41,168,24.751741760520
41,169,75.482258677475
41,170,6.940818070805
41,171,21.492492793455
41,172,-1.678818224114
41,173,51.247302174037
41,174,20.411564579495
41,175,60.895498137041
41,176,60.437878984456
41,177,19.125053506294
41,178,3.447316329279
41,179,24.428049279937
41,180,49.336425130386
41,181,2.493592018800
41,182,23.605429184783
41,183,1.384580533995
41,184,-3.235960348306
41,185,60.119615928932
41,186,68.404470186302
41,187,70.375483211472
41,188,8.048286464829
41,189,41.462555735096
41,190,49.853068409117
41,191,40.952565718573
41,192,12.147838447956
41,193,38.301313002878
41,194,10.211880525014
41,195,-6.005944429919
41,196,53.697591186312
41,197,53.296291191313
41,198,42.833356181494
41,199,60.237452111920
42,0,-24.988724628602
42,1,0.827874966490
42,2,-47.444009366285
42,3,-63.211038041620
42,4,-53.705935363723
42,5,-44.427410918521
42,6,-52.702545984248
42,7,-57.813994279000
42,8,29.493206526771
42,9,-46.133761160250
42,10,-23.174603334126
42,11,-22.164792610965
42,12,-43.771001798021
42,13,-66.194753037700
42,14,-17.801973735026
42,15,-51.311587846671
42,16,-51.518023703313
42,17,-42.190461438826
42,18,-52.170879224825
42,19,8.185045093567
42,20,-47.167602961701
42,21,-50.061714442832
42,22,-46.609559811208
42,23,5.720012901606
42,24,-47.974936699291
42,25,-61.481250448101
42,26,2.738140598536
42,27,-10.804953985600
42,28,9.435835359698
42,29,-49.305225120203
42,30,-5.309439533667
42,31,23.725195508807
42,32,-53.170098510287
42,33,-11.271361390318
42,34,-44.108401358768
42,35,-65.871544799695
42,36,-16.545538918319
42,37,-63.100300348713
42,38,-54.136918124066
42,39,-59.679654469503
42,40,-57.066683816563
42,41,-48.925090169549
42,42,-6.777530256746
42,43,3.728618939414
42,44,-53.357456117104
42,45,-11.332155534627
42,46,-6.417433746989
42,47,-52.422534815007
42,48,-16.798296133129
42,49,-13.677501331200
42,50,-59.869042214807
42,51,-1.481313519027
42,52,-55.127459050876
42,53,-22.206531752068
42,54,1.460340306439
42,55,-47.190252315166
42,56,-53.616759600955
42,57,-44.496635053212
42,58,-50.139769751178
42,59,-3.390829805125
42,60,-11.332511269218
42,61,6.274255307784
42,62,-32.361238746431
42,63,16.799529930227
42,64,-8.451287975207
42,65,21.244985845908
42,66,-61.334410067124
42,67,-60.321817054995
42,68,-37.315655480117
42,69,-4.682574477767
42,70,16.467354084241
42,71,0.075540321188
42,72,-4.470081579981
42,73,-42.110051686745
42,74,-45.912609855011
42,75,2.393012329201
42,76,-43.572003110639
42,77,2.591341751075
42,78,-55.351653480073
42,79,-58.702890120592
42,80,-55.495852852546
42,81,-10.191076307383
42,82,-1.344687868070
42,83,12.852557993072
42,84,16.226998031874
42,85,-41.402133915035
42,86,-43.808747848576
42,87,2.299753475854
42,88,-34.681125220486
42,89,-54.413770749212
42,90,22.774667210753
42,91,-46.009064319660
42,92,-50.891167872323
42,93,-50.152256196001
42,94,-18.108562425252
42,95,-49.112456711628
42,96,-15.781174589269
42,97,-29.834290313265
42,98,-51.178247947901
42,99,-13.819552885012
42,100,9.984050512438
42,101,22.054585373189
42,102,-8.164537928315
42,103,6.930498044647
42,104,14.399771638287
42,105,-59.834115302190
42,106,43.949541979557
42,107,-55.485654453703
42,108,-16.066004119821
42,109,-56.490303540610
42,110,-36.748507892764
42,111,-47.837107936910
42,112,-59.445072326373
42,113,-52.317043811432
42,114,-48.408836345872
42,115,10.315328255419
42,116,-4.775716580130
42,117,3.843753055582
42,118,3.943983951307
42,119,-44.528344069557
42,120,-57.371326594795
42,121,0.290652617747
42,122,-29.990581345177
42,123,-46.945316615405
42,124,-23.278850679155
42,125,-49.022277354423
42,126,-56.378302620935
42,127,-45.716477997950
42,128,-42.596275368312
42,129,-51.400622975169
42,130,-47.197850089964
42,131,-34.140557929211
42,132,-0.015222588838
42,133,-48.071547777559
42,134,-12.401995496824
42,135,-42.351838947361
42,136,-61.175582710282
42,137,-11.567250751650
42,138,-55.305792057501
42,139,-35.110587511997
42,140,-1.647244398802
42,141,-31.348840877370
42,142,21.547815906284
42,143,-38.954888704400
42,144,-15.784312253796
42,145,-25.085488961093
42,146,14.721550345290
42,147,-35.080551146748
42,148,-65.724005358221
42,149,-49.183848236906
42,150,-69.373152780339
42,151,-14.739929398711
42,152,-45.665823152834
42,153,-54.920213847610
42,154,17.084662873334
42,155,2.700995118976
42,156,-24.216568673575
42,157,-20.075336071146
42,158,-37.297478591718
42,159,-50.483837543630
42,160,18.279431229013
42,161,8.701092548363
42,162,11.111448222473
42,163,-3.939423077929
42,164,-5.195339352700
42,165,-55.091521534145
42,166,-0.583854152770
42,167,2.342795287979
42,168,-28.160774681979
42,169,22.568103014106
42,170,-45.971122907540
42,171,-31.419918342086
42,172,-54.590480714287
42,173,-1.666070376239
42,174,-32.500811631224
42,175,7.981813826606
42,176,7.524209461139
42,177,-33.787281137345
42,178,-49.464511778293
42,179,-28.484456703962
42,180,-3.576885674986
42,181,-50.418205275273
42,182,-29.307050220035
42,183,-51.527180929552
42,184,-56.147572530062
42,185,7.205956689686
42,186,15.490543234919
42,187,17.461492569084
42,188,-44.863690294667
42,189,-11.450500650193
42,190,-3.060259090176
42,191,-11.960474188112
42,192,-40.764270764645
42,193,-14.611641237869
42,194,-42.700166138238
42,195,-58.917467119019
42,196,0.784139461051
42,197,0.382852433089
42,198,-10.079744496681
42,199,7.323789065020
43,0,31.739090101044
43,1,57.556584041311
43,2,9.283027507554
43,3,-6.484547315478
43,4,3.020884603291
43,5,12.299730448445
43,6,4.024308738939
43,7,-1.087316609221
43,8,86.222908699361
43,9,10.593321099695
43,10,33.553274238919
43,11,34.563119943290
43,12,12.956162306655
43,13,-9.468365660890
43,14,38.926089954191
43,15,5.415315057740
43,16,5.208872050389
43,17,14.536757415197
43,18,4.555993914684
43,19,64.914009047672
43,20,9.559443486658
43,21,6.665231755935
43,22,10.117505967384
43,23,62.448891457461
43,24,8.752081783627
43,25,-4.754699805577
43,26,59.466915851503
43,27,45.923352094833
43,28,66.164842646198
43,29,7.421747282642
43,30,51.419056925646
43,31,80.454697845606
43,32,3.556740017448
43,33,45.456928532672
43,34,12.618751058537
43,35,-9.145146227696
43,36,40.182568296099
43,37,-6.373805786854
43,38,2.589886914262
43,39,-2.953041423032
43,40,-0.339980261131
43,41,7.801895400844
43,42,49.950915343841
43,43,60.457428506073
43,44,3.369375920796
43,45,45.396132282309
43,46,50.311024328323
43,47,4.304329607447
43,48,39.929802325307
43,49,43.050705237758
43,50,-3.142435728390
43,51,55.247315558008
43,52,1.599311676444
43,53,34.521379356287
43,54,58.189071291992
43,55,9.536793348634
43,56,3.110063454995
43,57,12.230503915867
43,58,6.587173743821
43,59,53.337733120403
43,60,45.395776535399
43,61,63.003153064696
43,62,24.366320593064
43,63,73.528792327408
43,64,48.277099642008
43,65,77.974402255400
43,66,-4.607854338334
43,67,-3.595226251877
43,68,19.411732236760
43,69,52.045943697936
43,70,73.196604973295
43,71,56.804223332641
43,72,52.258443957086
43,73,14.617169952653
43,74,10.814480065477
43,75,59.121775625717
43,76,13.155167887271
43,77,59.320111918416
43,78,1.375109481465
43,79,-1.976243240693
43,80,1.230905114135
43,81,46.537251039241
43,82,55.383945942107
43,83,69.581683649267
43,84,72.956240593870
43,85,15.325112246450
43,86,12.918414948603
43,87,59.028513541562
43,88,22.046353757120
43,89,2.313024699302
43,90,79.504136616262
43,91,10.718022259709
43,92,5.835749594997
43,93,6.574686866486
43,94,38.619490643199
43,95,7.614522368545
43,96,40.946959104178
43,97,26.893356561348
43,98,5.548659575266
43,99,42.908648762983
43,100,66.713076791355
43,101,78.784029831346
43,102,48.563859622656
43,103,63.659418536328
43,104,71.128950896811
43,105,-3.107507605964
43,106,100.679745011890
43,107,1.241103866232
43,108,40.662119706583
43,109,0.236419979752
43,110,19.978899470181
43,111,8.889915320295
43,112,-2.718451154389
43,113,4.409824265102
43,114,8.318167107114
43,115,67.044366011170
43,116,51.952798368860
43,117,60.572566610892
43,118,60.672800978973
43,119,12.198793801137
43,120,-0.644633591721
43,121,57.019343081403
43,122,26.737060115396
43,123,9.781737532794
43,124,33.449023282628
43,125,7.704704849486
43,126,0.348424778967
43,127,11.010618716427
43,128,14.130929428444
43,129,5.326276845168
43,130,9.529195310657
43,131,22.586939773842
43,132,56.713457278296
43,133,8.655467358833
43,134,44.326255258427
43,135,14.375374316594
43,136,-4.449021480017
43,137,45.161028921044
43,138,1.420972492611
43,139,21.616876588894
43,140,55.081378929863
43,141,25.378753532175
43,142,78.277242807344
43,143,17.772442229354
43,144,40.943821330962
43,145,31.642322416519
43,146,71.450740751679
43,147,21.646913994613
43,148,-8.997601675794
43,149,7.543128370329
43,150,-12.646875495469
43,151,41.988240365536
43,152,11.061275316199
43,153,1.806564058403
43,154,73.813935148857
43,155,59.429769085087
43,156,32.511272804470
43,157,36.652648865005
43,158,19.429909754806
43,159,6.243094033205
43,160,75.008744897015
43,161,65.430074380405
43,162,67.840513559153
43,163,52.789120842695
43,164,51.533161059364
43,165,1.635250437997
43,166,56.144806015116
43,167,59.071556844807
43,168,28.566930164590
43,169,79.297565263165
43,170,10.755964986092
43,171,25.307673605290
43,172,2.136308613226
43,173,55.062552300238
43,174,24.226742873390
43,175,64.710770739963
43,176,64.253150521290
43,177,22.940228803360
43,178,7.262455107011
43,179,28.243236929979
43,180,53.151670805011
43,181,6.308728574993
43,182,27.420614918577
43,183,5.199714506947
43,184,0.579162861992
43,185,63.934886724317
43,186,72.219760282722
43,187,74.190777899770
43,188,11.863435959800
43,189,45.277783066995
43,190,53.668315287308
43,191,44.767791862432
43,192,15.962997492294
43,193,42.116532970540
43,194,14.027035059778
43,195,-2.190827671700
43,196,57.512847020727
43,197,57.111546090848
43,198,46.648586706739
43,199,64.052723181820
44,0,-14.498586399968
44,1,11.318178591922
44,2,-36.954014991359
44,3,-52.721144669173
44,4,-43.215981102716
44,5,-33.937397219030
44,6,-42.212585295572
44,7,-47.324066333902
44,8,39.983693811941
44,9,-35.643758391787
44,10,-12.684453483482
44,11,-11.674636291027
44,12,-33.280983893506
44,13,-55.704878778291
44,14,-7.311789464758
44,15,-40.821618247537
44,16,-41.028055426606
44,17,-31.700433409176
44,18,-41.680915130302
44,19,18.675395855411
44,20,-36.677606816098
44,21,-39.571736837002
44,22,-36.119560090745
44,23,16.210347870219
44,24,-37.484945725511
44,25,-50.991345994946
44,26,13.228456462704
44,27,-0.314724888420
44,28,19.926194135267
44,29,-38.815242668294
44,30,5.180824771465
44,31,34.215645837103
44,32,-42.680140816738
44,33,-0.781135281235
44,34,-33.618385615671
44,35,-55.381668469883
44,36,-6.055346598660
44,37,-52.610406266904
44,38,-43.646966623914
44,39,-49.189738475601
44,40,-46.576751084278
44,41,-38.435105282486
44,42,3.712724642763
44,43,14.218941149433
44,44,-42.867499623753
44,45,-0.841929815026
44,46,4.072823459552
44,47,-41.932572332582
44,48,-6.308105432770
44,49,-3.187290637296
44,50,-49.379127434098
44,51,9.008975311925
44,52,-44.637513896072
44,53,-11.716375699521
44,54,11.950647983962
44,55,-36.700256314653
44,56,-43.126804768697
44,57,-34.006621797176
44,58,-39.649792645381
44,59,7.099446792017
44,60,-0.842285551895
44,61,16.764593827371
44,62,-21.871147748687
44,63,27.289935884997
44,64,2.038956201075
44,65,31.735420283134
44,66,-50.844504673332
44,67,-49.831905174695
44,68,-26.825596221606
44,69,5.807693843512
44,70,26.957757910743
44,71,10.565839126561
44,72,6.020188102681
44,73,-31.620023141972
44,74,-35.422605669832
44,75,12.883325982191
44,76,-33.081983931312
44,77,13.081656674723
44,78,-44.861709761448
44,79,-48.212967869666
44,80,-45.005910057647
44,81,0.299156722685
44,82,9.145601838209
44,83,23.342938659487
44,84,26.717400318397
44,85,-30.912100835245
44,86,-33.318730185863
44,87,12.790066531350
44,88,-24.191049084562
44,89,-43.923821022567
44,90,33.265111448854
44,91,-35.519060752376
44,92,-40.401195579980
44,93,-39.662279170188
44,94,-7.618380119151
44,95,-38.622473024843
44,96,-5.290977372679
44,97,-19.344183127112
44,98,-40.688277494592
44,99,-3.329343101170
44,100,20.474412800395
44,101,32.545024997627
44,102,2.325708085082
44,103,17.420840768711
44,104,24.890162217707
44,105,-49.344200297739
44,106,54.440121891828
44,107,-44.995711593474
44,108,-5.575808728012
44,109,-46.000367116081
44,110,-26.258445000982
44,111,-37.347116080186
44,112,-48.955154829768
44,113,-41.827080653238
44,114,-37.918848151668
44,115,20.805692665861
44,116,5.714551144411
44,117,14.334076003244
44,118,14.434307541131
44,119,-34.038331016651
44,120,-46.881395814024
44,121,10.780952801302
44,122,-19.500475160268
44,123,-36.455319045825
44,124,-12.788701496356
44,125,-38.532293089942
44,126,-45.888365478939
44,127,-35.226472556344
44,128,-32.106249938355
44,129,-40.910653946390
44,130,-36.707854138120
44,131,-23.650478330273
44,132,10.475075635040
44,133,-37.581557422665
44,134,-1.911776631270
44,135,-31.861811951516
44,136,-50.685676299072
44,137,-1.077026538216
44,138,-44.815848045087
44,139,-24.620514127317
44,140,8.843043369066
44,141,-20.858743393903
44,142,32.038252283775
44,143,-28.464839947148
44,144,-5.294115057310
44,145,-14.595351352371
44,146,25.211942986360
44,147,-24.590477569647
44,148,-55.234128083306
44,149,-38.693865007459
44,150,-58.883298880908
44,151,-4.249725511327
44,152,-35.175817386720
44,153,-44.430267365206
44,154,27.575070654966
44,155,13.191310745155
44,156,-13.726425498200
44,157,-9.585166365170
44,158,-26.807419216762
44,159,-39.993862641932
44,160,28.769846665615
44,161,19.191446616482
44,162,21.601817733623
44,163,6.550850004518
44,164,5.294925683440
44,165,-44.601576149136
44,166,9.906440428007
44,167,12.833108619241
44,168,-17.670656774710
44,169,33.058545928725
44,170,-35.481119097203
44,171,-20.929821313963
44,172,-44.100532119635
44,173,8.824217271016
44,174,-22.010721527622
44,175,18.472163286358
44,176,18.014555989059
44,177,-23.297199275228
44,178,-38.974530346779
44,179,-17.994340870311
44,180,6.913389730144
44,181,-39.928229953133
44,182,-18.816939656208
44,183,-41.037212711512
44,184,-45.657633910028
44,185,17.696301178592
44,186,25.980940802954
44,187,27.951902765089
44,188,-34.373679390024
44,189,-0.960275688783
44,190,7.430019624844
44,191,-1.470252493906
44,192,-30.274233598604
44,193,-4.121436528600
44,194,-32.210141373820
44,195,-48.427546242645
44,196,11.274442806280
44,197,10.873153207351
44,198,0.410489246649
44,199,17.814134308865
45,0,-48.696808440509
45,1,-22.880582671482
45,2,-71.151768043368
45,3,-86.918568435205
45,4,-77.413603376226
45,5,-68.135213272537
45,6,-76.410228524444
45,7,-81.521602812885
45,8,5.784333785297
45,9,-69.841538808199
45,10,-46.882713413863
45,11,-45.872917312452
45,12,-67.478813656140
45,13,-89.902240232448
45,14,-41.510161609192
45,15,-75.019290526063
45,16,-75.225723393785
45,17,-65.898296181549
45,18,-75.878569462824
45,19,-15.523519081020
45,20,-70.875365640823
45,21,-73.769435218761
45,22,-70.317330570142
45,23,-17.988515577497
45,24,-71.682687689179
45,25,-85.188805886050
45,26,-20.970344701142
45,27,-34.513243176523
45,28,-14.272746927345
45,29,-73.012956849147
45,30,-29.017808300778
45,31,0.016406296403
45,32,-76.877774280962
45,33,-34.979643827617
45,34,-67.816208331700
45,35,-89.579036673902
45,36,-40.253744985515
45,37,-86.807832345592
45,38,-77.844579896548
45,39,-83.387235991591
45,40,-80.774303170358
45,41,-72.632827402369
45,42,-30.485877765495
45,43,-19.979880702987
45,44,-77.065129175098
45,45,-35.040437091622
45,46,-30.125786470031
45,47,-76.130221409374
45,48,-40.506498540424
45,49,-37.385748927467
45,50,-83.576620994871
45,51,-25.189737718836
45,52,-78.835106481754
45,53,-45.914655849185
45,54,-22.248126489969
45,55,-70.898014666353
45,56,-77.324428904598
45,57,-68.204436404929
45,58,-73.847489396976
45,59,-27.099226354359
45,60,-35.040792821055
45,61,-17.434281197144
45,62,-56.069215808180
45,63,-6.909158990158
45,64,-32.159611247575
45,65,-2.463767449866
45,66,-85.041967631078
45,67,-84.029389279618
45,68,-61.023560805574
45,69,-28.390952322086
45,70,-7.241330025878
45,71,-23.632906422594
45,72,-28.178462501266
45,73,-65.817887593716
45,74,-69.620390704978
45,75,-21.315467972818
45,76,-67.279817850052
45,77,-21.117141422874
45,78,-79.059297664942
45,79,-82.410485784661
45,80,-79.203494949623
45,81,-33.899374387329
45,82,-25.053114046277
45,83,-10.856073771145
45,84,-7.481682597638
45,85,-65.109980071960
45,86,-67.516559160169
45,87,-21.408725475725
45,88,-58.389068691889
45,89,-78.121428513266
45,90,-0.934108236754
45,91,-69.716843773080
45,92,-74.598876638847
45,93,-73.859975661006
45,94,-41.816745860058
45,95,-72.820191231622
45,96,-39.489391724404
45,97,-53.542303963695
45,98,-74.885952557874
45,99,-37.527798424373
45,100,-13.724539713221
45,101,-1.654179646604
45,102,-31.872865352881
45,103,-16.778047963147
45,104,-9.308882531099
45,105,-83.541694587933
45,106,20.240459884430
45,107,-79.193296698439
45,108,-39.774217130645
45,109,-80.197931239520
45,110,-60.456421430055
45,111,-71.544860922389
45,112,-83.152657244827
45,113,-76.024731933168
45,114,-72.116581053422
45,115,-13.393266767423
45,116,-28.484093075727
45,117,-19.864748254040
45,118,-19.764518809723
45,119,-68.236144962168
45,120,-81.078941537831
45,121,-23.417797240967
45,122,-53.698592732602
45,123,-70.653082512974
45,124,-46.986959249429
45,125,-72.730013180102
45,126,-80.085931941445
45,127,-69.424261687695
45,128,-66.304104235256
45,129,-75.108324365443
45,130,-70.905612331138
45,131,-57.848509227631
45,132,-23.723668018327
45,133,-71.779297368630
45,134,-36.110261562455
45,135,-66.059671353498
45,136,-84.883142573788
45,137,-35.275528904443
45,138,-79.013436906382
45,139,-58.818524765105
45,140,-25.355666195857
45,141,-55.056832597998
45,142,-2.160941774848
45,143,-62.662770295166
45,144,-39.492529343494
45,145,-48.793571371891
45,146,-8.987108483772
45,147,-58.788488834754
45,148,-89.431499368526
45,149,-72.891581723241
45,150,-93.080593957908
45,151,-38.448161611028
45,152,-69.373607575995
45,153,-78.627864279100
45,154,-6.624030176092
45,155,-21.007489642820
45,156,-47.924663666010
45,157,-43.783491027425
45,158,-61.005384180360
45,159,-74.191552207762
45,160,-5.429279121992
45,161,-15.007479099004
45,162,-12.597158328877
45,163,-27.647811683339
45,164,-28.903709772021
45,165,-78.799169485348
45,166,-24.292291348196
45,167,-21.365684286866
45,168,-51.868812564026
45,169,-1.140669442080
45,170,-69.678902910309
45,171,-55.127909033552
45,172,-78.298135919838
45,173,-25.374491900686
45,174,-56.208786672054
45,175,-15.726747405046
45,176,-16.184345144044
45,177,-57.495237550967
45,178,-73.172241200962
45,179,-52.192489899251
45,180,-27.285279530064
45,181,-74.125920889681
45,182,-53.015071504611
45,183,-75.234880487442
45,184,-79.855205191197
45,185,-16.502593306956
45,186,-8.218126729946
45,187,-6.247205937252
45,188,-68.571486331828
45,189,-35.158780493533
45,190,-26.768660426205
45,191,-35.668746646996
45,192,-64.472126157212
45,193,-38.319875307796
45,194,-66.407993500943
45,195,-82.625059676357
45,196,-22.924317543606
45,197,-23.325598760726
45,198,-33.788044188732
45,199,-16.384762637928
46,0,-0.502425520972
46,1,25.314560136881
46,2,-22.958046036350
46,3,-38.725310467737
46,4,-29.220065666144
46,5,-19.941402481949
46,6,-28.216661283441
46,7,-33.328186006991
46,8,53.980320388553
46,9,-21.647778238454
46,10,1.311722901170
46,11,2.321548724700
46,12,-19.284983546240
46,13,-41.709070076715
46,14,6.684432841204
46,15,-26.825682347437
46,16,-27.032121290831
46,17,-17.704419553345
46,18,-27.684986574233
46,19,32.671840287927
46,20,-22.681635498724
46,21,-25.575790254683
46,22,-22.123584003930
46,23,30.206771232028
46,24,-23.488981308183
46,25,-36.995497010066
46,26,27.224854336106
46,27,13.681557223856
46,28,33.922649259388
46,29,-24.819289620515
46,30,19.177153856806
46,31,48.212223107294
46,32,-28.684220800591
46,33,13.215142844441
46,34,-19.622388152085
46,35,-41.385857006069
46,36,7.940886446471
46,37,-38.614571119062
46,38,-29.651054870767
46,39,-35.193874093500
46,40,-32.580864370473
46,41,-24.439148985817
46,42,17.709041179500
46,43,28.215347489211
46,44,-28.871581208878
46,45,13.154347791009
46,46,18.069143074230
46,47,-27.936645927308
46,48,7.688125451961
46,49,10.808966922050
46,50,-35.383264670585
46,51,23.005337118659
46,52,-30.641610608640
46,53,2.279808959443
46,54,25.947034935059
46,55,-22.704285190863
46,56,-29.130888569976
46,57,-20.010627651733
46,58,-25.653846730173
46,59,21.095792276879
46,60,13.153992051099
46,61,30.761021926744
46,62,-7.875049883289
46,63,41.286453953770
46,64,16.035258431300
46,65,45.731976352079
46,66,-36.848654433496
46,67,-35.836046280798
46,68,-12.829540701459
46,69,19.804028287042
46,70,40.954273140058
46,71,24.562214240788
46,72,20.016524362516
46,73,-17.624008598897
46,74,-21.426623626379
46,75,26.879720905519
46,76,-19.085981883247
46,77,27.078053293328
46,78,-30.865808390103
46,79,-34.217095139684
46,80,-31.010009918704
46,81,14.295444082069
46,82,23.141964812770
46,83,37.339422989513
46,84,40.713913493142
46,85,-16.916080241717
46,86,-19.322730161199
46,87,26.786460657531
46,88,-10.194971047233
46,89,-29.927911635561
46,90,47.261680593758
46,91,-21.523079533297
46,92,-26.405256086706
46,93,-25.666333361696
46,94,6.377839566296
46,95,-24.626518329533
46,96,8.705262205745
46,97,-5.348063663761
46,98,-26.692340454880
46,99,10.666913244000
46,100,34.470872610604
46,101,46.541587987151
46,102,16.322012766308
46,103,31.417274477542
46,104,38.886659773292
46,105,-35.348337235730
46,106,68.436872047896
46,107,-30.999811367372
46,108,8.420428415877
46,109,-32.004475476242
46,110,-12.262384633468
46,111,-23.351150484879
46,112,-34.959288442820
46,113,-27.831153346378
46,114,-23.922887442750
46,115,34.802155307800
46,116,19.710884791799
46,117,28.330483327161
46,118,28.430715721799
46,119,-20.042337142215
46,120,-32.885511703855
46,121,24.777329754244
46,122,-5.504357032754
46,123,-22.459345828633
46,124,1.207473997260
46,125,-24.536337623904
46,126,-31.892472881882
46,127,-21.230488836598
46,128,-18.110239550944
46,129,-26.914718807238
46,130,-22.711883079261
46,131,-9.654395672726
46,132,24.471449973455
46,133,-23.585593831041
46,134,12.084491830363
46,135,-17.865799474952
46,136,-36.689824701825
46,137,12.919249058352
46,138,-30.819946281787
46,139,-10.624439760584
46,140,22.839403757476
46,141,-6.862636875507
46,142,46.034810941361
46,143,-14.468798437367
46,144,8.702124494303
46,145,-0.599191300433
46,146,39.208443292504
46,147,-10.594402946197
46,148,-41.238315358576
46,149,-24.697910922310
46,150,-44.887517342839
46,151,9.746522967020
46,152,-21.179833234048
46,153,-30.434362306543
46,154,41.571591161068
46,155,27.187708301048
46,156,0.269741980563
46,157,4.411036509679
46,158,-12.811363541259
46,159,-25.997919667345
46,160,42.766377384680
46,161,33.187895460105
46,162,35.598287180735
46,163,20.547190800215
46,164,19.291255744065
46,165,-30.605672554557
46,166,23.902809905929
46,167,26.829503113331
46,168,-3.674523007670
46,169,47.055113307884
46,170,-21.485137553842
46,171,-6.933715403073
46,172,-30.104624242886
46,173,22.820577498511
46,174,-8.014624855161
46,175,32.468605981681
46,176,32.010994772849
46,177,-9.301113598223
46,178,-24.978578660368
46,179,-3.998209869816
46,180,20.909733624670
46,181,-25.932286417614
46,182,-4.820815686493
46,183,-27.041278653996
46,184,-31.661739341027
46,185,31.692737241996
46,186,39.977447682460
46,187,41.948426492352
46,188,-20.377688381719
46,189,13.036000905704
46,190,21.426367935303
46,191,12.526019741606
46,192,-16.278207553361
46,193,9.874813046277
46,194,-18.214131874338
46,195,-34.431675346539
46,196,25.270823977407
46,197,24.869530948388
46,198,14.406777557633
46,199,31.810571379479
47,0,-48.996710553816
47,1,-23.180489513812
47,2,-71.451666043606
47,3,-87.218463547579
47,4,-77.713500229525
47,5,-68.435111825303
47,6,-76.710125561520
47,7,-81.821498913763
47,8,5.484421691763
47,9,-70.141437048427
47,10,-47.182615859463
47,11,-46.172819943022
47,12,-67.778712329135
47,13,-90.202134798346
47,14,-41.810065038924
47,15,-75.319187817913
47,16,-75.525620647823
47,17,-66.198195144039
47,18,-76.178466597288
47,19,-15.823427271076
47,20,-71.175263691686
47,21,-74.069332739542
47,22,-70.617228723218
47,23,-18.288423315993
47,24,-71.982585592174
47,25,-85.488701315240
47,26,-21.270251893402
47,27,-34.813147887944
47,28,-14.572655346528
47,29,-73.312854508484
47,30,-29.317714018864
47,31,-0.283504740459
47,32,-77.177671232406
47,33,-35.279548453596
47,34,-68.116106942893
47,35,-89.878931298990
47,36,-40.553648645393
47,37,-87.107727478244
47,38,-78.144476670910
47,39,-83.687131750754
47,40,-81.074199408111
47,41,-72.932725131330
47,42,-30.785783214655
47,43,-20.279788076688
47,44,-77.365026092230
47,45,-35.340341706469
47,46,-30.425691985154
47,47,-76.430118497738
47,48,-40.806402154005
47,49,-37.685653112698
47,50,-83.876516719349
47,51,-25.489644138157
47,52,-79.135003074691
47,53,-46.214558472107
47,54,-22.548033448154
47,55,-71.197912713069
47,56,-77.624325774232
47,57,-68.504334945021
47,58,-74.147386903453
47,59,-27.399132423896
47,60,-35.340697435837
47,61,-17.734189037161
47,62,-56.369116571055
47,63,-7.209068758290
47,64,-32.459516390132
47,65,-2.763678032366
47,66,-85.341863087160
47,67,-84.329284921165
47,68,-61.323460660962
47,69,-28.690858155001
47,70,-7.541239733160
47,71,-23.932813127110
47,72,-28.478368373108
47,73,-66.117786570940
47,74,-69.920288985712
47,75,-21.615375101857
47,76,-67.579716559492
47,77,-21.417048588242
47,78,-79.359194216820
47,79,-82.710381722733
47,80,-79.503391475082
47,81,-34.199279211192
47,82,-25.353020490627
47,83,-11.155982816228
47,84,-7.781592260886
47,85,-65.409879178849
47,86,-67.816457826251
47,87,-21.708632587673
47,88,-58.688969029834
47,89,-78.421325236923
47,90,-1.234019099487
47,91,-70.016742036147
47,92,-74.898774007699
47,93,-74.159873165197
47,94,-42.116649233627
47,95,-73.120088926262
47,96,-39.789295524293
47,97,-53.842205189430
47,98,-75.185849874149
47,99,-37.827702583585
47,100,-14.024448232834
47,101,-1.954090377418
47,102,-32.172770547972
47,103,-17.077955923385
47,104,-9.608791859617
47,105,-83.841590318807
47,106,19.940545142505
47,107,-79.493193225768
47,108,-40.074120878358
47,109,-80.497827582840
47,110,-60.756321389330
47,111,-71.844758850624
47,112,-83.452553046962
47,113,-76.324629040857
47,114,-72.416478876941
47,115,-13.693175347718
47,116,-28.783998891580
47,117,-20.164655648834
47,118,-20.064426222874
47,119,-68.536043496446
47,120,-81.378837719785
47,121,-23.717703984890
47,122,-53.998493929706
47,123,-70.952980604554
47,124,-47.286861675930
47,125,-73.029910891259
47,126,-80.385828305283
47,127,-69.724160004349
47,128,-66.604003123415
47,129,-75.408221640988
47,130,-71.205510376465
47,131,-58.148409664595
47,132,-24.023574706211
47,133,-72.079195253929
47,134,-36.410165981331
47,135,-66.359570286433
47,136,-85.183038058967
47,137,-35.575433476224
47,138,-79.313333466649
47,139,-59.118425024390
47,140,-25.655572584787
47,141,-55.356733546316
47,142,-2.460852412827
47,143,-62.962669850305
47,144,-39.792433142808
47,145,-49.093473467474
47,146,-9.287017871240
47,147,-59.088389099546
47,148,-89.731394020644
47,149,-73.191479404806
47,150,-93.380487941671
47,151,-38.748065601649
47,152,-69.673505901934
47,153,-78.927760909988
47,154,-6.923939996457
47,155,-21.307396828277
47,156,-48.224565920755
47,157,-44.083394040732
47,158,-61.305284039081
47,159,-74.491449651221
47,160,-5.729189161233
47,161,-15.307387383589
47,162,-12.897067055012
47,163,-27.947717652380
47,164,-29.203615511004
47,165,-79.099066084869
47,166,-24.592197931925
47,167,-21.665591406709
47,168,-52.168714096297
47,169,-1.440580266964
47,170,-69.978801180325
47,171,-55.427809968853
47,172,-78.598032611124
47,173,-25.674398286166
47,174,-56.508687409361
47,175,-16.026655557871
47,176,-16.484253213042
47,177,-57.795138052636
47,178,-73.472138831123
47,179,-52.492391372238
47,180,-27.585185565520
47,181,-74.425818345160
47,182,-53.314972826920
47,183,-75.534777739806
47,184,-80.155101597295
47,185,-16.802501317659
47,186,-8.518036258283
47,187,-6.547115826652
47,188,-68.871384804683
47,189,-35.458685086705
47,190,-27.068566556292
47,191,-35.968651146752
47,192,-64.772025380938
47,193,-38.619779321918
47,194,-66.707892370083
47,195,-82.924955575123
47,196,-23.224224377918
47,197,-23.625505521530
47,198,-34.087949032990
47,199,-16.684670670213
48,0,25.043926712591
48,1,50.861315109600
48,2,2.587955915245
48,3,-13.179554455935
48,4,-3.674161391456
48,5,5.604646524713
48,6,-2.670741357448
48,7,-7.782345811218
48,8,79.527522570432
48,9,3.898244151293
48,10,26.858103434206
48,11,27.867945010388
48,12,6.261075699615
48,13,-16.163360604907
48,14,32.230897185582
48,15,-1.279740724596
48,16,-1.486182888082
48,17,7.841664347085
48,18,-2.139058355046
48,19,58.218710037210
48,20,2.864370764444
48,21,-0.029829135652
48,22,3.422430963976
48,23,55.753602525001
48,24,2.057012361664
48,25,-11.449714016868
48,26,52.771639109997
48,27,39.228130721203
48,28,59.469538522004
48,29,0.726683298672
48,30,44.723813085075
48,31,73.759335299648
48,32,-3.138308167690
48,33,38.761709065817
48,34,5.923665830742
48,35,-15.840142492874
48,36,33.487370391005
48,37,-13.068813379963
48,38,-4.105157318729
48,39,-9.648062998720
48,40,-7.035012517947
48,41,1.106829862947
48,42,43.255677505200
48,43,53.762147715148
48,44,-3.325671498460
48,45,38.700913063993
48,46,43.615785017508
48,47,-2.390721633572
48,48,33.234605453516
48,49,36.355495607662
48,50,-9.837456529924
48,51,48.552056066983
48,52,-5.095728507440
48,53,27.826204594021
48,54,51.493799774558
48,55,2.841720719007
48,56,-3.584982904285
48,57,5.535420275119
48,58,-0.107886828686
48,59,46.642481436036
48,60,38.700557318538
48,61,56.307861866284
48,62,17.671187343658
48,63,66.833458097150
48,64,41.581868646084
48,65,71.279049849880
48,66,-11.302869149862
48,67,-10.290245202596
48,68,12.716619240840
48,69,45.350697294569
48,70,66.501272101130
48,71,50.108957476717
48,72,45.563196684998
48,73,7.922076555835
48,74,4.119402213044
48,75,52.426500295216
48,76,6.460080466743
48,77,52.624835777075
48,78,-5.319929785968
48,79,-8.671268809128
48,80,-5.464133563852
48,81,39.842027155952
48,82,48.688685892514
48,83,62.886365556056
48,84,66.260908704397
48,85,8.630015955736
48,86,6.223328495857
48,87,52.333238592335
48,88,15.351229991364
48,89,-4.382018401979
48,90,72.808777956590
48,91,4.022944801560
48,92,-0.859307905936
48,93,-0.120373654980
48,94,31.924299127961
48,95,0.919457596574
48,96,34.251758074250
48,97,20.198212981770
48,98,-1.146396752141
48,99,36.213439713611
48,100,60.017770425831
48,101,72.088674115752
48,102,41.868627454431
48,103,56.964124654944
48,104,64.433626477890
48,105,-9.802528550259
48,106,93.984299775613
48,107,-5.453934853438
48,108,33.966919841077
48,109,-6.458614633164
48,110,13.283784155799
48,111,2.194845334910
48,112,-9.413473688990
48,113,-2.285227407134
48,114,1.623099458855
48,115,60.349058291249
48,116,45.257552346287
48,117,53.877285349263
48,118,53.977519307562
48,119,5.503710290010
48,120,-7.339664603227
48,121,50.324076346034
48,122,20.041917174742
48,123,3.086663901908
48,124,26.753852904090
48,125,1.009639708871
48,126,-6.346610291774
48,127,4.315540062227
48,128,7.435838019257
48,129,-1.368778573211
48,130,2.834122712091
48,131,15.891813798262
48,132,50.018191793439
48,133,1.960398331801
48,134,37.631040413828
48,135,7.680281908179
48,136,-11.144036940786
48,137,38.465810663845
48,138,-5.274066962294
48,139,14.921754578761
48,140,48.386120117211
48,141,18.683616144088
48,142,71.581889163695
48,143,11.077335934511
48,144,34.248620313854
48,145,24.947159423653
48,146,64.755415017178
48,147,14.951791861698
48,148,-15.692598544061
48,149,0.848063890189
48,150,-19.341857447340
48,151,35.293035078830
48,152,4.366196454932
48,153,-4.888476972657
48,154,67.118599752845
48,155,52.734492495445
48,156,25.816106259394
48,157,29.957465390180
48,158,12.734796684585
48,159,-0.451965132823
48,160,68.313404616201
48,161,58.734773260141
48,162,61.145202584354
48,163,46.093871401128
48,164,44.837916752316
48,165,-5.059789892795
48,166,49.449542855007
48,167,52.376281719611
48,168,21.871779743640
48,169,72.602207448035
48,170,4.060887372849
48,171,18.612536507768
48,172,-4.558733765698
48,173,48.367293564552
48,174,17.531610194557
48,175,58.015472560393
48,176,57.557854212588
48,177,16.245101383589
48,178,0.567391774173
48,179,21.548087832249
48,180,46.456419881288
48,181,-0.386330859321
48,182,20.725469183635
48,183,-1.495340394089
48,184,-6.115873151917
48,185,57.239591716752
48,186,65.524431404228
48,187,67.495440963095
48,188,5.168353819528
48,189,38.582564332501
48,190,46.973062251476
48,191,38.072575212806
48,192,9.267898594051
48,193,35.421327159369
48,194,7.331944075282
48,195,-8.885852363004
48,196,50.817578267830
48,197,50.416278978541
48,198,39.953362368309
48,199,57.357427692514
49,0,16.736240807812
49,1,42.553498237990
49,2,-5.719616081267
49,3,-21.487046475238
49,4,-11.981701624398
49,5,-2.702940773648
49,6,-10.978286680038
49,7,-16.089865206326
49,8,71.219560270780
49,9,-4.409334491509
49,10,18.550408326715
49,11,19.560244780288
49,12,-2.046514928435
49,13,-24.470837489855
49,14,23.923174823467
49,15,-9.587293102792
49,16,-9.793734219136
49,17,-0.465934298387
49,18,-10.446606374506
49,19,49.910855841386
49,20,-5.443202634153
49,21,-8.337387853811
49,22,-4.885145265318
49,23,47.445760834795
49,24,-6.250556941704
49,25,-19.757214810255
49,26,44.463812547336
49,27,30.920372863606
49,28,51.161677980635
49,29,-7.580879256791
49,30,36.416027348620
49,31,65.451402263709
49,32,-11.445851118639
49,33,30.453953574295
49,34,-2.383923085821
49,35,-24.147621017233
49,36,25.179641655108
49,37,-21.376305960970
49,38,-12.412695365529
49,39,-17.955572930470
49,40,-15.342535703712
49,41,-7.200734620754
49,42,34.947899216437
49,43,45.454316127631
49,44,-11.633213499044
49,45,30.393157880877
49,46,35.308004901970
49,47,-10.698268376509
49,48,24.926877999838
49,49,28.047752322404
49,50,-18.144965501022
49,51,40.244250910153
49,52,-13.403261529777
49,53,19.518504575659
49,54,43.185979694368
49,55,-5.465852564696
49,56,-11.892523589566
49,57,-2.772166672097
49,58,-8.415445150917
49,59,38.334685966351
49,60,30.392802137227
49,61,48.000017364298
49,62,9.363538837904
49,63,58.525560197682
49,64,33.274098848335
49,65,62.971129397032
49,66,-19.610370688075
49,67,-18.597751877052
49,68,4.408995867299
49,69,37.042908377996
49,70,58.193375886898
49,71,41.801144421799
49,72,37.255406690434
49,73,-0.385522497527
49,74,-4.188177551558
49,75,44.118675483442
49,76,-1.847511170738
49,77,44.317009959144
49,78,-13.627461671094
49,79,-16.978783695398
49,80,-13.771664717533
49,81,31.534266184164
49,82,40.380880042569
49,83,54.578487680774
49,84,57.953013709572
49,85,0.322413311391
49,86,-2.084261940719
49,87,44.025414253680
49,88,7.043593253708
49,89,-12.689555044461
49,90,64.500849743068
49,91,-4.284634473770
49,92,-9.166862416707
49,93,-8.427931913873
49,94,23.616578321140
49,95,-7.388105936712
49,96,25.944025460791
49,97,11.890551657474
49,98,-9.453949806695
49,99,27.905697148977
49,100,51.709907103235
49,101,63.780749555495
49,102,33.560856201999
49,103,48.656276823705
49,104,56.125740753145
49,105,-18.110037698527
49,106,85.676264130663
49,107,-13.761466058852
49,108,25.659188672544
49,109,-14.766140742569
49,110,4.976157905308
49,111,-6.112724667597
49,112,-17.720984810621
49,113,-10.592774685174
49,114,-6.684467643543
49,115,52.041193288002
49,116,36.949763902230
49,117,45.569453177653
49,118,45.669686627465
49,119,-2.803876496357
49,120,-15.647186243725
49,121,42.016262199817
49,122,11.734256643271
49,123,-5.220910624244
49,124,18.446158325423
49,125,-7.297924281840
49,126,-14.654136969300
49,127,-3.992040697260
49,128,-0.871758567686
49,129,-9.676330499780
49,130,-5.473450533078
49,131,7.584174318472
49,132,41.710379198972
49,133,-6.347170481509
49,134,29.323290657980
49,135,-0.627315918697
49,136,-19.451539284630
49,137,30.158056673368
49,138,-13.581599080047
49,139,6.614120019636
49,140,40.078315802166
49,141,10.375962502723
49,142,63.273967174478
49,143,2.769720876218
49,144,25.940887716322
49,145,16.639474009738
49,146,56.447527659955
49,147,6.644157150200
49,148,-24.000077816789
49,149,-7.459499280958
49,150,-27.649318210562
49,151,26.985297183208
49,152,-3.941384561505
49,153,-13.196011046231
49,154,58.810700406801
49,155,44.426666121239
49,156,17.508416437609
49,157,21.649754560567
49,158,4.427173218835
49,159,-8.759521709770
49,160,60.005499208695
49,161,50.426916446289
49,162,52.837333542193
49,163,37.786078714504
49,164,36.530130437030
49,165,-13.367323097424
49,166,41.141733145269
49,167,44.068457162597
49,168,13.564109930005
49,169,64.294280282498
49,170,-4.246692094945
49,171,10.304883226956
49,172,-12.866269511826
49,173,40.059489345011
49,174,9.223962396813
49,175,49.707619395609
49,176,49.250003369321
49,177,7.937460111738
49,178,-7.740169973302
49,179,13.240419660578
49,180,38.148625355483
49,181,-8.693887769186
49,182,12.417805184785
49,183,-9.802891678693
49,184,-14.423400999804
49,185,48.931742488057
49,186,57.216540145666
49,187,59.187539705272
49,188,-3.139231265777
49,189,30.274809749746
49,190,38.665265104784
49,191,29.764823217134
49,192,0.960292714080
49,193,27.113588612949
49,194,-0.975651984663
49,195,-17.193366160856
49,196,42.509761618094
49,197,42.108464364588
49,198,31.645600831733
49,199,49.049577866026
50,0,-33.969225121291
50,1,-8.152767125779
50,2,-56.424386702900
50,3,-72.191328907946
50,4,-62.686278357985
50,5,-53.407804799288
50,6,-61.682894481375
50,7,-66.794314743674
50,8,20.512407199669
50,9,-55.114145682739
50,10,-32.155113776673
50,11,-31.145308592007
50,12,-52.751399278794
50,13,-75.175027540979
50,14,-26.782513644910
50,15,-60.291943972217
50,16,-60.498378696706
50,17,-51.170867587934
50,18,-61.151230637770
50,19,-0.795637353134
50,20,-56.147981814225
50,21,-59.042077423073
50,22,-55.589941724240
50,23,-3.260656024198
50,24,-56.955311124118
50,25,-70.461550800850
50,26,-6.242511971563
50,27,-19.785532272712
50,28,0.455146052278
50,29,-58.285592249282
50,30,-14.290047963012
50,31,14.744427821235
50,32,-62.150444443228
50,33,-20.251937119261
50,34,-53.088796989112
50,35,-74.851821075477
50,36,-25.526085719437
50,37,-72.080591822349
50,38,-63.117258754704
50,39,-68.659964702521
50,40,-66.047008379654
50,41,-57.905459383408
50,42,-15.758130633752
50,43,-5.252039063482
50,44,-62.337801022521
50,45,-20.312730930127
50,46,-15.398036099090
50,47,-61.402884847790
50,48,-25.778841547937
50,49,-22.658063862895
50,50,-68.849351409197
50,51,-10.461942945432
50,52,-64.107794249132
50,53,-31.187047504180
50,54,-7.520305254904
50,55,-56.170631043475
50,56,-62.597103084285
50,57,-53.477028554320
50,58,-59.120132303346
50,59,-12.371448757913
50,60,-20.313086662762
50,61,-2.706416658075
50,62,-41.341698803801
50,63,7.818800231733
50,64,-17.431879171847
50,65,12.264231763009
50,66,-70.314711225168
50,67,-69.302123766283
50,68,-46.296088364885
50,69,-13.663186345424
50,70,7.486626207799
50,71,-8.905097644529
50,72,-13.450694613144
50,73,-51.090458276856
50,74,-54.892995590373
50,75,-6.587638347861
50,76,-52.552401682806
50,77,-6.389310013830
50,78,-64.331987448801
50,79,-67.683205710382
50,80,-64.476186030442
50,81,-19.171657961517
50,82,-10.325318043862
50,83,3.871849944459
50,84,7.246271473836
50,85,-50.382544387670
50,86,-52.789145122333
50,87,-6.680896689679
50,88,-43.661572554352
50,89,-63.394109861525
50,90,13.793904737111
50,91,-54.989449526031
50,92,-59.871526303585
50,93,-59.132618679680
50,94,-27.089100653568
50,95,-58.092824897911
50,96,-24.761725582757
50,97,-38.814764229872
50,98,-60.158604804725
50,99,-22.800114637583
50,100,1.003358197988
50,101,13.073826849410
50,102,-17.145130697747
50,103,-2.050177520752
50,104,5.419055102939
50,105,-68.814424688113
50,106,34.968663352505
50,107,-64.465987687530
50,108,-25.046553551081
50,109,-65.470631264703
50,110,-45.728943888047
50,111,-56.817483117629
50,112,-68.425383845890
50,113,-61.297394422763
50,114,-57.389208391040
50,115,1.334634123872
50,116,-13.756327936913
50,117,-5.136905578838
50,118,-5.036675232885
50,119,-53.508737396762
50,120,-66.351649487158
50,121,-8.689986527854
50,122,-38.971054404588
50,123,-55.925696687031
50,124,-32.259360549935
50,125,-58.002646035275
50,126,-65.358630959265
50,127,-54.696864808975
50,128,-51.576679291771
50,129,-60.380978612418
50,130,-56.178228776596
50,131,-43.121008227834
50,132,-8.995860056719
50,133,-57.051921672530
50,134,-21.382565024433
50,135,-51.332244211408
50,136,-70.155884739368
50,137,-20.547824857691
50,138,-64.286126277737
50,139,-44.091032490469
50,140,-10.627872915080
50,141,-40.329306487300
50,142,12.567060162270
50,143,-47.935312598835
50,144,-24.764863230070
50,145,-34.065988923066
50,146,5.740832044925
50,147,-44.060996289954
50,148,-74.704282443119
50,149,-58.164216031655
50,150,-78.353409853014
50,151,-23.720486103201
50,152,-54.646210241670
50,153,-63.900550182450
50,154,8.103931610822
50,155,-6.279657247382
50,156,-33.197073401279
50,157,-29.055863512236
50,158,-46.277911576173
50,159,-59.464198208814
50,160,9.298693412929
50,161,-0.279592728912
50,162,2.130749724107
50,163,-12.920039021723
50,164,-14.175948407879
50,165,-64.071856929499
50,166,-9.564488501710
50,167,-6.637855113637
50,168,-37.141257777148
50,169,13.587341673534
50,170,-54.951508321996
50,171,-40.400383562184
50,172,-63.570818857472
50,173,-10.646698789256
50,174,-41.481270923105
50,175,-0.998867505354
50,176,-1.456469360819
50,177,-42.767733373526
50,178,-58.444878033784
50,179,-37.464938023855
50,180,-12.557503607270
50,181,-59.398566300406
50,182,-38.287527028340
50,183,-60.507535872726
50,184,-65.127902133769
50,185,-1.774720386631
50,186,6.509820716485
50,187,8.480759239574
50,188,-53.844081782707
50,189,-20.431075396584
50,190,-12.040879856133
50,191,-20.941046137385
50,192,-49.744684735604
50,193,-23.592198645994
50,194,-51.680569491917
50,195,-67.897781532025
50,196,-8.196502391322
50,197,-8.597787218227
50,198,-19.060326761457
50,199,-1.656888657621
51,0,16.101810620741
51,1,41.919058049258
51,2,-6.354037569399
51,3,-22.121461855677
51,4,-12.616120686813
51,5,-3.337363430350
51,6,-11.612706131142
51,7,-16.724282677402
51,8,70.585108976011
51,9,-5.043756487205
51,10,17.915977436853
51,11,18.925813499227
51,12,-2.680937839417
51,13,-25.105251714522
51,14,23.288741852222
51,15,-10.221713092717
51,16,-10.428154129091
51,17,-1.100357821648
51,18,-11.081026031563
51,19,49.276412802283
51,20,-6.077624229365
51,21,-8.971808327908
51,22,-5.519567076699
51,23,46.811318750719
51,24,-6.884978224167
51,25,-20.391630860759
51,26,43.829371618522
51,27,30.285937181652
51,28,50.527234456938
51,29,-8.215300023927
51,30,35.781589537619
51,31,64.816953203750
51,32,-12.080270388622
51,33,29.819518073025
51,34,-3.018345866105
51,35,-24.782035367098
51,36,24.545208197109
51,37,-22.010721384308
51,38,-13.047114260997
51,39,-18.589989678847
51,40,-15.976953464276
51,41,-7.835155535147
51,42,34.313461974198
51,43,44.819874815075
51,44,-12.267632696457
51,45,29.758722403167
51,46,34.673567520222
51,47,-11.332687936083
51,48,24.292444639766
51,49,27.413317753308
51,50,-18.779382176035
51,51,39.609811616050
51,52,-14.037680041540
51,53,18.884073310765
51,54,42.551539260603
51,55,-6.100274151133
51,56,-12.526942686527
51,57,-3.406589301987
51,58,-9.049865594774
51,59,37.700247412038
51,60,29.758366659655
51,61,47.365575065494
51,62,8.729111506917
51,63,57.891113821024
51,64,32.639662254536
51,65,62.336681298017
51,66,-20.244786795462
51,67,-19.232168376671
51,68,3.774570455607
51,69,36.408470324131
51,70,57.558929638937
51,71,41.166704524534
51,72,36.620968554249
51,73,-1.019946051936
51,74,-4.822599632927
51,75,43.484234688338
51,76,-2.481934158815
51,77,43.682569087199
51,78,-14.261880096012
51,79,-17.613200822147
51,80,-14.406083086586
51,81,30.899830264381
51,82,39.746440695541
51,83,53.944042833318
51,84,57.318567554728
51,85,-0.312010517257
51,86,-2.718684837084
51,87,43.390973494701
51,88,6.409166821424
51,89,-13.323973832681
51,90,63.866401051389
51,91,-4.919056517771
51,92,-9.801282569490
51,93,-9.062352352892
51,94,22.982145468668
51,95,-8.022526778521
51,96,25.309591706682
51,97,11.256123347564
51,98,-10.088369848272
51,99,27.271262634909
51,100,51.075463367139
51,101,63.146301142806
51,102,32.926419497104
51,103,48.021834270650
51,104,55.491295306245
51,105,-18.744454387066
51,106,85.041807234673
51,107,-14.395884431855
51,108,25.024755028775
51,109,-15.400558726404
51,110,4.341732273911
51,111,-6.747146003458
51,112,-18.355401649867
51,113,-11.227194285610
51,114,-7.318888757931
51,115,51.406749423557
51,116,36.315325884447
51,117,44.935011820489
51,118,45.035245231476
51,119,-3.438299113965
51,120,-16.281603886273
51,121,41.381822219220
51,122,11.099828393912
51,123,-5.855332305560
51,124,17.811727475950
51,125,-7.932345158595
51,126,-15.288554996514
51,127,-4.626462854605
51,128,-1.506181933742
51,129,-10.310750455210
51,130,-6.107872116569
51,131,6.949747676787
51,132,41.075939336872
51,133,-6.981591726544
51,134,28.688855594737
51,135,-1.261739379443
51,136,-20.085955453535
51,137,29.523621286731
51,138,-14.216017522725
51,139,5.979693753725
51,140,39.443876572353
51,141,9.741534779540
51,142,62.639518958131
51,143,2.135296099550
51,144,25.306453963422
51,145,16.005043860154
51,146,55.813082088389
51,147,6.009730872654
51,148,-24.634492223799
51,149,-8.093920095118
51,150,-28.283731204043
51,151,26.350863025706
51,152,-4.575806738474
51,153,-13.830429638270
51,154,58.176253919672
51,155,43.792225206809
51,156,16.873985951410
51,157,21.015322470041
51,158,3.792747800107
51,159,-9.393942020339
51,160,59.371052258663
51,161,49.792473207250
51,162,52.202889369299
51,163,37.151640372729
51,164,35.895692581820
51,165,-14.001741623098
51,166,40.507293503477
51,167,43.434016386949
51,168,12.929680971778
51,169,63.659831670848
51,170,-4.881114153643
51,171,9.670455531312
51,172,-13.500688231594
51,173,39.425050122496
51,174,8.589535119900
51,175,49.073176435246
51,176,48.615560586244
51,177,7.303033333192
51,178,-8.374590678737
51,179,12.605990827746
51,180,37.514186873253
51,181,-9.328308105185
51,182,11.783376670624
51,183,-10.437311585098
51,184,-15.057819116395
51,185,48.297299828278
51,186,56.582094276157
51,187,58.553093072136
51,188,-3.773653753473
51,189,29.640374317882
51,190,38.030826422400
51,191,29.130387982841
51,192,0.325868638334
51,193,26.479154405744
51,194,-1.610075310477
51,195,-17.827783204484
51,196,41.875321446307
51,197,41.474024348267
51,198,31.011164868818
51,199,48.415135160598
52,0,20.739807181199
52,1,46.557127726250
52,2,-1.716104601983
52,3,-17.483573538164
52,4,-7.978205452455
52,5,1.300578079834
52,6,-6.974788055311
52,7,-12.086379076442
52,8,75.223259842976
52,9,-0.405819809275
52,10,22.553979135024
52,11,23.563818057257
52,12,1.957005529664
52,13,-20.467371846251
52,14,27.926758766182
52,15,-5.583791077865
52,16,-5.790232698848
52,17,3.537590023428
52,18,-6.443106450119
52,19,53.914503316737
52,20,-1.439690479187
52,21,-4.333882773564
52,22,-0.881631746190
52,23,51.449402283499
52,24,-2.247046760283
52,25,-15.753737644824
52,26,48.467446705850
52,27,34.923973912126
52,28,55.165328513998
52,29,-3.577372327287
52,30,40.419641832377
52,31,69.455087733288
52,32,-7.442353636841
52,33,34.457553482564
52,34,1.619596547491
52,35,-20.144154583577
52,36,29.183228669441
52,37,-17.372832753201
52,38,-8.409200247115
52,39,-13.952091361120
52,40,-11.339047747053
52,41,-3.197226762008
52,42,38.951510111037
52,43,49.457952707700
52,44,-7.629716475247
52,45,34.396757640527
52,46,39.311616676925
52,47,-6.694769067297
52,48,28.930464396253
52,49,32.051346348293
52,50,-14.141484394619
52,51,44.247874752880
52,52,-9.399768832729
52,53,23.522077750582
52,54,47.189610728885
52,55,-1.462340465092
52,56,-7.889027199635
52,57,1.231352012153
52,58,-4.411940261467
52,59,42.338305140693
52,60,34.396401896003
52,61,52.003660168040
52,62,13.367087188133
52,63,62.529228734471
52,64,37.277705650995
52,65,66.974808802632
52,66,-15.606893163698
52,67,-14.594271877439
52,68,8.412532105947
52,69,41.046524394304
52,70,62.197043611552
52,71,45.804772070733
52,72,41.259023226237
52,73,3.618002020863
52,74,-0.184662328713
52,75,48.122308798178
52,76,2.156009773826
52,77,48.320643758765
52,78,-9.623969522087
52,79,-12.975299738391
52,80,-9.768172921016
52,81,35.537868733460
52,82,44.384504219321
52,83,58.582146567605
52,84,61.956680846568
52,85,4.325939560324
52,86,1.919258425107
52,87,48.029047340417
52,88,11.047135932713
52,89,-8.686060602813
52,90,68.504532888648
52,91,-0.281119486710
52,92,-5.163359364058
52,93,-4.424427054953
52,94,27.620161514336
52,95,-3.384598535980
52,96,29.947614343786
52,97,15.894106185151
52,98,-5.450447455820
52,99,31.909290827585
52,100,55.713558976917
52,101,67.784430940512
52,102,37.564463705690
52,103,52.659921231869
52,104,60.129403422754
52,105,-14.106556506747
52,106,89.679999049062
52,107,-9.757974237407
52,108,29.662776859201
52,109,-10.762651376965
52,110,8.979695530397
52,111,-2.109214149255
52,112,-13.717502667852
52,113,-6.589275118095
52,114,-2.680958522804
52,115,56.044845971606
52,116,40.953379690822
52,117,49.573090039208
52,118,49.673323734067
52,119,1.199642110383
52,120,-11.643699031752
52,121,46.019890374664
52,122,15.737810788880
52,123,-1.217397925888
52,124,22.449728878877
52,125,-3.294416660669
52,126,-10.650647329909
52,127,0.011475005034
52,128,3.131764762096
52,129,-5.672828692499
52,130,-1.469938452043
52,131,11.587718318959
52,132,45.714006626004
52,133,-2.343660536251
52,134,33.326887802141
52,135,3.376208008624
52,136,-15.448061372001
52,137,34.161655858261
52,138,-9.578106818932
52,139,10.617661648779
52,140,44.081939239222
52,141,14.379513327884
52,142,67.277647320479
52,143,6.773253107625
52,144,29.944476591641
52,145,20.643040146562
52,146,60.451191116284
52,147,10.647698852772
52,148,-19.996611022478
52,149,-3.455992054747
52,150,-23.645860336263
52,151,30.988888611748
52,152,0.062131264618
52,153,-9.192517842574
52,154,62.814369640713
52,155,48.430300188935
52,156,21.511984698656
52,157,25.653332945600
52,158,8.430709501918
52,159,-4.756017661399
52,160,64.009171363716
52,161,54.430565183306
52,162,56.840988172211
52,163,41.789696547654
52,164,40.533745199740
52,165,-9.363830312526
52,166,45.145359182112
52,167,48.072090354559
52,168,17.567668548822
52,169,68.297962923039
52,170,-0.243177015138
52,171,14.308433878366
52,172,-8.862775502144
52,173,44.063112736047
52,174,13.227510405843
52,175,53.711266374085
52,176,53.253649229024
52,177,11.941004975844
52,178,-3.736663433177
52,179,17.243977488113
52,180,42.152244074961
52,181,-4.690383560381
52,182,16.421361001368
52,183,-5.799390180786
52,184,-10.419910796401
52,185,52.935387569676
52,186,61.220205482103
52,187,63.191209860503
52,188,0.864286521195
52,189,34.278409220067
52,190,42.668885087303
52,191,33.768421440705
52,192,4.963820522309
52,193,31.117180355126
52,194,3.027871091152
52,195,-13.189882728373
52,196,46.513390999426
52,197,46.112092764844
52,198,35.649203653207
52,199,53.053223235729
53,0,-18.858262382440
53,1,6.958433871710
53,2,-41.313631189252
53,3,-57.080718891149
53,4,-47.575580629549
53,5,-38.297021448074
53,6,-46.572187493693
53,7,-51.683654924025
53,8,35.623872764052
53,9,-40.003378077970
53,10,-17.044134295975
53,11,-16.034319792117
53,12,-37.640609870126
53,13,-60.064445057025
53,14,-11.671484581806
53,15,-45.181224148786
53,16,-45.387660778259
53,17,-36.060063593730
53,18,-46.040518743874
53,19,14.315631545651
53,20,-41.037223749874
53,21,-43.931346065772
53,22,-40.479178510199
53,23,11.850590124006
53,24,-41.844560509911
53,25,-55.350924821985
53,26,8.868706656162
53,27,-4.674438635215
53,28,15.566426495054
53,29,-43.174853911063
53,30,0.821096392494
53,31,29.855840148222
53,32,-47.039741770110
53,33,-5.140847786199
53,34,-37.978010694023
53,35,-59.741235609057
53,36,-10.415045060974
53,37,-56.969980783688
53,38,-48.006565003350
53,39,-53.549322098894
53,40,-50.936341663924
53,41,-42.794717537283
53,42,-0.646999827295
53,43,9.859188705603
53,44,-47.227100078329
53,45,-5.201642158121
53,46,-0.286901969295
53,47,-46.292175276176
53,48,-10.667803222117
53,49,-7.546996735815
53,50,-53.738710553196
53,51,4.649236740195
53,52,-48.997109638425
53,53,-16.076059089486
53,54,7.590901579730
53,55,-41.059873188125
53,56,-47.486404532930
53,57,-38.366245841920
53,58,-44.009401666342
53,59,2.739713304574
53,60,-5.201997894044
53,61,12.404834605404
53,62,-26.230804102335
53,63,22.930148637446
53,64,-2.320763812488
53,65,27.375621198473
53,66,-55.204083891294
53,67,-54.191487088407
53,68,-31.185239384649
53,69,1.447963795457
53,70,22.597971547686
53,71,6.206096409536
53,72,1.660457488848
53,73,-35.979653540606
53,74,-39.782225944793
53,75,8.523577094602
53,76,-37.441610437738
53,77,8.721907259060
53,78,-49.221304906940
53,79,-52.572554093334
53,80,-49.365504819245
53,81,-4.060558658588
53,82,4.785862902703
53,83,18.983161921591
53,84,22.357614595341
53,85,-35.271733118600
53,86,-37.678356061988
53,87,8.430317892075
53,88,-28.550699261745
53,89,-48.283418664949
53,90,28.905308291018
53,91,-39.878680770547
53,92,-44.760802600511
53,93,-44.021888157906
53,94,-11.978074419902
53,95,-42.982084780815
53,96,-9.650677870130
53,97,-23.703846208547
53,98,-45.047883750827
53,99,-7.689048821478
53,100,16.114643700457
53,101,28.185223757202
53,102,-2.034012691976
53,103,13.061079799394
53,104,20.530381360040
53,105,-53.703783509824
53,106,50.080262348769
53,107,-49.355306382226
53,108,-9.935508467090
53,109,-50.359959230198
53,110,-30.618089673997
53,111,-41.706731231527
53,112,-53.314739077578
53,113,-46.186683877677
53,114,-42.278461780894
53,115,16.445922683837
53,116,1.354821344357
53,117,9.974323252856
53,118,10.074554523861
53,119,-38.397954976979
53,120,-51.240985582634
53,121,6.421209511514
53,122,-23.860137825599
53,123,-40.814936571391
53,124,-17.148382031301
53,125,-42.891905086006
53,126,-50.247957891232
53,127,-39.586093353464
53,128,-36.465879042502
53,129,-45.270259610603
53,130,-41.067470991366
53,131,-28.010129946662
53,132,6.115333159680
53,133,-41.941171949860
53,134,-6.271486125872
53,135,-36.221441706432
53,136,-55.045255939869
53,137,-5.436738255361
53,138,-49.175443312677
53,139,-28.980163161104
53,140,4.483305239148
53,141,-25.218402442966
53,142,27.678452392756
53,143,-32.824478745948
53,144,-9.653815546400
53,145,-18.955027077209
53,146,20.852161271883
53,147,-28.950126683405
53,148,-59.593695615265
53,149,-43.053476573368
53,150,-63.242856698176
53,151,-8.609428781107
53,152,-39.535438318708
53,153,-48.789863659302
53,154,23.215282648183
53,155,8.831561037521
53,156,-18.086103536501
53,157,-13.944855429399
53,158,-31.167062428205
53,159,-44.353470746886
53,160,24.410055477478
53,161,14.831680932657
53,162,17.242045631785
53,163,2.191117977760
53,164,0.935197000668
53,165,-48.961171987161
53,166,5.546699466693
53,167,8.473359865362
53,168,-22.030324311767
53,169,28.698743320921
53,170,-39.840739216386
53,171,-25.289480173793
53,172,-48.460129291569
53,173,4.464479191229
53,174,-26.370377509673
53,175,14.112399517733
53,176,13.654793438887
53,177,-27.656851832173
53,178,-43.334141165476
53,179,-22.354007545582
53,180,2.553656738091
53,181,-44.287838232820
53,182,-23.176604141379
53,183,-45.396818038789
53,184,-50.017226936579
53,185,13.336539475815
53,186,21.621157040870
53,187,23.592113754908
53,188,-38.733302457549
53,189,-5.319987716779
53,190,3.070285257229
53,191,-5.829963164077
53,192,-34.633867580182
53,193,-8.481140139949
53,194,-36.569770201371
53,195,-52.787131895057
53,196,6.914698202527
53,197,6.513409672072
53,198,-3.949226431054
53,199,13.454372292341
54,0,-15.016447431044
54,1,10.800309395941
54,2,-37.471868921013
54,3,-53.238993612787
54,4,-43.733833052123
54,5,-34.455252102656
54,6,-42.730437562284
54,7,-47.841916984216
54,8,39.465815549498
54,9,-36.161612735792
54,10,-13.202315088281
54,11,-12.192498215190
54,12,-33.798838984709
54,13,-56.222726778375
54,14,-7.829652768705
54,15,-41.339470954124
54,16,-41.545908067907
54,17,-32.218289000215
54,18,-42.198767565147
54,19,18.157524332513
54,20,-37.195460833165
54,21,-40.089589938842
54,22,-36.637414284283
54,23,15.692477126962
54,24,-38.002799487265
54,25,-51.509195485567
54,26,12.710586662550
54,27,-0.832590405276
54,28,19.408322216768
54,29,-39.333096009366
54,30,4.662957516550
54,31,33.697769399048
54,32,-43.197992935595
54,33,-1.299000650579
54,34,-34.136240600179
54,35,-55.899516572179
54,36,-6.573210299968
54,37,-53.128255245538
54,38,-44.164818437035
54,39,-49.707588535930
54,40,-47.094601970908
54,41,-38.952958743765
54,42,3.194857852162
54,43,13.701071036012
54,44,-43.385351683362
54,45,-1.359795165146
54,46,3.554956555061
54,47,-42.450424687842
54,48,-6.825969054138
54,49,-3.705155245661
54,50,-49.896977434539
54,51,8.491106846282
54,52,-45.155365395949
54,53,-12.234237610486
54,54,11.432778587943
54,55,-37.218110324560
54,56,-43.644656746306
54,57,-34.524476658909
54,58,-40.167645722533
54,59,6.581578930301
54,60,-1.360150901899
54,61,16.246722908822
54,62,-22.389006448182
54,63,26.772061637472
54,64,1.521089939837
54,65,31.217544629559
54,66,-51.362354210389
54,67,-50.349755031959
54,68,-27.343453354275
54,69,5.289826390341
54,70,26.439883768282
54,71,10.047970168525
54,72,5.502320582302
54,73,-32.137878758440
54,74,-35.940460083773
54,75,12.365456291191
54,76,-33.599839085451
54,77,12.563786921004
54,78,-45.379561190428
54,79,-48.730818238881
54,80,-45.523761441029
54,81,-0.218708988315
54,82,8.627733329355
54,83,22.825065660334
54,84,26.199526251956
54,85,-31.429956675587
54,86,-33.836585265133
54,87,12.272196869846
54,88,-24.708907050401
54,89,-44.441672748137
54,90,32.747235311450
54,91,-36.036915135817
54,92,-40.919048419521
54,93,-40.180132243397
54,94,-8.136243326131
54,95,-39.140326426874
54,96,-5.808841315731
54,97,-19.862042625755
54,98,-41.206130243343
54,99,-3.847207664607
54,100,19.956540708503
54,101,32.027149087982
54,102,1.807841733149
54,103,16.902969642608
54,104,24.372288729195
54,105,-49.862050309224
54,106,53.922239056788
54,107,-45.513562980079
54,108,-6.093672580981
54,109,-46.518218184989
54,110,-26.776302313017
54,111,-37.864969885530
54,112,-49.473004964282
54,113,-42.344933041859
54,114,-38.436701776212
54,115,20.287820469188
54,116,5.196683720693
54,117,13.816205853407
54,118,13.916437359592
54,119,-34.556185868358
54,120,-47.399246604313
54,121,10.263083775229
54,122,-20.018334609485
54,123,-36.973173133185
54,124,-13.306563068196
54,125,-39.050146520494
54,126,-46.406216583258
54,127,-35.744327032313
54,128,-32.624105401061
54,129,-41.428506624819
54,130,-37.225708145626
54,131,-24.168336467061
54,132,9.957206705709
54,133,-38.099411153875
54,134,-2.429641643037
54,135,-32.379667491521
54,136,-51.203525886347
54,137,-1.594891813977
54,138,-45.333699488569
54,139,-25.138371957335
54,140,8.325174955899
54,141,-21.376602413569
54,142,31.520376534419
54,143,-28.982696561419
54,144,-5.811978999365
54,145,-15.113212352844
54,146,24.694069396071
54,147,-25.108335409168
54,148,-55.751976232255
54,149,-39.211718386912
54,150,-59.401145875912
54,151,-4.767589783682
54,152,-35.693671878711
54,153,-44.948118930624
54,154,27.057196317255
54,155,12.673440956751
54,156,-14.244286773472
54,157,-10.103028950143
54,158,-27.325276355179
54,159,-40.511715610279
54,160,28.251971950012
54,161,18.673574930370
54,162,21.083945285158
54,163,6.032982316305
54,164,4.777058392443
54,165,-45.119427660371
54,166,9.388571678515
54,167,12.315238944124
54,168,-18.188516802606
54,169,32.540669856658
54,170,-35.998973492642
54,171,-21.447680311147
54,172,-44.618383789326
54,173,8.306348863807
54,174,-22.528580182981
54,175,17.954291827737
54,176,17.496684675178
54,177,-23.815057523738
54,178,-39.492383637473
54,179,-18.512200795842
54,180,6.395521927268
54,181,-40.446082942239
54,182,-19.334799321594
54,183,-41.555065349916
54,184,-46.175485087311
54,185,17.178429965359
54,186,25.463066969438
54,187,27.434028308191
54,188,-34.891534135677
54,189,-1.478141001469
54,190,6.912151658580
54,191,-1.988117645305
54,192,-30.792089640665
54,193,-4.639300841533
54,194,-32.727996803667
54,195,-48.945396543997
54,196,10.756573624138
54,197,10.355284152123
54,198,-0.107376499560
54,199,17.296263058364
55,0,19.218111635659
55,1,45.035408191798
55,2,-3.237779283190
55,3,-19.005233570126
55,4,-9.499874315603
55,5,-0.221099404189
55,6,-8.496457850721
55,7,-13.608044122768
55,8,73.701513670800
55,9,-1.927495707874
55,10,21.032281903841
55,11,22.042119887781
55,12,0.435327435756
55,13,-21.989029106087
55,14,26.405056542833
55,15,-7.105462165629
55,16,-7.311903594811
55,17,2.015910460985
55,18,-7.964776739507
55,19,52.392776945693
55,20,-2.961365417214
55,21,-5.855555022608
55,22,-2.403307202709
55,23,49.927678203087
55,24,-3.768720948196
55,25,-17.275399283913
55,26,46.945725396319
55,27,33.402265187149
55,28,53.643600980657
55,29,-5.099045279203
55,30,38.897928000886
55,31,67.933346921280
55,32,-8.964022997839
55,33,32.935845190972
55,34,0.097918767075
55,35,-21.665812143699
55,36,27.661525278621
55,37,-18.894492888045
55,38,-9.930868709831
55,39,-15.473754674065
55,40,-12.860713487709
55,41,-4.718900067113
55,42,37.429797643730
55,43,47.936230477775
55,44,-9.151385662168
55,45,32.875049405426
55,46,37.789903875004
55,47,-8.216439122865
55,48,27.408761240295
55,49,30.529640292501
55,50,-15.663147531603
55,51,42.726157364203
55,52,-10.921436375123
55,53,22.000379619894
55,54,45.667890606732
55,55,-2.984015382077
55,56,-9.410696145635
55,57,-0.290325407543
55,58,-5.933612437992
55,59,40.816589526396
55,60,32.874693661237
55,61,50.481935572599
55,62,11.845398492893
55,63,61.007494358331
55,64,35.755994738967
55,65,65.453070295436
55,66,-17.128554939220
55,67,-16.115934593749
55,68,6.890848014118
55,69,39.524809980321
55,70,60.675309544087
55,71,44.283053235376
55,72,39.737308614800
55,73,2.096322383702
55,74,-1.706338432792
55,75,46.600587809349
55,76,0.634331495021
55,77,46.798922585636
55,78,-11.145636856185
55,79,-14.496963958845
55,80,-11.289840121135
55,81,34.016159438062
55,82,42.862786703685
55,83,57.060415859247
55,84,60.434947002461
55,85,2.804259265416
55,86,0.397580366269
55,87,46.507326438244
55,88,9.525449393012
55,89,-10.207728808302
55,90,66.982792959949
55,91,-1.802795501171
55,92,-6.685030842447
55,93,-5.946099219873
55,94,26.098459575864
55,95,-4.906271667001
55,96,28.425910242717
55,97,14.372415141966
55,98,-6.972118667472
55,99,30.387584903787
55,100,54.191830934142
55,101,66.262691680975
55,102,36.042752527210
55,103,51.138196026608
55,104,58.607671276630
55,105,-15.628219676182
55,106,88.158239442382
55,107,-11.279641446999
55,108,28.141073022802
55,109,-12.284317653131
55,110,7.458010911600
55,111,-3.630888465224
55,112,-15.239166198742
55,113,-8.110945271677
55,114,-4.202632307570
55,115,54.523117620993
55,116,39.431665363387
55,117,48.051367702290
55,118,48.151601304016
55,119,-0.322035279860
55,120,-13.165364489367
55,121,44.498171339423
55,122,14.216119890909
55,123,-2.739073070450
55,124,20.928031744566
55,125,-4.816089875480
55,126,-12.172313710136
55,127,-1.510201281271
55,128,1.610085576707
55,129,-7.194499697544
55,130,-2.991613361970
55,131,10.066031276983
55,132,44.192287874997
55,133,-3.865334634407
55,134,31.805180561147
55,135,1.854528596123
55,136,-16.969723295086
55,137,32.639947841613
55,138,-11.099774195638
55,139,9.095975508113
55,140,42.560222004737
55,141,12.857823691964
55,142,65.755908531864
55,143,5.251570538880
55,144,28.422772493490
55,145,19.121344690939
55,146,58.929458671140
55,147,9.126012684195
55,148,-21.518268719679
55,149,-4.977665119433
55,150,-25.167514643115
55,151,29.467183543165
55,152,-1.459545068756
55,153,-10.714185577526
55,154,61.292634999605
55,155,46.908578913921
55,156,19.990288435649
55,157,24.131632834637
55,158,6.909025393201
55,159,-6.277689518240
55,160,62.487435612347
55,161,52.908838332725
55,162,55.319259081800
55,163,40.267981443118
55,164,39.012031262224
55,165,-10.885497888310
55,166,43.623640959486
55,167,46.550369412398
55,168,16.045975950663
55,169,66.776223186302
55,170,-1.764853064844
55,171,12.786744308483
55,172,-10.384443543451
55,173,42.541395519052
55,174,11.705821840289
55,175,52.189540191896
55,176,51.731923472063
55,177,10.419317605621
55,178,-5.258336237101
55,179,15.722285190706
55,180,40.630528633548
55,181,-6.212055478209
55,182,14.899669468294
55,183,-7.321061068244
55,184,-11.941577391000
55,185,51.413662108454
55,186,59.698472322365
55,187,61.669474869217
55,188,-0.657390557462
55,189,32.756701094935
55,190,41.147169165830
55,191,32.246713789442
55,192,3.442139634739
55,193,29.595475167327
55,194,1.506192002293
55,195,-14.711546749466
55,196,44.991671505617
55,197,44.590373643929
55,198,34.127494254353
55,199,51.531497665012
56,0,-49.924364480903
56,1,-24.108158068710
56,2,-72.379307248179
56,3,-88.146095819422
56,4,-78.641137886400
56,5,-69.362754738955
56,6,-77.637763786857
56,7,-82.749134243233
56,8,4.556736893872
56,9,-71.069078995330
56,10,-48.110270814417
56,11,-47.100475470121
56,12,-68.706355614682
56,13,-91.129765379817
56,14,-42.737723037964
56,15,-76.246826831295
56,16,-76.453259544251
56,17,-67.125839325061
56,18,-77.106105123843
56,19,-16.751099994755
56,20,-72.102905052860
56,21,-74.996972461042
56,22,-71.544870400554
56,23,-19.216094642907
56,24,-72.910226495944
56,25,-86.416334567075
56,26,-22.197921530707
56,27,-35.740809851515
56,28,-15.500328778944
56,29,-74.240494658574
56,30,-30.245379096246
56,31,-1.211186269858
56,32,-78.105309192855
56,33,-36.207210152897
56,34,-69.043750037286
56,35,-90.806562063575
56,36,-41.481307356327
56,37,-88.035359812828
56,38,-79.072114083610
56,39,-84.614766023260
56,40,-82.001835160961
56,41,-73.860365496796
56,42,-31.713447460199
56,43,-21.207458275218
56,44,-78.292663946530
56,45,-36.268003371319
56,46,-31.353356434731
56,47,-77.357756881720
56,48,-41.734060721727
56,49,-38.613313448666
56,50,-84.804150884556
56,51,-26.417311384626
56,52,-80.062639926196
56,53,-47.142213975560
56,54,-23.475702361422
56,55,-72.125554061407
56,56,-78.551963481623
56,57,-69.431977819448
56,58,-75.075026580736
56,59,-28.326798588394
56,60,-36.268359100490
56,61,-18.661860678127
56,62,-57.296766321015
56,63,-8.136746363263
56,64,-33.387179687306
56,65,-3.691358156349
56,66,-86.269496422181
56,67,-85.256918829858
56,68,-62.251107603879
56,69,-29.618523587575
56,70,-8.468917149905
56,71,-24.860481255717
56,72,-29.406033926083
56,73,-67.045430797516
56,74,-70.847931057913
56,75,-22.543044543600
56,76,-68.507359957788
56,77,-22.344718142362
56,78,-80.286830941310
56,79,-83.638016548604
56,80,-80.431028117877
56,81,-35.126941522591
56,82,-26.280687814506
56,83,-12.083658184689
56,84,-8.709269541439
56,85,-66.337523806505
56,86,-68.744101090408
56,87,-22.636301976578
56,88,-59.616617465406
56,89,-79.348962492768
56,90,-2.161700090262
56,91,-70.944384053691
56,92,-75.826413259274
56,93,-75.087512835402
56,94,-43.044307058961
56,95,-74.047729185571
56,96,-40.716954668322
56,97,-54.769856371109
56,98,-76.113488963078
56,99,-38.755362839067
56,100,-14.952121975883
56,101,-2.881770960157
56,102,-33.100434007618
56,103,-18.005627936196
56,104,-10.536468104779
56,105,-84.769224503798
56,106,19.012852152613
56,107,-80.420829874340
56,108,-41.001779861006
56,109,-81.425463662235
56,110,-61.683968653575
56,111,-72.772399832487
56,112,-84.380187452363
56,113,-77.252267484597
56,114,-73.344119534886
56,115,-14.620849278486
56,116,-29.711664271374
56,117,-21.092325912599
56,118,-20.992096543436
56,119,-69.463686352909
56,120,-82.306473300050
56,121,-24.645372235384
56,122,-54.926145022830
56,123,-71.880622091659
56,124,-48.214516571818
56,125,-73.957551201660
56,126,-81.313464448132
56,127,-70.651802187669
56,128,-67.531647074517
56,129,-76.335860603926
56,130,-72.133151720496
56,131,-59.076058406441
56,132,-24.951242783391
56,133,-73.006836102963
56,134,-37.337827040006
56,135,-67.287214376025
56,136,-86.110671483970
56,137,-36.503095007873
56,138,-80.240970217128
56,139,-60.046073216639
56,140,-26.583239737229
56,141,-56.284383869875
56,142,-3.388532708406
56,143,-63.890315864483
56,144,-40.720092285061
56,145,-50.021127339736
56,146,-10.214694298738
56,147,-60.016037308815
56,148,-90.659024868808
56,149,-74.119119623661
56,150,-94.308116722495
56,151,-39.675725335648
56,152,-70.601148113950
56,153,-79.855397878913
56,154,-7.851617763001
56,155,-22.235066444526
56,156,-49.152220285338
56,157,-45.011050751702
56,158,-62.232930992293
56,159,-75.419089133567
56,160,-6.656867604783
56,161,-16.235060399675
56,162,-13.824741436889
56,163,-28.875383506034
56,164,-30.131280653040
56,165,-80.026702956740
56,166,-25.519865686903
56,167,-22.593260819995
56,168,-53.096366226157
56,169,-2.368261140698
56,170,-70.906443219370
56,171,-56.355460252147
56,172,-79.525669766859
56,173,-26.602065427942
56,174,-57.436337080246
56,175,-16.954328166386
56,176,-17.411925562265
56,177,-58.722786994636
56,178,-74.399778890969
56,179,-53.420043318707
56,180,-28.512851624597
56,181,-75.353457864694
56,182,-54.242624307321
56,183,-76.462416631046
56,184,-81.082737870864
56,185,-17.730173486547
56,186,-9.445713121531
56,187,-7.474793806723
56,188,-69.799027471156
56,189,-36.386346684500
56,190,-27.996232908095
56,191,-36.896312455596
56,192,-65.699670369984
56,193,-39.547439128604
56,194,-67.635536262322
56,195,-83.852590279428
56,196,-24.151892908041
56,197,-24.553173824272
56,198,-35.015611407471
56,199,-17.612342905872
57,0,-13.765131135973
57,1,12.051645419982
57,2,-36.220569785197
57,3,-51.987706524815
57,4,-42.482538701210
57,5,-33.203950661758
57,6,-41.479142444659
57,7,-46.590625772325
57,8,40.717173480960
57,9,-34.910312598775
57,10,-11.950997406908
57,11,-10.941179762136
57,12,-32.547537042221
57,13,-54.971441970258
57,14,-6.578330981662
57,15,-40.088174773635
57,16,-40.294612045160
57,17,-30.966985849976
57,18,-40.947472041262
57,19,19.408865979116
57,20,-35.944161486143
57,21,-38.838292803295
57,22,-35.386114510839
57,23,16.943816889703
57,24,-36.751500757149
57,25,-50.257907075858
57,26,13.961924146461
57,27,0.418736728840
57,28,20.659664819264
57,29,-38.081798295760
57,30,5.914288850363
57,31,34.949122922204
57,32,-41.946698175234
57,33,-0.047673872890
57,34,-32.884938915508
57,35,-54.648231517102
57,36,-5.321887552782
57,37,-51.876968072953
57,38,-42.913524415439
57,39,-48.456298749617
57,40,-45.843310187993
57,41,-37.701660739687
57,42,4.446188064052
57,43,14.952409276870
57,44,-42.134057066163
57,45,-0.108468433922
57,46,4.806287042134
57,47,-41.199129356253
57,48,-5.574646500107
57,49,-2.453830306738
57,50,-48.645687792938
57,51,9.742441105598
57,52,-43.904072131241
57,53,-10.982919189337
57,54,12.684115095333
57,55,-35.966810994840
57,56,-42.393362327246
57,57,-33.273175270901
57,58,-38.916348646628
57,59,7.832911730336
57,60,-0.108824170944
57,61,17.498063095132
57,62,-21.137695786936
57,63,28.023409867630
57,64,2.772418872628
57,65,32.468896257182
57,66,-50.111065688478
57,67,-49.098465736322
57,68,-26.092146478972
57,69,6.541158203203
57,70,27.691231744575
57,71,11.299305617613
57,72,6.753652557556
57,73,-30.886575546756
57,74,-34.689159777772
57,75,13.616793511348
57,76,-32.348536990903
57,77,13.815124292727
57,78,-44.128268097033
57,79,-47.479527706208
57,80,-44.272468457813
57,81,1.032618614925
57,82,9.879067693080
57,83,24.076410874033
57,84,27.450874044560
57,85,-30.178652922950
57,86,-32.585283351487
57,87,13.523534018736
57,88,-23.457598161913
57,89,-43.190378938089
57,90,33.998588108152
57,91,-34.785614903514
57,92,-39.667751917776
57,93,-38.928835177030
57,94,-6.884921773380
57,95,-37.889028565965
57,96,-4.557517984424
57,97,-18.610730033513
57,98,-39.954833960961
57,99,-2.595882834241
57,100,21.207883729970
57,101,33.278501334345
57,102,3.059170885070
57,103,18.154310330436
57,104,25.623635125339
57,105,-48.610760640935
57,106,55.173608037061
57,107,-44.262269989078
57,108,-4.842349467333
57,109,-45.266925961652
57,110,-25.524995004329
57,111,-36.613671050094
57,112,-48.221714998719
57,113,-41.093637629659
57,114,-37.185403377647
57,115,21.539163743830
57,116,6.448015462382
57,117,15.067544182260
57,118,15.167775765040
57,119,-33.304884504585
57,120,-46.147955054184
57,121,11.514419388717
57,122,-18.767022136679
57,123,-35.721873616305
57,124,-12.055245466479
57,125,-37.798848590683
57,126,-45.154924274342
57,127,-34.493026576434
57,128,-31.372802560923
57,129,-40.177210512360
57,130,-35.974408821712
57,131,-22.917027165502
57,132,11.208542085442
57,133,-36.848112497581
57,134,-1.178315729376
57,135,-31.128364464596
57,136,-49.952237243080
57,137,-0.343565262410
57,138,-44.082406360132
57,139,-23.887063397029
57,140,9.576509088409
57,141,-20.125290978693
57,142,32.771728393483
57,143,-27.731390938738
57,144,-4.560655670452
57,145,-13.861896131719
57,146,25.945416038136
57,147,-23.857026825906
57,148,-54.500691064444
57,149,-37.960420580559
57,150,-58.149863496394
57,151,-3.516265656661
57,152,-34.442371384124
57,153,-43.696825507555
57,154,28.308544765328
57,155,13.924778412278
57,156,-12.992969888342
57,157,-8.851708900373
57,158,-26.073969465986
57,159,-39.260418797283
57,160,29.503321311189
57,161,19.924916971351
57,162,22.335289168230
57,163,7.284314697099
57,164,6.028389813444
57,165,-43.868134368211
57,166,10.639906623692
57,167,13.566576125901
57,168,-16.937202931527
57,169,33.792022495487
57,170,-34.747673231352
57,171,-20.196368930585
57,172,-43.367090114305
57,173,9.557682981926
57,174,-21.277269628394
57,175,19.205633319019
57,176,18.748025816742
57,177,-22.563747952212
57,178,-38.241086045586
57,179,-17.260887172110
57,180,7.646854585117
57,181,-39.194786079090
57,182,-18.083486326454
57,183,-40.303769334161
57,184,-44.924192602091
57,185,18.429770863710
57,186,26.714414199210
57,187,28.685377044261
57,188,-33.640233028156
57,189,-0.226814360685
57,190,8.163484711244
57,191,-0.736791394243
57,192,-29.540785400612
57,193,-3.387976616475
57,194,-31.476694042918
57,195,-47.694106175288
57,196,12.007909614753
57,197,11.606619836071
57,198,1.143951188758
57,199,18.547604046762
58,0,-21.197293224250
58,1,4.619366150633
58,2,-43.652629955359
58,3,-59.419695136276
58,4,-49.914570451270
58,5,-40.636024523068
58,6,-48.911178748625
58,7,-54.022638877977
58,8,33.284764091535
58,9,-42.342378715621
58,10,-19.383167729204
58,11,-18.373354667827
58,12,-39.979613882730
58,13,-62.403417040434
58,14,-14.010525689730
58,15,-47.520217390520
58,16,-47.726653725127
58,17,-38.399069863983
58,18,-48.379510758219
58,19,11.976553314351
58,20,-43.376222910789
58,21,-46.270341092801
58,22,-42.818178468224
58,23,9.511515414197
58,24,-44.183558517645
58,25,-57.689903537830
58,26,6.529636206156
58,27,-7.013489738398
58,28,13.227346476902
58,29,-45.513850018644
58,30,-1.517962561156
58,31,27.516739716149
58,32,-49.378732357203
58,33,-7.479898223108
58,34,-40.317014224682
58,35,-62.080208054118
58,36,-12.754087963709
58,37,-59.308957186986
58,38,-50.345554209474
58,39,-55.888303388027
58,40,-53.275326685289
58,41,-45.133714187839
58,42,-2.986056683738
58,43,7.520116840635
58,44,-49.566090397806
58,45,-7.540692508192
58,46,-2.625959340148
58,47,-48.631166931067
58,48,-13.006845763783
58,49,-9.886043735540
58,50,-56.077691571823
58,51,2.310172317913
58,52,-51.336097429703
58,53,-18.415093905576
58,54,5.251832955139
58,55,-43.398872316699
58,56,-49.825394482032
58,57,-40.705248818034
58,58,-46.348396581874
58,59,0.400651610114
58,60,-7.541048243605
58,61,10.065759103818
58,62,-28.569824412865
58,63,20.591058099533
58,64,-4.659818277920
58,65,25.036524309704
58,66,-57.543062816876
58,67,-56.530467460310
58,68,-33.524252618139
58,69,-0.891096053696
58,70,20.258881484318
58,71,3.867029763205
58,72,-0.678602663858
58,73,-38.318659925717
58,74,-42.121226898336
58,75,6.184507137630
58,76,-39.780614734591
58,77,6.382837018762
58,78,-51.560292377981
58,79,-54.911536777625
58,80,-51.704492084318
58,81,-6.399610638706
58,82,2.446798285237
58,83,16.644077022342
58,84,20.018524875355
58,85,-37.610740514909
58,86,-40.017360020676
58,87,6.091248068333
58,88,-30.889716258469
58,89,-50.622407475632
58,90,26.566209216900
58,91,-42.217681586313
58,92,-47.099796442759
58,93,-46.360883055604
58,94,-14.317115089871
58,95,-45.321081163740
58,96,-11.989721864753
58,97,-26.042870128680
58,98,-47.386877183024
58,99,-10.028095618283
58,100,13.775562899129
58,101,25.846125711811
58,102,-4.373067567038
58,103,10.722003360315
58,104,18.191294250435
58,105,-56.042764578335
58,106,47.741133022770
58,107,-51.694293661865
58,108,-12.274552054834
58,109,-52.698945074844
58,110,-32.957103717607
58,111,-44.045729436140
58,112,-55.653720701775
58,113,-48.525675683246
58,114,-44.617459168861
58,115,14.106841409244
58,116,-0.984238371741
58,117,7.635251223408
58,118,7.735482351229
58,119,-40.736957907793
58,120,-53.579970168867
58,121,4.082142557883
58,122,-26.199161522476
58,123,-43.153936049821
58,124,-19.487415315612
58,125,-45.230901597737
58,126,-52.586943895854
58,127,-41.925094587161
58,128,-38.804884733087
58,129,-47.609252725160
58,130,-43.406470109083
58,131,-30.349147715548
58,132,3.776266643014
58,133,-44.280169819598
58,134,-8.610534947664
58,135,-38.560447746167
58,136,-57.384235092308
58,137,-7.775788269588
58,138,-51.514430849224
58,139,-31.319179544371
58,140,2.144241053902
58,141,-27.557424199651
58,142,25.339355071352
58,143,-35.163489637926
58,144,-11.992859536542
58,145,-21.294057780797
58,146,18.513073702590
58,147,-31.289143109570
58,148,-61.932668271053
58,149,-45.392472854313
58,150,-65.581824141831
58,151,-10.948474263147
58,152,-41.874439624757
58,153,-51.128851746602
58,154,20.876191702926
58,155,6.492490640579
58,156,-20.425135481310
58,157,-16.283893289859
58,158,-33.506075687656
58,159,-46.692465170956
58,160,22.070962825361
58,161,12.492601964143
58,162,14.902963219865
58,163,-0.147942933014
58,164,-1.403862115985
58,165,-51.300159829771
58,166,3.207633762344
58,167,6.134289980131
58,168,-24.369350622430
58,169,26.359644541903
58,170,-42.179740086343
58,171,-27.628501828942
58,172,-50.799117849841
58,173,2.125415032875
58,174,-28.709397620834
58,175,11.773321576766
58,176,11.315716151643
58,177,-29.995870105689
58,178,-45.673137045531
58,179,-24.693033393887
58,180,0.214595309422
58,181,-46.626832750640
58,182,-25.515628814646
58,183,-47.735810972576
58,184,-52.356213270767
58,185,10.997462643223
58,186,19.282068372981
58,187,21.253022271303
58,188,-41.072304909358
58,189,-7.659037897793
58,190,0.731223090530
58,191,-8.169012616585
58,192,-36.972875887608
58,193,-10.820185805249
58,194,-38.908775743555
58,195,-55.126114272862
58,196,4.575630543921
58,197,4.174342586732
58,198,-6.288278570210
58,199,11.115295291413
59,0,-15.237098637546
59,1,10.579654710513
59,2,-37.692517101728
59,3,-53.459639669032
59,4,-43.954480389097
59,5,-34.675900689843
59,6,-42.951085034452
59,7,-48.062563767657
59,8,39.245157001002
59,9,-36.382261093058
59,10,-13.422966539241
59,11,-12.413149802225
59,12,-34.019487660342
59,13,-56.443372432601
59,14,-8.050304943637
59,15,-41.560118613714
59,16,-41.766555699680
59,17,-32.438937888815
59,18,-42.419415108954
59,19,17.936868655626
59,20,-37.416109051126
59,21,-40.310237766840
59,22,-36.858062577434
59,23,15.471821782266
59,24,-38.223447596443
59,25,-51.729841774883
59,26,12.489931719698
59,27,-1.053243523093
59,28,19.187666371326
59,29,-39.553743939294
59,30,4.442303658179
59,31,33.477111627901
59,32,-43.418640344760
59,33,-1.519653705545
59,34,-34.356889230345
59,35,-56.120162269952
59,36,-6.793862644219
59,37,-53.348901316705
59,38,-44.385465715932
59,39,-49.928235067993
59,40,-47.315248855040
59,41,-39.173606724915
59,42,2.974204191625
59,43,13.480415959675
59,44,-43.605999067287
59,45,-1.580448211920
59,46,3.334302846000
59,47,-42.671072197736
59,48,-7.046621364330
59,49,-3.925807976382
59,50,-50.117623941085
59,51,8.270452472032
59,52,-45.376012541376
59,53,-12.454889191897
59,54,11.212123817284
59,55,-37.438758539465
59,56,-43.865304095285
59,57,-34.745125236761
59,58,-40.388293540018
59,59,6.360924813380
59,60,-1.580803948622
59,61,16.026067489438
59,62,-22.609656661240
59,63,26.551404799669
59,64,1.300436504847
59,65,30.996887192661
59,66,-51.583000519488
59,67,-50.570401477496
59,68,-27.564102899742
59,69,5.069172447489
59,70,26.219226975241
59,71,9.827315584480
59,72,5.281666610819
59,73,-32.358527657881
59,74,-36.161108470842
59,75,12.144801394847
59,76,-33.820487787896
59,77,12.343131997928
59,78,-45.600208305645
59,79,-48.951464902551
59,80,-45.744408536819
59,81,-0.439362188852
59,82,8.407078936696
59,83,22.604409354441
59,84,25.978869491315
59,85,-31.650605670409
59,86,-34.057233935673
59,87,12.051541986068
59,88,-24.929556950861
59,89,-44.662319989729
59,90,32.526577668403
59,91,-36.257563509884
59,92,-41.139696135753
59,93,-40.400780059193
59,94,-8.356895459750
59,95,-39.360974382776
59,96,-6.029493762981
59,97,-20.082693179320
59,98,-41.426777920897
59,99,-4.067860376192
59,100,19.735884789181
59,101,31.806491541975
59,102,1.587188259517
59,103,16.682314134785
59,104,24.151632214795
59,105,-50.082696820478
59,106,53.701578560002
59,107,-45.734210077244
59,108,-6.314324989842
59,109,-46.738865146785
59,110,-26.996951934896
59,111,-38.085618013276
59,112,-49.693651527952
59,113,-42.565580565970
59,114,-38.657349826921
59,115,20.067164505221
59,116,4.976029790399
59,117,13.595550761558
59,118,13.695782254239
59,119,-34.776834441938
59,120,-47.619893447401
59,121,10.042429162197
59,122,-20.238985141994
59,123,-37.193821381094
59,124,-13.527214505106
59,125,-39.270794488548
59,126,-46.626863560152
59,127,-35.964975445801
59,128,-32.844754234982
59,129,-41.649154272411
59,130,-37.446356359505
59,131,-24.388986440361
59,132,9.736552133894
59,133,-38.320059250029
59,134,-2.650294545638
59,135,-32.600316358381
59,136,-51.424172216852
59,137,-1.815544829071
59,138,-45.554346609970
59,139,-25.359021799930
59,140,8.104520604014
59,141,-21.597252763044
59,142,31.299719056711
59,143,-29.203345886002
59,144,-6.032631446185
59,145,-15.333863546308
59,146,24.473412838306
59,147,-25.328985255801
59,148,-55.972621949913
59,149,-39.432366333196
59,150,-59.621791101898
59,151,-4.988242371241
59,152,-35.914320299024
59,153,-45.168766103976
59,154,26.836539441028
59,155,12.452786018905
59,156,-14.464938084027
59,157,-10.323680818736
59,158,-27.545925903090
59,159,-40.732363381394
59,160,28.031314912776
59,161,18.452919183939
59,162,20.863289213907
59,163,5.812328273314
59,164,4.556404518691
59,165,-45.340074810643
59,166,9.167917183331
59,167,12.094584054546
59,168,-18.409167581674
59,169,32.320012241449
59,170,-36.219621871824
59,171,-21.668330651053
59,172,-44.839031007104
59,173,8.085694514462
59,174,-22.749230377238
59,175,17.733636178244
59,176,17.276029087341
59,177,-24.035707544637
59,178,-39.713031545944
59,179,-18.732851531298
59,180,6.174867835420
59,181,-40.666730722201
59,182,-19.555449946201
59,183,-41.775712980452
59,184,-46.396132095288
59,185,16.957774420422
59,186,25.242410308041
59,187,27.213371381178
59,188,-35.112182664074
59,189,-1.698794032294
59,190,6.691497497108
59,191,-2.208770607409
59,192,-31.012738721445
59,193,-4.859953446372
59,194,-32.948645623590
59,195,-49.166043178760
59,196,10.535918944603
59,197,10.134629526663
59,198,-0.328029715107
59,199,17.075607497543
60,0,2.179285362487
60,1,27.996313299380
60,2,-20.276371925043
60,3,-36.043662174874
60,4,-26.538401808837
60,5,-17.259723430863
60,6,-25.534995783077
60,7,-30.646528876605
60,8,56.662120498491
60,9,-18.966101981576
60,10,3.993436755467
60,11,5.003264232691
60,12,-16.603303420256
60,13,-39.027426669563
60,14,9.366155493910
60,15,-24.144014569363
60,16,-24.350453850799
60,17,-15.022736839157
60,18,-25.003320203257
60,19,35.353605499520
60,20,-19.999960934794
60,21,-22.894120429926
60,22,-19.441908526191
60,23,32.888532406527
60,24,-20.807308066280
60,25,-34.313845884732
60,26,29.906610627091
60,27,16.363291335299
60,28,36.604416519469
60,29,-22.137618556997
60,30,21.858896968173
60,31,50.894013770245
60,32,-26.002556065847
60,33,15.896876192062
60,34,-16.940708578608
60,35,-38.704213069679
60,36,10.622611156774
60,37,-35.932922644868
60,38,-26.969391719191
60,39,-32.512220018092
60,40,-29.899206016373
60,41,-21.757477299812
60,42,20.390781886585
60,43,30.897105402328
60,44,-26.189916780932
60,45,15.836081039073
60,46,20.750884371038
60,47,-25.254979968428
60,48,10.369849748335
60,49,13.490696329216
60,50,-32.701610905300
60,51,25.687086499354
60,52,-27.959949079072
60,53,4.961524399085
60,54,28.628789133356
60,55,-20.022610664018
60,56,-26.449224566641
60,57,-17.328948713999
60,58,-22.972177033233
60,59,23.777538530354
60,60,15.835725298581
60,61,33.442784008948
60,62,-5.193351073081
60,63,43.968233273881
60,64,18.716996397299
60,65,48.413762952929
60,66,-34.167003067712
60,67,-33.154393256926
60,68,-10.147850004490
60,69,22.485772425018
60,70,43.636051916139
60,71,27.243966171169
60,72,22.698268848493
60,73,-14.942325753036
60,74,-18.744947007355
60,75,29.561476631279
60,76,-16.404301431394
60,77,29.759809343894
60,78,-28.184147227650
60,79,-31.535439464846
60,80,-28.328348992385
60,81,16.977179198846
60,82,25.823714417224
60,83,40.021195845366
60,84,43.395691875572
60,85,-14.234396236599
60,86,-16.641050097031
60,87,29.468216230554
60,88,-7.513276036028
60,89,-27.246248937328
60,90,49.943469699931
60,91,-18.841403072220
60,92,-23.723587620188
60,93,-22.984663685202
60,94,9.059561716924
60,95,-21.944846950348
60,96,11.386988167818
60,97,-2.666360715441
60,98,-24.010672458462
60,99,13.348642418532
60,100,37.152640768523
60,101,49.223375913964
60,102,19.003751201904
60,103,34.099037634507
60,104,41.568435163128
60,105,-32.666683413248
60,106,71.118695835350
60,107,-28.318150424355
60,108,11.102153911495
60,109,-29.322816178326
60,110,-9.580693007760
60,111,-20.669477017276
60,112,-32.277633983293
60,113,-25.149487214745
60,114,-21.241214911366
60,115,37.483924008273
60,116,22.392628777241
60,117,31.012241428842
60,118,31.112473987632
60,119,-17.360658256410
60,120,-30.203853848601
60,121,27.459082036919
60,122,-2.822654340373
60,123,-19.777670900701
60,124,3.889187680848
60,125,-21.854666097053
60,126,-29.210813400568
60,127,-18.548811896406
60,128,-15.428557501291
60,129,-24.233051174961
60,130,-20.030208564865
60,131,-6.972699776299
60,132,27.153201755187
60,133,-20.903920747347
60,134,14.766223326376
60,135,-15.184117025026
60,136,-34.008173075963
60,137,15.600981921409
60,138,-28.138285044239
60,139,-7.942745452659
60,140,25.521152866429
60,141,-4.180936407407
60,142,48.716598038183
60,143,-11.787110424746
60,144,11.383850451231
60,145,2.082519424563
60,146,41.890219209345
60,147,-7.912708589087
60,148,-38.556671180588
60,149,-22.016239660028
60,150,-42.205879140143
60,151,12.428250634286
60,152,-18.498156210902
60,153,-27.752700437610
60,154,44.253370948165
60,155,29.869464531199
60,156,2.951454128517
60,157,7.092755439429
60,158,-10.129672814524
60,159,-23.316250533819
60,160,45.448159128551
60,161,35.869661516859
60,162,38.280057185060
60,163,23.228936155254
60,164,21.972999042293
60,165,-27.924010966140
60,166,26.584560756412
60,167,29.511258756844
60,168,-0.992817318795
60,169,49.736902075740
60,170,-18.803461030642
60,171,-4.252015051366
60,172,-27.422961834025
60,173,25.502326576636
60,174,-5.332926273513
60,175,35.150370860429
60,176,34.692758902158
60,177,-6.619417123278
60,178,-22.296907857679
60,179,-1.316504711009
60,180,23.591479573435
60,181,-23.250617176614
60,182,-2.139111874763
60,183,-24.359611228960
60,184,-28.980079481895
60,185,34.374500850092
60,186,42.659224858733
60,187,44.630206896618
60,188,-17.696010045052
60,189,15.717733959951
60,190,24.108114730152
60,191,15.207751960690
60,192,-13.596522503714
60,193,12.556540923637
60,194,-15.532449994818
60,195,-31.750020023064
60,196,27.952577068274
60,197,27.551283382061
60,198,17.088512856739
60,199,34.492335180556
61,0,31.061421222919
61,1,56.878904480465
61,2,8.605367920725
61,3,-7.162200378712
61,4,2.343227607358
61,5,11.622069613470
61,6,3.346651327854
61,7,-1.764971905446
61,8,85.545217276216
61,9,9.915660970742
61,10,32.875604610148
61,11,33.885449896683
61,12,12.278501200090
61,13,-10.146017489642
61,14,38.248418102317
61,15,4.737657071142
61,16,4.531214149203
61,17,13.859095654661
61,18,3.878336283618
61,19,64.236326442355
61,20,8.881783785459
61,21,5.987573252190
61,22,9.439846035290
61,23,61.771209872211
61,24,8.074422416474
61,25,-5.432353584503
61,26,58.789235500175
61,27,45.245677347652
61,28,65.487159523291
61,29,6.744088465901
61,30,50.741379904437
61,31,79.777008809448
61,32,2.879082799809
61,33,44.779253978486
61,34,11.941090091575
61,35,-9.822798190173
61,36,39.504895924321
61,37,-7.051458895905
61,38,1.912230096648
61,39,-3.630695947351
61,40,-1.017635866563
61,41,7.124236426818
61,42,49.273238930131
61,43,59.779747744877
61,44,2.691718780676
61,45,44.718457753283
61,46,49.633347765601
61,47,3.626672080500
61,48,39.252130058114
61,49,42.373031679221
61,50,-3.820090174355
61,51,54.569636952714
61,52,0.921655268670
61,53,33.843709326953
61,54,57.511391469430
61,55,8.859133656813
61,56,2.432406422166
61,57,11.552843109537
61,58,5.909515272375
61,59,52.660055305270
61,60,44.718102006518
61,61,62.325471250093
61,62,23.688654765516
61,63,72.851106157264
61,64,47.599423920889
61,65,77.296714245625
61,66,-5.285508178007
61,67,-4.272880510507
61,68,18.734068459198
61,69,51.368266417332
61,70,72.518918940616
61,71,56.126544083112
61,72,51.580766588559
61,73,13.939508158845
61,74,10.136819845022
61,75,58.444095417210
61,76,12.477506698364
61,77,58.642431627835
61,78,0.697453166445
61,79,-2.653898169148
61,80,0.553248858778
61,81,45.859576038041
61,82,54.706267280279
61,83,68.903999112459
61,84,72.278554660654
61,85,14.647450159733
61,86,12.240753857652
61,87,58.350833371645
61,88,21.368688889474
61,89,1.635367996234
61,90,78.826447973464
61,91,10.040362079155
61,92,5.158091434445
61,93,5.897028400206
61,94,37.941818918182
61,95,6.936863472045
61,96,40.269286416122
61,97,26.215689688215
61,98,4.871001533502
61,99,42.230975263221
61,100,66.035393441591
61,101,78.106341486535
61,102,47.886183782888
61,103,62.981736450158
61,104,70.451265719741
61,105,-3.785162066379
61,106,100.002047606096
61,107,0.563447606655
61,108,39.984447136383
61,109,-0.441235864157
61,110,19.301235457955
61,111,8.212255896113
61,112,-3.396105775770
61,113,3.732166694514
61,114,7.640507919488
61,115,66.366682524320
61,116,51.275121126797
61,117,59.894885802052
61,118,59.995120128660
61,119,11.521133007926
61,120,-1.322289071097
61,121,56.341663742860
61,122,26.059393306932
61,123,9.104077739627
61,124,32.771353696990
61,125,7.027045915675
61,126,-0.329231111275
61,127,10.332958414816
61,128,13.453267835815
61,129,4.648618895408
61,130,8.851535621980
61,131,21.909274682526
61,132,56.035778066325
61,133,7.977808031654
61,134,43.648581172092
61,135,13.697712622830
61,136,-5.126675385407
61,137,44.483354489304
61,138,0.743316158623
61,139,20.939211898949
61,140,54.403700393232
61,141,24.701087285721
61,142,77.599554672248
61,143,17.094779130050
61,144,40.266148644201
61,145,30.964653578441
61,146,70.773055441452
61,147,20.969249292233
61,148,-9.675253699315
61,149,6.865469503369
61,150,-13.324526009208
61,151,41.310567246619
61,152,10.383614993632
61,153,1.128907564875
61,154,73.136248860726
61,155,58.752088749134
61,156,31.833603606843
61,157,35.974977953811
61,158,18.752245969728
61,159,5.565435704120
61,160,74.331058114461
61,161,64.752391561546
61,162,67.162829742854
61,163,52.111443254580
61,164,50.855483990941
61,165,0.957594015352
61,166,55.467127038457
61,167,58.393876657079
61,168,27.889262598997
61,169,78.619876705845
61,170,10.078304789844
61,171,24.630007388245
61,172,1.458651983274
61,173,54.384873771400
61,174,23.549077103591
61,175,64.033088218755
61,176,63.575468189440
61,177,22.262563565862
61,178,6.584796356176
61,179,27.565569498314
61,180,52.473993066873
61,181,5.631070218755
61,182,26.742947827290
61,183,4.522056609552
61,184,-0.098493123718
61,185,63.257204524161
61,186,71.542074654273
61,187,73.513091455701
61,188,11.185775305341
61,189,44.600108586943
61,190,52.990637335388
61,191,44.090117593398
61,192,15.285335141649
61,193,41.438859798538
61,194,13.349373510137
61,195,-2.868482511374
61,196,56.835167477984
61,197,56.433866714156
61,198,45.970911659475
61,199,63.375040932908
62,0,1.013979270610
62,1,26.830988835696
62,2,-21.441662038051
62,3,-37.208941068813
62,4,-27.703687466106
62,5,-18.425015690387
62,6,-26.700282154314
62,7,-31.811811610780
62,8,55.496775634398
62,9,-20.131393026917
62,10,2.828129372654
62,11,3.837956131283
62,12,-17.768596146867
62,13,-40.192703440480
62,14,8.200844287858
62,15,-25.309301930349
62,16,-25.515741064897
62,17,-16.188030690442
62,18,-26.168606952808
62,19,34.188275800050
62,20,-21.165251244493
62,21,-24.059408680274
62,22,-20.607199232967
62,23,31.723204461327
62,24,-21.972597801505
62,25,-35.479126009479
62,26,28.741284803960
62,27,15.197975150004
62,28,35.439085929858
62,29,-23.302907345635
62,30,20.693576872080
62,31,49.728673011225
62,32,-27.167842104391
62,33,14.731560338674
62,34,-18.106001065134
62,35,-39.869490070567
62,36,9.457299056623
62,37,-37.098201617606
62,38,-28.134677069793
62,39,-33.677501424761
62,40,-31.064489282297
62,41,-22.922766358941
62,42,19.225462835231
62,43,29.731778874324
62,44,-27.355202686158
62,45,14.670765228948
62,46,19.585565063433
62,47,-26.420266538909
62,48,9.204537828045
62,49,12.325382188101
62,50,-33.866892177211
62,51,24.521763679004
62,52,-29.125233724852
62,53,3.796216327384
62,54,27.463464219574
62,55,-21.187900957593
62,56,-27.614510287363
62,57,-18.494240924272
62,58,-24.137465228036
62,59,22.612217068890
62,60,14.670409488710
62,61,32.277455669318
62,62,-6.358651918679
62,63,42.802897443740
62,64,17.551678537056
62,65,47.248423959041
62,66,-35.332283296950
62,67,-34.319674206665
62,68,-11.313147324588
62,69,21.320451882821
62,70,42.470716322401
62,71,26.078642242879
62,72,21.532948155080
62,73,-16.107619661532
62,74,-19.910238210061
62,75,28.396151053763
62,76,-17.569594299610
62,77,28.594483625238
62,78,-29.349431713905
62,79,-32.700721566529
62,80,-29.493633376034
62,81,15.811862576695
62,82,24.658391499644
62,83,38.855862824188
62,84,42.230356452892
62,85,-15.399690648839
62,86,-17.806342796779
62,87,28.302890719409
62,88,-8.678575230821
62,89,-28.411534090934
62,90,48.778129617385
62,91,-20.006694206291
62,92,-24.888875280332
62,93,-24.149951871121
62,94,7.894250729049
62,95,-23.110135876152
62,96,10.221675523724
62,97,-3.831663359204
62,98,-25.175959914326
62,99,12.183328378509
62,100,35.987309788768
62,101,48.058036343893
62,102,17.838433137607
62,103,32.933708827855
62,104,40.403101040836
62,105,-33.831964710014
62,106,69.953340682499
62,107,-29.483434815258
62,108,9.936841470095
62,109,-30.488099854374
62,110,-10.745990731433
62,111,-21.834766850574
62,112,-33.442915556880
62,113,-26.314773860293
62,114,-22.406504337843
62,115,36.318592792763
62,116,21.227308301321
62,117,29.846914818896
62,118,29.947147306360
62,119,-18.525950444120
62,120,-31.369136897752
62,121,26.293757955551
62,122,-3.987956872923
62,123,-20.942961368564
62,124,2.723880372214
62,125,-23.019955087024
62,126,-30.376097156302
62,127,-19.714103238672
62,128,-16.593851063808
62,129,-25.398338472594
62,130,-21.195498853034
62,131,-8.137999355749
62,132,25.987877891494
62,133,-22.069210413822
62,134,13.600908277585
62,135,-16.349410761475
62,136,-35.173453418218
62,137,14.435666278587
62,138,-29.303569563126
62,139,-9.108044341854
62,140,24.355830164161
62,141,-5.346237973419
62,142,47.551258828775
62,143,-12.952406578392
62,144,10.218537809371
62,145,0.917213401546
62,146,40.724884858049
62,147,-9.078007499651
62,148,-39.721948286460
62,149,-23.181528535031
62,150,-43.371153649532
62,151,11.262937249223
62,152,-19.663447589213
62,153,-28.917985230859
62,154,43.088034915105
62,155,28.704138734509
62,156,1.786147487168
62,157,5.927445851143
62,158,-11.294970147552
62,159,-24.481538483800
62,160,44.282822245194
62,161,34.704331450142
62,162,37.114725402978
62,163,22.063615084196
62,164,20.807678864992
62,165,-29.089295637496
62,166,25.419237297385
62,167,28.345933215067
62,168,-2.158121153436
62,169,48.571562140205
62,170,-19.968752191715
62,171,-5.417316566803
62,172,-28.588246861887
62,173,24.337003887755
62,174,-6.498227019794
62,175,33.985041305597
62,176,33.527429672984
62,177,-7.784716954120
62,178,-23.462196532972
62,179,-2.481808315308
62,180,22.426158244380
62,181,-24.415905173300
62,182,-3.304414893712
62,183,-25.524898436539
62,184,-30.145363401811
62,185,33.209171847404
62,186,41.493889960169
62,187,43.464870595373
62,188,-18.861301994140
62,189,14.552418234045
62,190,22.942793033442
62,191,14.042436597694
62,192,-14.761817369843
62,193,11.391227447282
62,194,-16.697743483404
62,195,-32.915301972069
62,196,26.787252635717
62,197,26.385959235078
62,198,15.923196155360
62,199,33.327006094012
63,0,-12.140495054089
63,1,13.676307116686
63,2,-34.595955981771
63,3,-50.363108363526
63,4,-40.857931110178
63,5,-31.579333865549
63,6,-39.854533858175
63,7,-44.966022256813
63,8,42.341863620830
63,9,-33.285697495448
63,10,-10.326359525126
63,11,-9.316540878470
63,12,-30.922919594792
63,13,-53.346846768982
63,14,-4.953687769361
63,15,-38.463564807200
63,16,-38.670002283536
63,17,-29.342366834477
63,18,-39.322862927322
63,19,21.033534975773
63,20,-34.319547408486
63,21,-37.213681596877
63,22,-33.761499879554
63,23,18.568483440489
63,24,-35.126887480452
63,25,-48.633307198514
63,26,15.586587738559
63,27,2.043386883437
63,28,22.284335057004
63,29,-36.457186338834
63,30,7.538944457570
63,31,36.573807338609
63,32,-40.322090052607
63,33,1.576975818942
63,34,-31.260321802816
63,35,-53.023635995181
63,36,-3.697243093877
63,37,-50.252369801805
63,38,-41.288917251972
63,39,-46.831697084963
63,40,-44.218705931089
63,41,-36.077048405634
63,42,6.070842214620
63,43,16.577073851746
63,44,-40.509449129415
63,45,1.516181197592
63,46,6.430941549996
63,47,-39.574520491980
63,48,-3.950002291982
63,49,-0.829183002235
63,50,-47.021086316170
63,51,11.367100511088
63,52,-42.279465950480
63,53,-9.358280347078
63,54,14.308777419574
63,55,-34.342196939659
63,56,-40.768754647746
63,57,-31.648558543377
63,58,-37.291737517648
63,59,9.457569241196
63,60,1.515825460214
63,61,19.122730195850
63,62,-19.513067019645
63,63,29.648087411959
63,64,4.397071362502
63,65,34.093578212553
63,66,-48.486465665461
63,67,-47.473864708743
63,68,-24.467522627099
63,69,8.165814432388
63,70,29.315908959303
63,71,12.923966567840
63,72,8.378308997584
63,73,-29.261956451483
63,74,-33.064544455039
63,75,15.241456761003
63,76,-30.723919346048
63,77,15.439787739168
63,78,-42.503662138683
63,79,-45.854925072534
63,80,-42.647862642523
63,81,2.657269378600
63,82,11.503727234136
63,83,25.701084501976
63,84,29.075551020789
63,85,-28.554033125343
63,86,-30.960665941508
63,87,15.148197175855
63,88,-21.832971696254
63,89,-41.565772049289
63,90,35.623271581375
63,91,-33.160999676475
63,92,-38.043141534254
63,93,-37.304224060434
63,94,-5.260278865266
63,95,-36.264416417798
63,96,-2.932872767138
63,97,-16.986098759138
63,98,-38.330223862249
63,99,-0.971235670680
63,100,22.832554511668
63,101,34.903184093055
63,102,4.683823659463
63,103,19.778978082300
63,104,27.248310288509
63,105,-46.986159129519
63,106,56.798312521991
63,107,-42.637664163667
63,108,-3.217704532646
63,109,-43.642321132931
63,110,-23.900370589770
63,111,-34.989057636660
63,112,-46.597113101350
63,113,-39.469028660729
63,114,-35.560790531425
63,115,23.163834854233
63,116,8.072671599155
63,117,16.692208871369
63,118,16.792440553603
63,119,-31.680267808515
63,120,-44.523351099509
63,121,13.139080552377
63,122,-17.142391017369
63,123,-34.097259318121
63,124,-10.430607688133
63,125,-36.174236353043
63,126,-43.530319334510
63,127,-32.868411059120
63,128,-29.748183948032
63,129,-38.552600634262
63,130,-34.349794774069
63,131,-21.292400163526
63,132,12.833202945607
63,133,-35.223499316729
63,134,0.446332840656
63,135,-29.503745609203
63,136,-48.327637062488
63,137,1.281084135844
63,138,-42.457800356286
63,139,-22.262437357451
63,140,11.201168329266
63,141,-18.500661206963
63,142,34.396410649337
63,143,-26.106768713173
63,144,-2.936010456280
63,145,-12.237260145841
63,146,27.570091520582
63,147,-22.232400756526
63,148,-52.876095396161
63,149,-36.335808503216
63,150,-56.525271448241
63,151,-1.891619406284
63,152,-32.817755816555
63,153,-42.072219121190
63,154,29.933222592583
63,155,15.549441967516
63,156,-11.368333040358
63,157,-7.227067943619
63,158,-24.449345596076
63,159,-37.635808009647
63,160,31.128000323959
63,161,21.549586480054
63,162,23.959961068569
63,163,8.908971663644
63,164,7.653045533865
63,165,-42.243528151790
63,166,12.264566919650
63,167,15.191239325730
63,168,-15.312569996779
63,169,35.416705763746
63,170,-33.123057966666
63,171,-18.571739229374
63,172,-41.742483400812
63,173,11.182342204105
63,174,-19.652640999579
63,175,20.830302114031
63,176,20.372694157697
63,177,-20.939120599745
63,178,-36.616474246686
63,179,-15.636254558507
63,180,9.271511911371
63,181,-37.570175226349
63,182,-16.458854528981
63,183,-38.679159581625
63,184,-43.299587433357
63,185,20.054438888888
63,186,28.339090444693
63,187,30.310055245420
63,188,-32.015616664787
63,189,1.397835153410
63,190,9.788142550096
63,191,0.887857613867
63,192,-27.916164970171
63,193,-1.763330238806
63,194,-29.852075533097
63,195,-46.069503754494
63,196,13.632571268055
63,197,13.231281091212
63,198,2.768602062897
63,199,20.172272188858
64,0,-19.852945182152
64,1,5.963735388970
64,2,-42.308300348668
64,3,-58.075378473448
64,4,-48.570245985342
64,5,-39.291692439860
64,6,-47.566853458964
64,7,-52.678317784528
64,8,34.629156866577
64,9,-40.998048033267
64,10,-18.038818197703
64,11,-17.029004307260
64,12,-38.635281260635
64,13,-61.059102827014
64,14,-12.666171747216
64,15,-46.175890958948
64,16,-46.382327463034
64,17,-37.054735944315
64,18,-47.035185032088
64,19,13.320928593399
64,20,-42.031893077190
64,21,-44.926013635137
64,22,-41.473848176487
64,23,10.855888669284
64,24,-42.839229346835
64,25,-56.345585454968
64,26,7.874007012935
64,27,-5.669130051145
64,28,14.571722782937
64,29,-44.169521939941
64,30,-0.173598361871
64,31,28.861127755030
64,32,-48.034407451378
64,33,-6.135538918796
64,34,-38.972681879583
64,35,-60.735893575373
64,36,-11.409732989639
64,37,-57.964640433252
64,38,-49.001230097361
64,39,-54.543983826174
64,40,-51.931004978345
64,41,-43.789385797063
64,42,-1.641693689817
64,43,8.864488460662
64,44,-48.221765645794
64,45,-6.196333253785
64,46,-1.281596050569
64,47,-47.286841411529
64,48,-11.662490997238
64,49,-8.541686406737
64,50,-54.733372165443
64,51,3.654539660274
64,52,-49.991774130765
64,53,-17.070743579279
64,54,6.596202712768
64,55,-42.054542501683
64,56,-48.481069942893
64,57,-39.360916791658
64,58,-45.004069188297
64,59,1.745017384674
64,60,-6.196688989490
64,61,11.410132813973
64,62,-27.225482423586
64,63,21.935440451773
64,64,-3.315456658223
64,65,26.380910312073
64,66,-56.198744613466
64,67,-55.186148425637
64,68,-32.179914696375
64,69,0.453268660276
64,70,21.603263563811
64,71,5.211398383828
64,72,0.665762224577
64,73,-36.974325940035
64,74,-40.776896034426
64,75,7.528877661040
64,76,-38.436281949129
64,77,7.727207705007
64,78,-50.215969263096
64,79,-53.567216413911
64,80,-50.360169087813
64,81,-5.055250447433
64,82,3.791165739785
64,83,17.988456133775
64,84,21.362906757495
64,85,-36.266405948038
64,86,-38.673027429570
64,87,7.435618515170
64,88,-29.545376173795
64,89,-49.278083590791
64,90,27.910596475296
64,91,-40.873350801587
64,92,-45.755469666045
64,93,-45.016555672279
64,94,-12.972761399069
64,95,-43.976752926785
64,96,-10.645366263117
64,97,-24.698526064800
64,98,-46.042550641985
64,99,-8.683738406107
64,100,15.119939655298
64,101,27.190512378947
64,102,-3.028705711906
64,103,12.066377609292
64,104,19.535674632265
64,105,-54.698445143280
64,106,49.085537668339
64,107,-50.349970656986
64,108,-10.930196687055
64,109,-51.354622894723
64,110,-31.612765330225
64,111,-42.701400152175
64,112,-54.309400947343
64,113,-47.181350077102
64,114,-43.273130354261
64,115,15.451218437418
64,116,0.360126265761
64,117,8.979622937964
64,118,9.079854148084
64,119,-39.392625907451
64,120,-52.235648712020
64,121,5.426511355130
64,122,-24.854817586907
64,123,-41.809606033727
64,124,-18.143065869699
64,125,-43.886573286749
64,126,-51.242621623787
64,127,-40.580763562240
64,128,-37.460551146578
64,129,-46.264926366683
64,130,-42.062140300310
64,131,-29.004807187070
64,132,5.120635189116
64,133,-42.935840728096
64,134,-7.266176571633
64,135,-37.216113958988
64,136,-56.039916758513
64,137,-6.431429208205
64,138,-50.170107696693
64,139,-29.974839812276
64,140,3.488608260028
64,141,-26.213081379203
64,142,26.683741322377
64,143,-33.819153061937
64,144,-10.648503937482
64,145,-19.949709818145
64,146,19.857454348625
64,147,-29.944803352824
64,148,-60.588353671184
64,149,-44.048144675966
64,150,-64.237512537627
64,151,-9.604117806630
64,152,-40.530108558247
64,153,-49.784528277523
64,154,22.220574289284
64,155,7.836861416858
64,156,-19.080786805273
64,157,-14.939541213818
64,158,-32.161737750968
64,159,-45.348138059839
64,160,23.415346392736
64,161,13.836977666906
64,162,16.247340901711
64,163,1.196422391120
64,164,-0.059497823015
64,165,-49.955836501329
64,166,4.552001841570
64,167,7.478660462308
64,168,-23.025005184594
64,169,27.704031630696
64,170,-40.835409270476
64,171,-26.284159066854
64,172,-49.454794110075
64,173,3.469782223547
64,174,-27.365055746144
64,175,13.117696688947
64,176,12.660090888101
64,177,-28.651529287185
64,178,-44.328809097598
64,179,-23.348688221799
64,180,1.558960931216
64,181,-45.282505585645
64,182,-24.171284317905
64,183,-46.391484717991
64,184,-51.011890809285
64,185,12.341837118372
64,186,20.626449650430
64,187,22.597405167078
64,188,-39.727973184323
64,189,-6.314678740557
64,190,2.075589136504
64,191,-6.824653878051
64,192,-35.628540797079
64,193,-9.475829243405
64,194,-37.564442242336
64,195,-53.781794085298
64,196,5.919999746351
64,197,5.518711459677
64,198,-4.943918287536
64,199,12.459669863310
65,0,15.230604183926
65,1,41.047837878010
65,2,-7.225232060715
65,3,-22.992647959814
65,4,-13.487311847093
65,5,-4.208559526356
65,6,-12.483897825172
65,7,-17.595471652428
65,8,69.713873553796
65,9,-5.914951675513
65,10,17.044770034954
65,11,18.054605560115
65,12,-3.552134284611
65,13,-25.976436231525
65,14,22.417531592138
65,15,-11.092905526661
65,16,-11.299346453226
65,17,-1.971555107622
65,18,-11.952218008410
65,19,48.405188716861
65,20,-6.948818867706
65,21,-9.843001426729
65,22,-6.390762011899
65,23,45.940095976752
65,24,-7.756172433052
65,25,-21.262817885028
65,26,42.958150430975
65,27,29.414723199174
65,28,49.656009706065
65,29,-9.086493525159
65,30,34.910372631501
65,31,63.945720850410
65,32,-12.951461833938
65,33,28.948304338679
65,34,-3.889542131808
65,35,-25.653220056025
65,36,23.673997268619
65,37,-22.881907547351
65,38,-13.918305192019
65,39,-19.461177661455
65,40,-16.848142836825
65,41,-8.706349238593
65,42,33.442245849110
65,43,43.948653100582
65,44,-13.138824042107
65,45,28.887508701162
65,46,33.802351203565
65,47,-12.203879779066
65,48,23.421233845736
65,49,26.542105299020
65,50,-19.650570057900
65,51,38.738592673326
65,52,-14.908870445644
65,53,18.012865393859
65,54,41.680318752871
65,55,-6.971468777432
65,56,-13.398133894247
65,57,-4.277785361170
65,58,-9.921058652071
65,59,36.829029485198
65,60,28.887152957839
65,61,46.494351996662
65,62,7.857908992119
65,63,57.019885152418
65,64,31.768447019902
65,65,61.465450264259
65,66,-21.115973897839
65,67,-20.103356017695
65,68,2.903370576409
65,69,35.537253084520
65,70,56.687701147064
65,71,40.295484753544
65,72,35.749751201583
65,73,-1.891143380686
65,74,-5.693794938874
65,75,42.613013684408
65,76,-3.353130709860
65,77,42.811347977760
65,78,-15.133070380856
65,79,-18.484389324331
65,80,-15.277273294727
65,81,30.028615955322
65,82,38.875221680129
65,83,53.072816264641
65,84,56.447339190738
65,85,-1.183208222588
65,86,-3.589881262196
65,87,42.519752540393
65,88,5.537965540738
65,89,-14.195164616431
65,90,62.995169203765
65,91,-5.790251772407
65,92,-10.672475227075
65,93,-9.933545403546
65,94,22.110935371689
65,95,-8.893720382301
65,96,24.438380371546
65,97,10.384919488490
65,98,-10.959562353150
65,99,26.400050256198
65,100,50.204238324601
65,101,62.275069678297
65,102,32.055204109922
65,103,47.150610852681
65,104,54.620067914402
65,105,-19.615642287514
65,106,84.170564120766
65,107,-15.267074645424
65,108,24.153543845168
65,109,-16.271748405554
65,110,3.470532093008
65,111,-7.618340285655
65,112,-19.226589757265
65,113,-12.098386184713
65,114,-8.190082735993
65,115,50.535524204766
65,116,35.444108694384
65,117,44.063790044740
65,118,44.164023402402
65,119,-4.309495156282
65,120,-17.152793096771
65,121,40.510602333787
65,122,10.228624617979
65,123,-6.726527062157
65,124,16.940520129501
65,125,-8.803538810338
65,126,-16.159744735247
65,127,-5.497658264889
65,128,-2.377379003839
65,129,-11.181942841795
65,130,-6.979066738822
65,131,6.078546108532
65,132,40.204719614165
65,133,-7.852785884039
65,134,27.817642461887
65,135,-2.132936579568
65,136,-20.957142640400
65,137,28.652407709800
65,138,-15.087207831966
65,139,5.108492701504
65,140,38.572657717908
65,141,8.870331726168
65,142,61.768287763247
65,143,1.264097092368
65,144,24.435242629952
65,145,15.133837474816
65,146,54.941854525343
65,147,5.138529804455
65,148,-25.505676991212
65,149,-8.965113660917
65,150,-29.154914030369
65,151,25.479651136629
65,152,-5.447002175701
65,153,-14.701620152628
65,154,57.305025099369
65,155,42.921004039024
65,156,16.002779103816
65,157,20.144113419366
65,158,2.921547911239
65,159,-10.265134894609
65,160,58.499822802696
65,161,48.921248847284
65,162,51.331663726953
65,163,36.280422737749
65,164,35.024475615006
65,165,-14.872932046324
65,166,39.636074083290
65,167,42.562795409736
65,168,12.058476222432
65,169,62.788599933127
65,170,-5.752309428462
65,171,8.799252515753
65,172,-14.371878921345
65,173,38.553831278063
65,174,7.718332679346
65,175,48.201952457945
65,176,47.744336852411
65,177,6.431831577007
65,178,-9.245784095241
65,179,11.734786250592
65,180,36.642969045395
65,181,-10.199501014373
65,182,10.912172531069
65,183,-11.308503904365
65,184,-15.929008977866
65,185,47.426076263764
65,186,55.710866303983
65,187,57.681864051345
65,188,-4.644849617405
65,189,28.769160678843
65,190,37.159608319693
65,191,28.259174615101
65,192,-0.545329406319
65,193,25.607942448427
65,194,-2.481272325305
65,195,-18.698971592523
65,196,41.004101298327
65,197,40.602804413778
65,198,30.139950500532
65,199,47.543911533387
66,0,-23.026820538005
66,1,2.789809990682
66,2,-45.482132180157
66,3,-61.249179745646
66,4,-51.744065679966
66,5,-42.465530118192
66,6,-50.740675098350
66,7,-55.852129517014
66,8,31.455175900221
66,9,-44.171882404306
66,10,-21.212697069910
66,11,-20.202885136823
66,12,-41.809120211241
66,13,-64.232898316368
66,14,-15.840061033421
66,15,-49.349715294280
66,16,-49.556151398247
66,17,-40.228577958376
66,18,-50.209007701938
66,19,10.146988933520
66,20,-45.205725444415
66,21,-48.099840392970
66,22,-44.647681625320
66,23,7.681953787804
66,24,-46.013060149271
66,25,-59.519390079739
66,26,4.700077911693
66,27,-8.843032900179
66,28,11.397780698433
66,29,-47.343350164003
66,30,-3.347511863416
66,31,25.687157970337
66,32,-51.208228184558
66,33,-9.309440863748
66,34,-42.146520176226
66,35,-63.909689691143
66,36,-14.583624711267
66,37,-61.138441920069
66,38,-52.175048956662
66,39,-57.717791942712
66,40,-55.104818159249
66,41,-46.963214757903
66,42,-4.815604345597
66,43,5.690557439419
66,44,-51.395586015838
66,45,-9.370235080896
66,46,-4.455507404367
66,47,-50.460663593622
66,48,-14.836382228925
66,49,-11.715583687677
66,50,-57.907179914917
66,51,0.480618738206
66,52,-53.165591070225
66,53,-20.244624327934
66,54,3.422276088480
66,55,-45.228374825012
66,56,-51.654889810357
66,57,-42.534754335815
66,58,-48.177895794841
66,59,-1.428899835941
66,60,-9.370590815910
66,61,8.236196858110
66,62,-30.399343489269
66,63,18.761484092727
66,64,-6.489364069588
66,65,23.206945335383
66,66,-59.372549522835
66,67,-58.359955297557
66,68,-35.353766159038
66,69,-2.720646056390
66,70,18.429307848695
66,71,2.037474443896
66,72,-2.508152903989
66,73,-40.148168109947
66,74,-43.950730834105
66,75,4.354949228808
66,76,-41.610121285434
66,77,4.553278888328
66,78,-53.389785768028
66,79,-56.741026423573
66,80,-53.533985313254
66,81,-8.229154486398
66,82,0.617244552872
66,83,14.814507425974
66,84,18.188951508309
66,85,-39.440249490071
66,86,-41.846866307009
66,87,4.261690263716
66,88,-32.719232742886
66,89,-52.451901913504
66,90,24.736628533254
66,91,-44.047185414318
66,92,-48.929294816233
66,93,-48.190382254623
66,94,-16.146650091003
66,95,-47.150581524467
66,96,-13.819259466363
66,97,-27.872392028439
66,98,-49.216375235752
66,99,-11.857635411696
66,100,11.945996508075
66,101,24.016545832812
66,102,-6.202613679110
66,103,8.892440381322
66,104,16.361722925183
66,105,-57.872252960449
66,106,45.911528676734
66,107,-53.523786902195
66,108,-14.104089338194
66,109,-54.528437192748
66,110,-34.786617892169
66,111,-45.875231221755
66,112,-57.483209518541
66,113,-50.355172463664
66,114,-46.446960315712
66,115,12.277274648026
66,116,-2.813788270360
66,117,5.805691693546
66,118,5.905922709368
66,119,-42.566463390154
66,120,-55.409461302472
66,121,2.252586998220
66,122,-28.028683247612
66,123,-44.983438831798
66,124,-21.316944539845
66,125,-47.060402059222
66,126,-54.416436138890
66,127,-43.754598742060
66,128,-40.634392374071
66,129,-49.438750529443
66,130,-45.235972608913
66,131,-32.178664803927
66,132,1.946711425124
66,133,-46.109671343285
66,134,-10.440076324987
66,135,-40.389955660263
66,136,-59.213721975713
66,137,-9.605330579616
66,138,-53.343924290508
66,139,-33.148695548953
66,140,0.314687659607
66,141,-29.386944407204
66,142,23.509775758641
66,143,-36.993001347335
66,144,-13.822397134645
66,145,-23.123584986439
66,146,16.683502017768
66,147,-33.118659147716
66,148,-63.762150072907
66,149,-47.221973135282
66,150,-67.411301866865
66,151,-12.778013028190
66,152,-43.703943836255
66,153,-52.958345618659
66,154,19.046617377506
66,155,4.662932387626
66,156,-22.254663657812
66,157,-18.113426093449
66,158,-35.335589248854
66,159,-48.521963999512
66,160,20.241387164868
66,161,10.663037006678
66,162,13.073395569045
66,163,-1.977493766091
66,164,-3.233411545727
66,165,-53.129653510441
66,166,1.378079179834
66,167,4.304732127421
66,168,-26.198874392023
66,169,24.530064089078
66,170,-44.009243956745
66,171,-29.458021957085
66,172,-52.628612090288
66,173,0.295861659608
66,174,-30.538916541293
66,175,9.943757423032
66,176,9.486152509235
66,177,-31.825387588789
66,178,-47.502637012927
66,179,-26.522556801829
66,180,-1.614955928744
66,181,-48.456331652531
66,182,-27.345151303496
66,183,-49.565308635465
66,184,-54.185705771582
66,185,9.167899356435
66,186,17.452495828875
66,187,19.423447524801
66,188,-42.901810017043
66,189,-9.488580338264
66,190,-1.098328724896
66,191,-9.998554487240
66,192,-38.802385575444
66,193,-12.649724713629
66,194,-40.738283268474
66,195,-56.955603679075
66,196,2.746074432842
66,197,2.344786924041
66,198,-8.117822542299
66,199,9.285731872958
67,0,18.954374819368
67,1,44.771667217792
67,2,-3.501512483315
67,3,-19.268964231262
67,4,-9.763606507346
67,5,-0.484833090086
67,6,-8.760190204041
67,7,-13.871775652988
67,8,73.437768079981
67,9,-2.191229118987
67,10,20.768544795399
67,11,21.778382616714
67,12,0.171593644154
67,13,-22.252759286763
67,14,26.141318569156
67,15,-7.369194742940
67,16,-7.575636138878
67,17,1.752176414862
67,18,-8.228509178443
67,19,52.129034786783
67,20,-3.225098661838
67,21,-6.119287801186
67,22,-2.667040537206
67,23,49.663936441182
67,24,-4.032454062821
67,25,-17.539130223595
67,26,46.681984114657
67,27,33.138526086623
67,28,53.379858620297
67,29,-5.362778179602
67,30,38.634188015312
67,31,67.669602259484
67,32,-9.227755275868
67,33,32.672106165563
67,34,-0.165814970198
67,35,-21.929542376420
67,36,27.397787102600
67,37,-19.158223567014
67,38,-10.194600832176
67,39,-15.737485903854
67,40,-13.124445138266
67,41,-4.982633028725
67,42,37.166057894588
67,43,47.672489036595
67,44,-9.415117910030
67,45,32.611310389802
67,46,37.526164067873
67,47,-8.480171521282
67,48,27.145023104982
67,49,30.265901654588
67,50,-15.926878730897
67,51,42.462416762100
67,52,-11.185168337957
67,53,21.736642355550
67,54,45.404149530863
67,55,-3.247748623064
67,56,-9.674428351733
67,57,-0.554059082293
67,58,-6.197345204004
67,59,40.552849231819
67,60,32.610954645672
67,61,50.218193721434
67,62,11.581662863886
67,63,60.743750811984
67,64,35.492255259378
67,65,65.189326033105
67,66,-17.392285902541
67,67,-16.379665720138
67,68,6.627113182964
67,69,39.261069893786
67,70,60.411566051247
67,71,44.019312382537
67,72,39.473568494046
67,73,1.832588324629
67,74,-1.970071879514
67,75,46.336846583275
67,76,0.370597671368
67,77,46.535181327621
67,78,-11.409368782915
67,79,-14.760695345925
67,80,-11.553572024648
67,81,33.752420238670
67,82,42.599046079580
67,83,56.796672948600
67,84,60.171203548336
67,85,2.540525092343
67,86,0.133846580749
67,87,46.243585227188
67,88,9.261714137596
67,89,-10.471460886060
67,90,66.719048451247
67,91,-2.066528932366
67,92,-6.948763487453
67,93,-6.209831983870
67,94,25.834721651561
67,95,-5.170004598440
67,96,28.162171943601
67,97,14.108679106015
67,98,-7.235851266254
67,99,30.123846288756
67,100,53.928088485489
67,101,65.998947288252
67,102,35.779013001447
67,103,50.874454069752
67,104,58.343928116788
67,105,-15.891950881101
67,106,87.894491523126
67,107,-11.543373352150
67,108,27.877334769553
67,109,-12.548049396508
67,110,7.194275989117
67,111,-3.894621602041
67,112,-15.502897466307
67,113,-8.374677687076
67,114,-4.466365352324
67,115,54.259375118985
67,116,39.167925291847
67,117,47.787626242563
67,118,47.887859828144
67,119,-0.585768949502
67,120,-13.429096090862
67,121,44.234430451936
67,122,13.952383880132
67,123,-3.002806350873
67,124,20.664294652910
67,125,-5.079822821441
67,126,-12.436045471550
67,127,-1.773934759585
67,128,1.346351595930
67,129,-7.458232260513
67,130,-3.255346601727
67,131,9.802295934518
67,132,43.928547036776
67,133,-4.129067733469
67,134,31.541441717818
67,135,1.590794575990
67,136,-17.233454283989
67,137,32.376208863854
67,138,-11.363506129754
67,139,8.832240321863
67,140,42.296481429359
67,141,12.594087899917
67,142,65.492164220763
67,143,4.987835971704
67,144,28.159034194876
67,145,18.857607890233
67,146,58.665715459472
67,147,8.862277493106
67,148,-21.781998976156
67,149,-5.241398039383
67,150,-25.431244311985
67,151,29.203445076353
67,152,-1.723278555226
67,153,-10.977917573735
67,154,61.028891407339
67,155,46.644837638240
67,156,19.726551495005
67,157,23.867895227071
67,158,6.645290559121
67,159,-6.541422228845
67,160,62.223691827654
67,161,52.645096090702
67,162,55.055516451568
67,163,40.004241236893
67,164,38.748291258271
67,165,-11.149229856928
67,166,43.359900212847
67,167,46.286628194408
67,168,15.782239645210
67,169,66.512478710865
67,170,-2.028586502151
67,171,12.523008527889
67,172,-10.648175592753
67,173,42.277654946702
67,174,11.442086233757
67,175,51.925798065720
67,176,51.468181419579
67,177,10.155582206266
67,178,-5.522069111845
67,179,15.458548937379
67,180,40.366788368934
67,181,-6.475788199379
67,182,14.635933347432
67,183,-7.584793610833
67,184,-12.205309189565
67,185,51.149920107229
67,186,59.434728986846
67,187,61.405731216255
67,188,-0.921124173103
67,189,32.492962098375
67,190,40.883428818015
67,191,31.982974875005
67,192,3.178405358944
67,193,29.331736679866
67,194,1.242458038243
67,195,-14.975278101992
67,196,44.727930538655
67,197,44.326632741591
67,198,33.863755037033
67,199,51.267755644803
68,0,-2.065767350861
68,1,23.751193659627
68,2,-24.521366429217
68,3,-40.288615809259
68,4,-30.783380081251
68,5,-21.504725754559
68,6,-29.779976656406
68,7,-34.891496500517
68,8,52.416926542399
68,9,-23.211099882123
68,10,-0.251620660631
68,11,0.758204198850
68,12,-20.848307445478
68,13,-43.272372570020
68,14,5.121084150203
68,15,-28.388999048228
68,16,-28.595437794553
68,17,-19.267744961428
68,18,-29.248302454725
68,19,31.108466786427
68,20,-24.244956155460
68,21,-27.139108148629
68,22,-23.686905193390
68,23,28.643400084031
68,24,-25.052301194213
68,25,-38.558804002831
68,26,25.661486035046
68,27,12.118201852769
68,28,32.359274563685
68,29,-26.382608236621
68,30,17.613793239048
68,31,46.648834768443
68,32,-30.247535727212
68,33,11.651787918643
68,34,-21.185711729231
68,35,-42.949159807904
68,36,6.377536555956
68,37,-40.177876566297
68,38,-31.214368874455
68,39,-36.757182806061
68,40,-34.144175577385
68,41,-26.002467964805
68,42,16.145681963360
68,43,26.651978242488
68,44,-30.434895956649
68,45,11.590992923251
68,46,16.505783514302
68,47,-29.499961567570
68,48,6.124775802753
68,49,9.245614293417
68,50,-36.946573202360
68,51,21.441972846071
68,52,-32.204923666744
68,53,0.716464473444
68,54,24.383667853966
68,55,-24.267605825975
68,56,-30.694203070212
68,57,-21.573950858256
68,58,-27.217164549598
68,59,19.532429827370
68,60,11.590637183683
68,61,29.197650249582
68,62,-9.438384674853
68,63,39.723072227440
68,64,14.471900813136
68,65,44.168590381305
68,66,-38.411961566431
68,67,-37.399354380352
68,68,-14.392870763251
68,69,18.240667070801
68,70,39.390891730887
68,71,22.998848481817
68,72,18.453162943399
68,73,-19.187334083741
68,74,-22.989945481168
68,75,25.316352933965
68,76,-20.649305972460
68,77,25.514685132417
68,78,-32.429121234192
68,79,-35.780404784666
68,80,-32.573322625140
68,81,12.732088124911
68,82,21.578600409746
68,83,35.776045031642
68,84,39.150532313455
68,85,-18.479406402374
68,86,-20.886054024406
68,87,25.223092775013
68,88,-11.758303624090
68,89,-31.491225374964
68,90,45.698293162466
68,91,-23.086401296001
68,92,-27.968573188838
68,93,-27.229651169204
68,94,4.814491167999
68,95,-26.189837129663
68,96,7.141911585495
68,97,-6.911400867713
68,98,-28.255657282956
68,99,9.103560750984
68,100,32.907497391483
68,101,44.978201243386
68,102,14.758654874378
68,103,29.853902173825
68,104,37.323280338191
68,105,-36.911645800843
68,106,66.873464398494
68,107,-32.563124083543
68,108,6.857078067551
68,109,-33.567787233369
68,110,-13.825715236693
68,111,-24.914470502481
68,112,-36.522597379313
68,113,-29.394469087340
68,114,-25.486206914567
68,115,33.238779772393
68,116,18.147523664476
68,117,26.767113970520
68,118,26.867346269464
68,119,-21.605660318470
68,120,-34.448822619946
68,121,23.213963789902
68,122,-7.067694087506
68,123,-24.022666697572
68,124,-0.355869465013
68,125,-26.099656510123
68,126,-33.455784745922
68,127,-22.793810878618
68,128,-19.673564571625
68,129,-28.478035423032
68,130,-24.275203707126
68,131,-11.217728765638
68,132,22.908084301132
68,133,-25.148913624849
68,134,10.521137983989
68,135,-19.429124728980
68,136,-38.253131986377
68,137,11.355894415043
68,138,-32.383259169656
68,139,-12.187771927456
68,140,21.276039643315
68,141,-8.425972633566
68,142,44.471424681447
68,143,-16.032126934268
68,144,7.138773877050
68,145,-2.162533037947
68,146,37.645063550175
68,147,-12.157735141744
68,148,-42.801618301244
68,149,-26.261229654287
68,150,-46.450816802106
68,151,8.183171352692
68,152,-22.743155324424
68,153,-31.997675562488
68,154,40.008209162501
68,155,25.624340035451
68,156,-1.293600586490
68,157,2.847689989045
68,158,-14.374693620404
68,159,-27.561237158319
68,160,41.202994245366
68,161,31.624521465907
68,162,34.034910885224
68,163,18.983828874465
68,164,17.727895017371
68,165,-32.168985646967
68,166,22.339444776509
68,167,25.266135189719
68,168,-5.237861809277
68,169,45.491726073815
68,170,-23.048459352773
68,171,-8.497051093276
68,172,-31.667937813603
68,173,21.257213402321
68,174,-9.577959513481
68,175,30.905232674217
68,176,30.447621902284
68,177,-10.864447028398
68,178,-26.541897124414
68,179,-5.561548362413
68,180,19.346371352796
68,181,-27.495603971249
68,182,-6.384153393788
68,183,-28.604595148980
68,184,-33.225051425325
68,185,30.129364675289
68,186,38.414067205915
68,187,40.385044133996
68,188,-21.941011237839
68,189,11.472646150927
68,190,19.863005170191
68,191,10.962665473708
68,192,-17.841534322950
68,193,8.311461309466
68,194,-19.777456795840
68,195,-35.994984786681
68,196,23.707457541910
68,197,23.306164896021
68,198,12.843421494188
68,199,30.247198700272
69,0,-17.416179032596
69,1,8.400539958580
69,2,-39.871567614915
69,3,-55.638669201588
69,4,-46.133522569660
69,5,-36.854955217204
69,6,-45.130128550198
69,7,-50.241600481779
69,8,37.066004098546
69,9,-38.561313349783
69,10,-15.602049348461
69,11,-14.592233955271
69,12,-36.198543061189
69,13,-58.622397994921
69,14,-10.229394902643
69,15,-43.739163980375
69,16,-43.945600791645
69,17,-34.617995392902
69,18,-44.598459332177
69,19,15.757744112336
69,20,-39.595159932127
69,21,-42.489284796684
69,22,-39.037114201019
69,23,13.292700519611
69,24,-40.402497403134
69,25,-53.908873609165
69,26,10.310814425487
69,27,-3.232342793715
69,28,17.008540163391
69,29,-41.732791975788
69,30,2.263197074019
69,31,31.297966402271
69,32,-45.597683238346
69,33,-3.698752355471
69,34,-36.535944182215
69,35,-58.299188262339
69,36,-8.972954275268
69,37,-55.527930996606
69,38,-46.564507322997
69,39,-52.107269299566
69,40,-49.494286563575
69,41,-41.352655267248
69,42,0.795099561241
69,43,11.301297347287
69,44,-45.785041711562
69,45,-3.759546780937
69,46,1.155197736385
69,47,-44.850116086091
69,48,-9.225712659012
69,49,-6.104903424210
69,50,-52.296657920648
69,51,6.091340793275
69,52,-47.555052830365
69,53,-14.633973289398
69,54,9.033008223640
69,55,-39.617809390329
69,56,-46.044346394519
69,57,-36.924179672009
69,58,-42.567340465990
69,59,4.181815675875
69,60,-3.759902517173
69,61,13.846945489153
69,62,-24.788727245308
69,63,24.372268791485
69,64,-0.878665898068
69,65,28.817745267981
69,66,-53.762032549166
69,67,-52.749434854573
69,68,-29.743166890803
69,69,2.890065029082
69,70,24.040091409152
69,71,7.648201833792
69,72,3.102558909617
69,73,-34.537585268961
69,74,-38.340161021850
69,75,9.965684559953
69,76,-35.999543453559
69,77,10.164014899085
69,78,-47.779248296305
69,79,-51.130500433857
69,80,-47.923448335598
69,81,-2.618462276434
69,82,6.227967076113
69,83,20.425278599250
69,84,23.799734245105
69,85,-33.829664223529
69,86,-36.236289286295
69,87,9.872425275295
69,88,-27.108624447763
69,89,-46.841361228398
69,90,30.347433707851
69,91,-38.436615932544
69,92,-43.318742061863
69,93,-42.579826968555
69,94,-10.535985010749
69,95,-41.540022675777
69,96,-8.208586411238
69,97,-22.261767126103
69,98,-43.605823464990
69,99,-6.246955634975
69,100,17.556757851635
69,101,29.627348539791
69,102,-0.591914525008
69,103,14.503191261130
69,104,21.972499400435
69,105,-52.261730846512
69,106,51.522406416669
69,107,-47.913249889592
69,108,-8.493417259058
69,109,-48.917903622285
69,110,-29.176016680678
69,111,-40.264668003372
69,112,-51.872686071671
69,113,-44.744624594692
69,114,-40.836399056228
69,115,17.888037126788
69,116,2.796922495945
69,117,11.416431995938
69,118,11.516663355229
69,119,-36.955888834993
69,120,-49.798930750563
69,121,7.863315125229
69,122,-22.418058880794
69,123,-39.372872557891
69,124,-15.706297175602
69,125,-41.449842901551
69,126,-48.805902184686
69,127,-38.144028257804
69,128,-35.023811199047
69,129,-43.828199520591
69,130,-39.625407200256
69,131,-26.568054656622
69,132,7.557438504002
69,133,-40.499108928161
69,134,-4.829391690910
69,135,-34.779373647718
69,136,-53.603204457868
69,137,-3.994643085229
69,138,-47.733386661661
69,139,-27.538088725334
69,140,5.925409146083
69,141,-23.776324694350
69,142,29.120576728994
69,143,-31.382407695703
69,144,-8.211724090273
69,145,-17.512943812588
69,146,22.294279595691
69,147,-27.508052221179
69,148,-58.151648138621
69,149,-41.611414531202
69,150,-61.800812434958
69,151,-7.167336405189
69,152,-38.093373178432
69,153,-47.347806668738
69,154,24.657403053359
69,155,10.273668774127
69,156,-16.644019506632
69,157,-12.502767752383
69,158,-29.724989918344
69,159,-42.911409849527
69,160,25.852176934983
69,161,16.273793953857
69,162,18.684160775934
69,163,3.633219865893
69,164,2.377297782681
69,165,-47.519115147457
69,166,6.988804310196
69,167,9.915467286482
69,168,-20.588243755497
69,169,30.140868555820
69,170,-38.398674344971
69,171,-23.847402487772
69,172,-47.018072010636
69,173,5.906583081582
69,174,-24.928300775566
69,175,15.554511905422
69,176,15.096905423539
69,177,-26.214776231012
69,178,-41.892079370475
69,179,-20.911927274377
69,180,3.995758945530
69,181,-42.845777277667
69,182,-21.734524594613
69,183,-43.954758060230
69,184,-48.575171026852
69,185,14.778651180168
69,186,23.063276041983
69,187,25.034234491985
69,188,-37.291236610879
69,189,-3.877892443823
69,190,4.512387919669
69,191,-4.387868340258
69,192,-33.191798123371
69,193,-7.039047651051
69,194,-35.127702449405
69,195,-51.345078424536
69,196,8.356804250878
69,197,7.955515366993
69,198,-2.507129950849
69,199,14.896484100471
70,0,-34.558362679672
70,1,-8.741913973514
70,2,-57.013516181869
70,3,-72.780452714207
70,4,-63.275405583991
70,5,-53.996935363604
70,6,-62.272022068384
70,7,-67.383440491671
70,8,19.923250036860
70,9,-55.703275633117
70,10,-32.744251987788
70,11,-31.734447166462
70,12,-53.340530079280
70,13,-75.764150273768
70,14,-27.371653789167
70,15,-60.881072059674
70,16,-61.087506709890
70,17,-51.759998957088
70,18,-61.740358416064
70,19,-1.384786848241
70,20,-56.737111392642
70,21,-59.631205960213
70,22,-56.179071503429
70,23,-3.849804632293
70,24,-57.544440412064
70,25,-71.050675229446
70,26,-6.831659506672
70,27,-20.374674934639
70,28,-0.134003892919
70,29,-58.874721058601
70,30,-14.879192602362
70,31,14.155272734068
70,32,-62.739571862017
70,33,-20.841079613361
70,34,-53.677927668199
70,35,-75.440943924543
70,36,-26.115226315786
70,37,-72.669715668439
70,38,-63.706385825644
70,39,-69.249089779296
70,40,-66.636134396518
70,41,-58.494588329493
70,42,-16.347274744840
70,43,-5.841186955004
70,44,-62.926928373905
70,45,-20.901873402348
70,46,-15.987180339755
70,47,-61.992012535549
70,48,-26.367982053336
70,49,-23.247205491214
70,50,-69.438476417825
70,51,-11.051088962246
70,52,-64.696920963695
70,53,-31.776186063616
70,54,-8.109452330224
70,55,-56.759760613735
70,56,-63.186230342370
70,57,-54.066159093731
70,58,-59.709260812400
70,59,-12.960594087628
70,60,-20.902229134859
70,61,-3.295565465603
70,62,-41.930833709499
70,63,7.229647636763
70,64,-18.021022680674
70,65,11.675077568347
70,66,-70.903835706595
70,67,-69.891248612010
70,68,-46.885221487973
70,69,-14.252331210329
70,70,6.897473732366
70,71,-9.494244221547
70,72,-14.039839554513
70,73,-51.679589674939
70,74,-55.482125620321
70,75,-7.176785758784
70,76,-53.141532554888
70,77,-6.978457496116
70,78,-64.921114082696
70,79,-68.272331138571
70,80,-65.065312612460
70,81,-19.760800844328
70,82,-10.914464109839
70,83,3.282698769784
70,84,6.657119084892
70,85,-50.971676040463
70,86,-53.378275909236
70,87,-7.270044067045
70,88,-44.250706625346
70,89,-63.983236832857
70,90,13.204749991994
70,91,-55.578579521272
70,92,-60.460654542301
70,93,-59.721747184252
70,94,-27.678240687521
70,95,-58.681953776584
70,96,-25.350866454137
70,97,-39.403900044774
70,98,-60.747732940152
70,99,-23.389256214788
70,100,0.414208055525
70,101,12.484672363418
70,102,-17.734274309754
70,103,-2.639326564422
70,104,4.829903371516
70,105,-69.403549709314
70,106,34.379500987379
70,107,-65.055114273222
70,108,-25.635694319979
70,109,-66.059757488940
70,110,-46.318077215197
70,111,-57.406612455168
70,112,-69.014509007051
70,113,-61.886522148474
70,114,-57.978337522873
70,115,0.745483862207
70,116,-14.345472768306
70,117,-5.726053511782
70,118,-5.625823201903
70,119,-54.097867924756
70,120,-66.940775394418
70,121,-9.279133182281
70,122,-39.560190163254
70,123,-56.514826345418
70,124,-32.848498723542
70,125,-58.591774946399
70,126,-65.947757223796
70,127,-55.285994909493
70,128,-52.165810514911
70,129,-60.970106667839
70,130,-56.767358344128
70,131,-43.710142493328
70,132,-9.585006601075
70,133,-57.641050925711
70,134,-21.971707111705
70,135,-51.921375522499
70,136,-70.745009277933
70,137,-21.136967245322
70,138,-64.875252928141
70,139,-44.680166406943
70,140,-11.217018872187
70,141,-40.918441757261
70,142,11.977905858643
70,143,-48.524445132134
70,144,-25.354004100322
70,145,-34.655126446625
70,146,5.151680197712
70,147,-44.650130217240
70,148,-75.293405345277
70,149,-58.753344884644
70,150,-78.942531442299
70,151,-24.309627349241
70,152,-55.235340360407
70,153,-64.489676971578
70,154,7.514778913253
70,155,-6.868804769125
70,156,-33.786211237486
70,157,-29.645002838508
70,158,-46.867044705803
70,159,-60.053326594083
70,160,8.709540285425
70,161,-0.868742409715
70,162,1.541599175958
70,163,-13.509184154034
70,164,-14.765093088281
70,165,-64.660983656991
70,166,-10.153634841459
70,167,-7.227002506494
70,168,-37.730394194194
70,169,12.998187002755
70,170,-55.540638330895
70,171,-40.989518806571
70,172,-64.159945765234
70,173,-11.235844739589
70,174,-42.070405778584
70,175,-1.588016927337
70,176,-2.045618618133
70,177,-43.356867766124
70,178,-59.034006785798
70,179,-38.054074324442
70,180,-13.146648870039
70,181,-59.987694709293
70,182,-38.876663032948
70,183,-61.096663882614
70,184,-65.717028481311
70,185,-2.363869529421
70,186,5.920668592553
70,187,7.891606406403
70,188,-54.433212190044
70,189,-21.020217826226
70,190,-12.630025304796
70,191,-21.530188383527
70,192,-50.333816617887
70,193,-24.181339938194
70,194,-52.269700677680
70,195,-68.486906883008
70,196,-8.785649223319
70,197,-9.186933905832
70,198,-19.649469684329
70,199,-2.246037842808
71,0,-17.067248129257
71,1,8.749476363431
71,2,-39.522641496500
71,3,-55.289746442759
71,4,-45.784597785532
71,5,-36.506028456002
71,6,-44.781203552266
71,7,-49.892676572978
71,8,37.414946612364
71,9,-38.212386952175
71,10,-15.253118058543
71,11,-14.243302450166
71,12,-35.849616160122
71,13,-58.273475871843
71,14,-9.880462467838
71,15,-43.390238686057
71,16,-43.596675541317
71,17,-34.269068155045
71,18,-44.249534220959
71,19,16.106682085054
71,20,-39.246233754813
71,21,-42.140359236051
71,22,-38.688187904794
71,23,13.641637967004
71,24,-40.053571397846
71,25,-53.559950481766
71,26,10.659751237421
71,27,-2.883408867863
71,28,17.357478402664
71,29,-41.383866253957
71,30,2.612132170980
71,31,31.646907686816
71,32,-45.248758340043
71,33,-3.349818529008
71,34,-36.187017353041
71,35,-57.950266070395
71,36,-8.624021572723
71,37,-55.179008214189
71,38,-46.215582630699
71,39,-51.758345788294
71,40,-49.145362495547
71,41,-41.003729464421
71,42,1.144034345343
71,43,11.650234370303
71,44,-45.436116853176
71,45,-3.410612967433
71,46,1.504132597227
71,47,-44.501191028496
71,48,-8.876780010331
71,49,-5.755970110491
71,50,-51.947734449728
71,51,6.440276706024
71,52,-47.206128349135
71,53,-14.285041793191
71,54,9.381944763270
71,55,-39.268883217839
71,56,-45.695421591387
71,57,-36.575252925562
71,58,-42.218414921990
71,59,4.530751181694
71,60,-3.410968703742
71,61,14.195883054665
71,62,-24.439797912979
71,63,24.721208600058
71,64,-0.529731470648
71,65,29.166686023949
71,66,-53.413109390480
71,67,-52.400511480133
71,68,-29.394238614201
71,69,3.239000259622
71,70,24.389031146929
71,71,7.997138078310
71,72,3.451494185443
71,73,-34.188658013976
71,74,-37.991234577123
71,75,10.314621298341
71,76,-35.650616510087
71,77,10.512951679739
71,78,-47.430323862842
71,79,-50.781576714457
71,80,-47.574523932861
71,81,-2.269528219760
71,82,6.576903017973
71,83,20.774217566672
71,84,24.148673931668
71,85,-33.480736817692
71,86,-35.887362393267
71,87,10.221361993805
71,88,-26.759695609777
71,89,-46.492436595094
71,90,30.696374789826
71,91,-38.087689508364
71,92,-42.969816677964
71,93,-42.230901427210
71,94,-10.187052641282
71,95,-41.191096912873
71,96,-7.859653545813
71,97,-21.912837255310
71,98,-43.256898142266
71,99,-5.898022351532
71,100,17.905696207745
71,101,29.976289468301
71,102,-0.242980036477
71,103,14.852128966493
71,104,22.321438697589
71,105,-51.912807368157
71,106,51.871352011498
71,107,-47.564325484680
71,108,-8.144484454322
71,109,-48.568979431438
71,110,-28.827088283222
71,111,-39.915741968718
71,112,-51.523762510420
71,113,-44.395699514622
71,114,-40.487473143396
71,115,18.236975553496
71,116,3.145857706637
71,117,11.765369043489
71,118,11.865600424135
71,119,-36.606962095299
71,120,-49.450006747444
71,121,8.212251415593
71,122,-22.069129043302
71,123,-39.023946333211
71,124,-15.357365907890
71,125,-41.100917119431
71,126,-48.456977969974
71,127,-37.795101771284
71,128,-34.674884047665
71,129,-43.479274245256
71,130,-39.276481029388
71,131,-26.219125703443
71,132,7.906374729180
71,133,-40.150182943456
71,134,-4.480458105383
71,135,-34.430446444247
71,136,-53.254281265341
71,137,-3.645709321820
71,138,-47.384462218419
71,139,-27.189159978858
71,140,6.274345023470
71,141,-23.427395146289
71,142,29.469517549500
71,143,-31.033479768397
71,144,-7.862791225518
71,145,-17.164012929868
71,146,22.643218961421
71,147,-27.159123468307
71,148,-57.802725915237
71,149,-41.262488783512
71,150,-61.451890989098
71,151,-6.818403317877
71,152,-37.744446681121
71,153,-46.998882143344
71,154,25.006342922694
71,155,10.622605578152
71,156,-16.295088438746
71,157,-12.153835802026
71,158,-29.376061637864
71,159,-42.562484378839
71,160,26.201117058947
71,161,16.622732036551
71,162,19.033099372296
71,163,3.982155254802
71,164,2.726232903959
71,165,-47.170190658566
71,166,7.337740414194
71,167,10.264404014168
71,168,-20.239313528087
71,169,30.489809593761
71,170,-38.049747912708
71,171,-23.498472954852
71,172,-46.669147414977
71,173,6.255518954953
71,174,-24.579371472973
71,175,15.903449834834
71,176,15.445843255431
71,177,-25.865847202556
71,178,-41.543153682585
71,179,-20.562997115943
71,180,4.344694411695
71,181,-42.496851792996
71,182,-21.385594611464
71,183,-43.605832811852
71,184,-48.226246762977
71,185,15.127588944233
71,186,23.412215571589
71,187,25.383174441631
71,188,-36.942309942649
71,189,-3.528958655537
71,190,4.861323495934
71,191,-4.038934660646
71,192,-32.842870581619
71,193,-6.690114536395
71,194,-34.778775320163
71,195,-50.996154750865
71,196,8.705740646401
71,197,8.304451677002
71,198,-2.158195870448
71,199,15.245421889653
72,0,-40.207657768893
72,1,-14.391298140283
72,2,-62.662733795987
72,3,-78.429615931542
72,4,-68.924601594001
72,5,-59.646163385325
72,6,-67.921221540142
72,7,-73.032622328756
72,8,14.273766956707
72,9,-61.352497767730
72,10,-38.393553336267
72,11,-37.383751999099
72,12,-58.989760365701
72,13,-81.413303197427
72,14,-33.020973674975
72,15,-66.530276330326
72,16,-66.736710268320
72,17,-57.409234696592
72,18,-67.389559722098
72,19,-7.034196401204
72,20,-62.386329960391
72,21,-65.280414543020
72,22,-61.828291996484
72,23,-9.499205679516
72,24,-63.193656194431
72,25,-76.699844414507
72,26,-12.481050264840
72,27,-26.024018962817
72,28,-5.783417761821
72,29,-64.523932251352
72,30,-20.528555592442
72,31,8.505809557733
72,32,-68.388769720696
72,33,-26.490422032242
72,34,-59.327156790547
72,35,-81.090097963257
72,36,-31.764550536740
72,37,-78.318879267827
72,38,-69.355580348747
72,39,-74.898265179843
72,40,-72.285318811839
72,41,-64.143800833743
72,42,-21.996632669347
72,43,-11.490581130842
72,44,-68.576125586187
72,45,-26.551215611471
72,46,-21.636539506748
72,47,-67.641212973358
72,48,-32.017305402187
72,49,-28.896539607966
72,50,-75.087651164984
72,51,-16.700465161164
72,52,-70.346112069397
72,53,-37.425490752241
72,54,-13.758838679314
72,55,-62.408979103348
72,56,-68.835426660044
72,57,-59.715386876618
72,58,-65.358469125909
72,59,-18.609963697803
72,60,-26.551571342752
72,61,-8.944968425269
72,62,-47.580103361644
72,63,1.580208358617
72,64,-23.670374829984
72,65,6.025622950445
72,66,-76.553005398251
72,67,-75.540421797101
72,68,-52.534474046355
72,69,-19.901696363384
72,70,1.248035600438
72,71,-15.143625792385
72,72,-19.689205440765
72,73,-57.328825691860
72,74,-61.131348517934
72,75,-12.826175326081
72,76,-58.790763527875
72,77,-12.627847747754
72,78,-70.570304414920
72,79,-73.921509908956
72,80,-70.714502447190
72,81,-25.410146990638
72,82,-16.563840780182
72,83,-2.366726888838
72,84,1.007681782343
72,85,-56.620914499807
72,86,-59.027506065424
72,87,-12.919433312549
72,88,-49.899968273377
72,89,-69.632430400809
72,90,7.555290095646
72,91,-61.227802086105
72,92,-66.109860263430
72,93,-65.370955454680
72,94,-33.327559515485
72,95,-64.331165634401
72,96,-31.000193312422
72,97,-45.053178415488
72,98,-66.396937670834
72,99,-29.038589841410
72,100,-5.235207705038
72,101,6.835214951840
72,102,-23.383627448478
72,103,-8.288731788489
72,104,-0.819527625950
72,105,-75.052724576970
72,106,28.729968021165
72,107,-70.704304143132
72,108,-31.285020195501
72,109,-71.708943892780
72,110,-51.967331730346
72,111,-63.055828713055
72,112,-74.663685216910
72,113,-67.535722950233
72,114,-63.627551808248
72,115,-4.903933041467
72,116,-19.994837599974
72,117,-11.375448084895
72,118,-11.275218120863
72,119,-59.747095598250
72,120,-72.589958758719
72,121,-14.928515495361
72,122,-45.209467994733
72,123,-62.164045680081
72,124,-38.497799712335
72,125,-64.240987115343
72,126,-71.596944014047
72,127,-60.935218483777
72,128,-57.815044854295
72,129,-66.619310631315
72,130,-62.416576807525
72,131,-49.359406006428
72,132,-15.234387858734
72,133,-63.290266374766
72,134,-27.621045629450
72,135,-57.570610705225
72,136,-76.394179517541
72,137,-26.786308643270
72,138,-70.524443418581
72,139,-50.329426573240
72,140,-16.866394498567
72,141,-46.567714902412
72,142,6.328450195768
72,143,-54.173692034870
72,144,-31.003330947780
72,145,-40.304421201981
72,146,-0.497751910087
72,147,-50.299390487169
72,148,-80.942559892988
72,149,-64.402556496156
72,150,-84.591673400704
72,151,-29.958957800212
72,152,-60.884564109459
72,153,-70.138868792281
72,154,1.865338651216
72,155,-12.518195399120
72,156,-39.435508990871
72,157,-35.294314880441
72,158,-52.516297326903
72,159,-65.702533720527
72,160,3.060095900662
72,161,-6.518153743331
72,162,-4.107820474790
72,163,-19.158551871304
72,164,-20.414456472055
72,165,-70.310174886676
72,166,-15.803014137055
72,167,-12.876391900507
72,168,-43.379678338963
72,169,7.348727819190
72,170,-61.189861026629
72,171,-46.638791706493
72,172,-69.809138723525
72,173,-16.885220301010
72,174,-47.719674949170
72,175,-7.237425779029
72,176,-7.695025890833
72,177,-49.006132498107
72,178,-64.683217428996
72,179,-43.703357352424
72,180,-18.796017838227
72,181,-65.636902062171
72,182,-44.525943222776
72,183,-66.745867409452
72,184,-71.366216067589
72,185,-8.013275703976
72,186,0.271233831241
72,187,2.242164844058
72,188,-60.082438706551
72,189,-26.669559627007
72,190,-18.279396055594
72,191,-27.179528424698
72,192,-55.983057277961
72,193,-29.830670831805
72,194,-57.918934658621
72,195,-74.136084913109
72,196,-14.435033239177
72,197,-14.836316537039
72,198,-25.298816214781
72,199,-7.895444423950
73,0,-18.057181829492
73,1,7.759527055139
73,2,-40.512561621661
73,3,-56.279657036590
73,4,-46.774514125245
73,5,-37.495950404766
73,6,-45.771120498546
73,7,-50.882590429334
73,8,36.424979972609
73,9,-39.202307869411
73,10,-16.243052855520
73,11,-15.233237857632
73,12,-36.839538505701
73,13,-59.263384662023
73,14,-10.870400512904
73,15,-44.380156473191
73,16,-44.586593203654
73,17,-35.258991456103
73,18,-45.239451488640
73,19,15.116728328634
73,20,-40.236154047059
73,21,-43.130277778750
73,22,-39.678108534397
73,23,12.651685700948
73,24,-41.043491202050
73,25,-54.549862121254
73,26,9.669800774202
73,27,-3.873351143120
73,28,16.367523890010
73,29,-42.373785253971
73,30,1.622186573237
73,31,30.656944534581
73,32,-46.238675003682
73,33,-4.339760522285
73,34,-37.176939494653
73,35,-58.940175055955
73,36,-9.613960377385
73,37,-56.168918874959
73,38,-47.205498709882
73,39,-52.748258516847
73,40,-50.135276803652
73,41,-41.993648694232
73,42,0.154089635187
73,43,10.660283308236
73,44,-46.426033403557
73,45,-4.400554923959
73,46,0.514187669367
73,47,-45.491108144044
73,48,-9.866718662182
73,49,-6.745910649086
73,50,-52.937647063802
73,51,5.450328793850
73,52,-48.196043829521
73,53,-15.274977175424
73,54,8.391995072598
73,55,-40.258803496399
73,56,-46.685337985007
73,57,-37.565174832474
73,58,-43.208333417504
73,59,3.540804423996
73,60,-4.400910660050
73,61,13.205930453514
73,62,-25.429727156166
73,63,23.731249635232
73,64,-1.519675168878
73,65,28.176724371311
73,66,-54.403021118727
73,67,-53.390423820492
73,68,-30.384164862240
73,69,2.249054282896
73,70,23.399072382941
73,71,7.007189224882
73,72,2.461548080246
73,73,-35.178581363645
73,74,-38.981155628047
73,75,9.324671043782
73,76,-36.640538975968
73,77,9.523001305271
73,78,-48.420239207706
73,79,-51.771490033476
73,80,-48.564439190552
73,81,-3.259470866156
73,82,5.586955023202
73,83,19.784260988235
73,84,23.158715313002
73,85,-34.470660595325
73,86,-36.877284716036
73,87,9.231411795627
73,88,-27.749623450494
73,89,-47.482352506915
73,90,29.706412212297
73,91,-39.077610500979
73,92,-43.959734719247
73,93,-43.220819915179
73,94,-11.176990500993
73,95,-42.181016029426
73,96,-8.849592812585
73,97,-22.902768026157
73,98,-44.246816010003
73,99,-6.887962804241
73,100,16.915741363635
73,101,28.986327326158
73,102,-1.232923908072
73,103,13.862175968578
73,104,21.331481183690
73,105,-52.902720003338
73,106,50.881376630772
73,107,-48.554240748541
73,108,-9.134423548901
73,109,-49.558894087975
73,110,-29.817014874134
73,111,-40.905661856239
73,112,-52.513675380775
73,113,-45.385616693944
73,114,-41.477392685294
73,115,17.247020509094
73,116,2.155911786220
73,117,10.775417911820
73,118,10.875649231864
73,119,-37.596883983046
73,120,-50.439920871395
73,121,7.222302432107
73,122,-23.059059719664
73,123,-40.013866759844
73,124,-16.347300641850
73,125,-42.090836290496
73,126,-49.446892694221
73,127,-38.785022940770
73,128,-35.664807103400
73,129,-44.469191978562
73,130,-40.266401303357
73,131,-27.209053870960
73,132,6.916425930620
73,133,-41.140102689256
73,134,-5.470399415113
73,135,-35.420369647749
73,136,-54.244193089602
73,137,-4.635651136210
73,138,-48.374377591004
73,139,-28.179087559954
73,140,5.284397211617
73,141,-24.417325001523
73,142,28.479555713762
73,143,-32.023405025466
73,144,-8.852730490391
73,145,-18.153946571605
73,146,21.653261252970
73,147,-28.149051067558
73,148,-58.792634989986
73,149,-42.252407856897
73,150,-62.441797857966
73,151,-7.808343214150
73,152,-38.734367881232
73,153,-47.988797749014
73,154,24.016383785471
73,155,9.632655137386
73,156,-17.285022605800
73,157,-13.143772472700
73,158,-30.365987896897
73,159,-43.552402666362
73,160,25.211157199345
73,161,15.632777968123
73,162,18.043143846560
73,163,2.992208828779
73,164,1.736287237232
73,165,-48.160106160678
73,166,6.347791959430
73,167,9.274453789971
73,168,-21.229245310657
73,169,29.499847141138
73,170,-39.039668928257
73,171,-24.488402767114
73,172,-47.659063219980
73,173,5.265571154487
73,174,-25.569300631789
73,175,14.913496201283
73,176,14.455889898549
73,177,-26.855775583645
73,178,-42.533072586310
73,179,-21.552928702826
73,180,3.354747766483
73,181,-43.486770120195
73,182,-22.375525701056
73,183,-44.595750468659
73,184,-49.216161626697
73,185,14.137635779771
73,186,22.422257398197
73,187,24.393215076569
73,188,-37.932231627667
73,189,-4.518900540512
73,190,3.871376538380
73,191,-5.028876237309
73,192,-33.832794744856
73,193,-7.680054510231
73,194,-35.768698313092
73,195,-51.986067940161
73,196,7.715791364557
73,197,7.314502637775
73,198,-3.148138584154
73,199,14.255468653944
74,0,-11.624870475025
74,1,14.191939825309
74,2,-34.080338473381
74,3,-49.847495819595
74,4,-40.342315573464
74,5,-31.063715407327
74,6,-39.338918005531
74,7,-44.450408013574
74,8,42.857505356675
74,9,-32.770079574504
74,10,-9.810734374820
74,11,-8.800915410182
74,12,-30.407300929881
74,13,-52.831235164493
74,14,-4.438060927263
74,15,-37.947948516594
74,16,-38.154386057919
74,17,-28.826747671897
74,18,-38.807246907272
74,19,21.549170001243
74,20,-33.803929813068
74,21,-36.698064912722
74,22,-33.245882108422
74,23,19.084117689687
74,24,-34.611270139241
74,25,-48.117694109947
74,26,16.102221048743
74,27,2.559015928855
74,28,22.799970476357
74,29,-35.941569416485
74,30,8.054575233531
74,31,37.089447257946
74,32,-39.806474347177
74,33,2.092604717487
74,34,-30.744703244141
74,35,-52.508024288931
74,36,-3.181615856141
74,37,-49.736757223007
74,38,-40.773301850961
74,39,-46.316083429148
74,40,-43.703091452553
74,41,-35.561431363589
74,42,6.586472528274
74,43,17.092707473836
74,44,-39.993833482979
74,45,2.031810077002
74,46,6.946571977038
74,47,-39.058904551166
74,48,-3.434375133838
74,49,-0.313554861372
74,50,-46.505472719989
74,51,11.882732492537
74,52,-41.763850861353
74,53,-8.842654891938
74,54,14.824410327361
74,55,-33.826579351371
74,56,-40.253139082954
74,57,-31.132940106952
74,58,-36.776120858070
74,59,9.973200621323
74,60,2.031454339514
74,61,19.638364619583
74,62,-18.997444762070
74,63,30.163725150262
74,64,4.912701149093
74,65,34.609217350815
74,66,-47.970852530656
74,67,-46.958251255121
74,68,-23.951901929562
74,69,8.681445405746
74,70,29.831546592992
74,71,13.439599039550
74,72,8.893940037851
74,73,-28.746337263583
74,74,-32.548926464457
74,75,15.757089962499
74,76,-30.208300618477
74,77,15.955421003120
74,78,-41.988047120147
74,79,-45.339311109179
74,80,-42.132247669397
74,81,3.172898617333
74,82,12.019359258607
74,83,26.216720997305
74,84,29.591188578786
74,85,-28.038413714545
74,86,-30.445047288478
74,87,15.663830347985
74,88,-21.317350169164
74,89,-41.050156735444
74,90,36.138911201371
74,91,-32.645381716269
74,92,-37.527525111262
74,93,-36.788607404793
74,94,-4.744652119713
74,95,-35.748799434754
74,96,-2.417245288707
74,97,-16.470475705872
74,98,-37.814607529654
74,99,-0.455607574550
74,100,23.348190103658
74,101,35.418823486281
74,102,5.199453536348
74,103,20.294612712692
74,104,27.763947271080
74,105,-46.470545522337
74,106,57.313958810621
74,107,-42.122049187325
74,108,-2.702077143906
74,109,-43.126706472918
74,110,-23.384749713652
74,111,-34.473440252048
74,112,-46.081499371670
74,113,-38.953412686700
74,114,-35.045173326827
74,115,23.679470550553
74,116,8.588302543176
74,117,17.207842529715
74,118,17.308074243512
74,119,-31.164649382074
74,120,-44.007736716892
74,121,13.654713091826
74,122,-16.626768013317
74,123,-33.581641652709
74,124,-9.914982570655
74,125,-35.658619341601
74,126,-43.014704639230
74,127,-32.352793006779
74,128,-29.232564913233
74,129,-38.036984371684
74,130,-33.834177188168
74,131,-20.776778466221
74,132,13.348835388730
74,133,-34.707882005932
74,134,0.961961383175
74,135,-28.988126497439
74,136,-47.812023877683
74,137,1.796712941221
74,138,-41.942185323314
74,139,-21.746815965584
74,140,11.716800258459
74,141,-17.985038630599
74,142,34.912049882972
74,143,-25.591148531799
74,144,-2.420382978838
74,145,-11.721635597241
74,146,28.085728604492
74,147,-21.716779355207
74,148,-52.360483643453
74,149,-35.820191542647
74,150,-56.009660844487
74,151,-1.375991599969
74,152,-32.302137748273
74,153,-41.556603966805
74,154,30.448860420678
74,155,16.065075266000
74,156,-10.852708218154
74,157,-6.711441817388
74,158,-23.933724892820
74,159,-37.120191458409
74,160,31.643638528309
74,161,22.065221668025
74,162,24.475597015597
74,163,9.424602871019
74,164,8.168676345755
74,165,-41.727913051349
74,166,12.780199183711
74,167,15.706872511415
74,168,-14.796946416551
74,169,35.932345318688
74,170,-32.607439994514
74,171,-18.056116675391
74,172,-41.226868142607
74,173,11.697974127368
74,174,-19.137018785950
74,175,21.345937075494
74,176,20.888328975059
74,177,-20.423498791199
74,178,-36.100857374491
74,179,-15.120631080201
74,180,9.787143232912
74,181,-37.054558654439
74,182,-15.943231309691
74,183,-38.163543358896
74,184,-42.783972665427
74,185,20.570073606024
74,186,28.854727770762
74,187,30.825693192186
74,188,-31.499998343934
74,189,1.913463995545
74,190,10.303774034321
74,191,1.403486295414
74,192,-27.400545358527
74,193,-1.247702392095
74,194,-29.336456531011
74,195,-45.553889858696
74,196,14.148203962912
74,197,13.746913659692
74,198,3.284231336685
74,199,20.687906943102
75,0,-13.826606564311
75,1,11.990169022392
75,2,-36.282044370528
75,3,-52.049180518254
75,4,-42.544013051462
75,5,-33.265425360332
75,6,-41.540616832579
75,7,-46.652099968363
75,8,40.655696007088
75,9,-34.971787233291
75,10,-12.012472903349
75,11,-11.002655296492
75,12,-32.609011765438
75,13,-55.032915851691
75,14,-6.639806679814
75,15,-40.149649213774
75,16,-40.356086477550
75,17,-31.028460632529
75,18,-41.008946449139
75,19,19.347389305294
75,20,-36.005636081849
75,21,-38.899767290350
75,22,-35.447589127492
75,23,16.882340308439
75,24,-36.812975322551
75,25,-50.319381134228
75,26,13.900447677152
75,27,0.357260767996
75,28,20.598188098484
75,29,-38.143272811220
75,30,5.852812683195
75,31,34.887645664909
75,32,-42.008172545604
75,33,-0.109149816228
75,34,-32.946413626058
75,35,-54.709705410663
75,36,-5.383363298104
75,37,-51.938442070546
75,38,-42.974998749516
75,39,-48.517772875617
75,40,-45.904784412087
75,41,-37.763135269415
75,42,4.384711952000
75,43,14.890932770373
75,44,-42.195531429505
75,45,-0.169944374968
75,46,4.744810916563
75,47,-41.260603754687
75,48,-5.636122235934
75,49,-2.515306159738
75,50,-48.707161911829
75,51,9.680964794701
75,52,-43.965546428131
75,53,-11.044394722121
75,54,12.622638673995
75,55,-36.028285589695
75,56,-42.454836680845
75,57,-33.334649966877
75,58,-38.977823130757
75,59,7.771435491130
75,60,-0.170300111982
75,61,17.436586493051
75,62,-21.199170938497
75,63,27.961932870370
75,64,2.710942823418
75,65,32.407419093004
75,66,-50.172539752362
75,67,-49.159939838217
75,68,-26.153621444537
75,69,6.479682012505
75,70,27.629754759786
75,71,11.237829248268
75,72,6.692176358876
75,73,-30.948050332328
75,74,-34.750634420590
75,75,13.555317054990
75,76,-32.410011721593
75,77,13.753647828926
75,78,-44.189742385504
75,79,-47.541001868878
75,80,-44.333942740879
75,81,0.971142631031
75,82,9.817591377061
75,83,24.014934024963
75,84,27.389397068793
75,85,-30.240127735102
75,86,-32.646758073286
75,87,13.462057565877
75,88,-23.519073226380
75,89,-43.251853261776
75,90,33.937110886545
75,91,-34.847089542716
75,92,-39.729226373696
75,93,-38.990309660687
75,94,-6.946397460022
75,95,-37.950503088665
75,96,-4.618993758442
75,97,-18.672205279938
75,98,-40.016308406106
75,99,-2.657358681907
75,100,21.146406988599
75,101,33.217024139776
75,102,2.997694825099
75,103,18.092833703718
75,104,25.562158218185
75,105,-48.672234761136
75,106,55.112130020381
75,107,-44.323744272522
75,108,-4.903825230656
75,109,-45.328400207378
75,110,-25.586469991176
75,111,-36.675145620669
75,112,-48.283189133530
75,113,-41.155112032051
75,114,-37.246877926758
75,115,21.477686990031
75,116,6.386539275176
75,117,15.006067671435
75,118,15.106299250452
75,119,-33.366359199368
75,120,-46.209429266841
75,121,11.452943011296
75,122,-18.828497377239
75,123,-35.783348220357
75,124,-12.116720959013
75,125,-37.860323116758
75,126,-45.216398524281
75,127,-34.554501226616
75,128,-31.434277328241
75,129,-40.238684949160
75,130,-36.035883416283
75,131,-22.978502250255
75,132,11.147065719502
75,133,-36.909587059352
75,134,-1.239791630265
75,135,-31.189839241088
75,136,-50.013711312931
75,137,-0.405041194637
75,138,-44.143880650328
75,139,-23.948538445366
75,140,9.515032783747
75,141,-20.186766168255
75,142,32.710251217934
75,143,-27.792865842755
75,144,-4.622131444354
75,145,-13.923371556426
75,146,25.883939118896
75,147,-23.918501875371
75,148,-54.562164963543
75,149,-38.021895100574
75,150,-58.211337258508
75,151,-3.577741469773
75,152,-34.503846036212
75,153,-43.758299812231
75,154,28.247067757366
75,155,13.863301944359
75,156,-13.054445345668
75,157,-8.913184513171
75,158,-26.135444432228
75,159,-39.321893268498
75,160,29.441844258363
75,161,19.863440278154
75,162,22.273812384534
75,163,7.222838478490
75,164,5.966913641991
75,165,-43.929608666447
75,166,10.578430279100
75,167,13.505099671434
75,168,-16.998678240772
75,169,33.730545281636
75,170,-34.809147871973
75,171,-20.257844117485
75,172,-43.428564431350
75,173,9.496206677970
75,174,-21.338744774708
75,175,19.144156652830
75,176,18.686549167731
75,177,-22.625223050236
75,178,-38.302560555065
75,179,-17.322362469211
75,180,7.585378352902
75,181,-39.256260552771
75,182,-18.144961592669
75,183,-40.365243766209
75,184,-44.985666860688
75,185,18.368294226646
75,186,26.652937251092
75,187,28.623900022139
75,188,-33.701707710352
75,189,-0.288290297292
75,190,8.102008459624
75,191,-0.798267311700
75,192,-29.602260236708
75,193,-3.449452434397
75,194,-31.538168806335
75,195,-47.755580329904
75,196,11.946433218800
75,197,11.545143455187
75,198,1.082475200681
75,199,18.486127405282
76,0,20.742558069076
76,1,46.559878657492
76,2,-1.713353751817
76,3,-17.480822714482
76,4,-7.975454612810
76,5,1.303328935057
76,6,-6.972037213985
76,7,-12.083628243701
76,8,75.226010822378
76,9,-0.403068956912
76,10,22.556730025950
76,11,23.566568949878
76,12,1.959756386001
76,13,-20.464621027582
76,14,27.929509666137
76,15,-5.581040234196
76,16,-5.787481855521
76,17,3.540340882420
76,18,-6.440355607898
76,19,53.917254260341
76,20,-1.436939628555
76,21,-4.331131927793
76,22,-0.878880894626
76,23,51.452153222963
76,24,-2.244295911012
76,25,-15.750986818239
76,26,48.470197640308
76,27,34.926724823832
76,28,55.168079459705
76,29,-3.574621480249
76,30,40.422392753317
76,31,69.457838703005
76,32,-7.439602796301
76,33,34.460304393484
76,34,1.622347403259
76,35,-20.141403764363
76,36,29.185979571506
76,37,-17.370081929337
76,38,-8.406449408198
76,39,-13.949340531508
76,40,-11.336296913054
76,41,-3.194475914330
76,42,38.954261029510
76,43,49.460703643817
76,44,-7.626965635012
76,45,34.399508551345
76,46,39.314367596002
76,47,-6.692018225498
76,48,28.933215297897
76,49,32.054097255175
76,50,-14.138733565327
76,51,44.250625680244
76,52,-9.397017995470
76,53,23.524828643138
76,54,47.192361661197
76,55,-1.459589614504
76,56,-7.886276359837
76,57,1.234102867267
76,58,-4.409189415834
76,59,42.341056064855
76,60,34.399152806822
76,61,52.006411108443
76,62,13.369838063634
76,63,62.531979692547
76,64,37.280456566652
76,65,66.977559768180
76,66,-15.604142336866
76,67,-14.591521048904
76,68,8.415282973117
76,69,41.049275316291
76,70,62.199794569067
76,71,45.807523000716
76,72,41.261774148588
76,73,3.620752879979
76,74,-0.181911475978
76,75,48.125059732054
76,76,2.158760630489
76,77,48.323394692976
76,78,-9.621218685206
76,79,-12.972548907142
76,80,-9.765422084376
76,81,35.540619646199
76,82,44.387255146918
76,83,58.584897519053
76,84,61.959431803683
76,85,4.328690420640
76,86,1.922009281378
76,87,48.031798274133
76,88,11.049886804314
76,89,-8.683309764354
76,90,68.507283856765
76,91,-0.278368634135
76,92,-5.160608519684
76,93,-4.421676209335
76,94,27.622912413775
76,95,-3.381847688623
76,96,29.950365247132
76,97,15.896857064894
76,98,-5.447696611933
76,99,31.912041734227
76,100,55.716309923548
76,101,67.787181907421
76,102,37.567214621835
76,103,52.662672173363
76,104,60.132154376799
76,105,-14.103805677398
76,106,89.682750052751
76,107,-9.755223400753
76,108,29.665527762074
76,109,-10.759900541998
76,110,8.982446398528
76,111,-2.106463299751
76,112,-13.714751837841
76,113,-6.586524276114
76,114,-2.678207674260
76,115,56.047596918790
76,116,40.956130612656
76,117,49.575840975522
76,118,49.676074670548
76,119,1.202392965439
76,120,-11.640948198263
76,121,46.022641305011
76,122,15.740561668354
76,123,-1.214647074885
76,124,22.452479769636
76,125,-3.291665813158
76,126,-10.647896494753
76,127,0.014225858096
76,128,3.134515620397
76,129,-5.670077848983
76,130,-1.467187601469
76,131,11.590469191469
76,132,45.716757555841
76,133,-2.340909687147
76,134,33.329638711170
76,135,3.378958867346
76,136,-15.445310544907
76,137,34.164406768687
76,138,-9.575355981971
76,139,10.620412519660
76,140,44.084690166317
76,141,14.382264205080
76,142,67.280398286530
76,143,6.776003972045
76,144,29.947227494980
76,145,20.645791034280
76,146,60.453942070868
76,147,10.650449723704
76,148,-19.993860203023
76,149,-3.453241207506
76,150,-23.643109522935
76,151,30.991639516847
76,152,0.064882117767
76,153,-9.189767004973
76,154,62.817120599269
76,155,48.433051123327
76,156,21.514735587836
76,157,25.656083841735
76,158,8.433460369124
76,159,-4.753266816340
76,160,64.011922324280
76,161,54.433316127775
76,162,56.843739120734
76,163,41.792447470893
76,164,40.536496120869
76,165,-9.361079475209
76,166,45.148110110989
76,167,48.074841288355
76,168,17.570419431373
76,169,68.300713890814
76,170,-0.240426162498
76,171,14.311184755439
76,172,-8.860024663983
76,173,44.065863663105
76,174,13.230261281111
76,175,53.714017317354
76,176,53.256400171522
76,177,11.943755848944
76,178,-3.733912586409
76,179,17.246728370119
76,180,42.154994998811
76,181,-4.687632715213
76,182,16.424111881999
76,183,-5.796639337481
76,184,-10.417159960853
76,185,52.938138511636
76,186,61.222956437981
76,187,63.193960819692
76,188,0.867037375690
76,189,34.281160130689
76,190,42.671636012019
76,191,33.771172350469
76,192,4.966571383695
76,193,31.119931260437
76,194,3.030621949278
76,195,-13.187131897481
76,196,46.516141930595
76,197,46.114843695344
76,198,35.651954566129
76,199,53.055974177885
77,0,26.215235942611
77,1,52.032642804450
77,2,3.759249085502
77,3,-12.008272561550
77,4,-2.502872699508
77,5,6.775941852356
77,6,-1.499451947915
77,7,-6.611060057163
77,8,80.698870768967
77,9,5.069538258598
77,10,28.029413961704
77,11,29.039256260112
77,12,7.432371496703
77,13,-14.992080844291
77,14,33.402211555673
77,15,-0.108450320302
77,16,-0.314892631424
77,17,9.012961274537
77,18,-0.967768565286
77,19,59.390042994346
77,20,4.035664132374
77,21,1.141462162508
77,22,4.593724730999
77,23,56.924933718990
77,24,3.228305152217
77,25,-10.278430885446
77,26,53.942968171170
77,27,40.399450095749
77,28,60.640872373791
77,29,1.897975137843
77,30,45.895136390216
77,31,74.930679372344
77,32,-1.967019092524
77,33,39.933028106767
77,34,7.094961386530
77,35,-14.668862501123
77,36,34.658685659721
77,37,-11.897531406394
77,38,-2.933868934997
77,39,-8.476778578894
77,40,-5.863726229451
77,41,2.278121973977
77,42,44.426999760304
77,43,54.933477484767
77,44,-2.154382557288
77,45,39.872232061469
77,46,44.787107530174
77,47,-1.219432023783
77,48,34.405920541460
77,49,37.526812927674
77,50,-8.666172245532
77,51,49.723382110184
77,52,-3.924440832103
77,53,28.997515813891
77,54,52.665127921784
77,55,4.013014070741
77,56,-2.413694148556
77,57,6.706715553250
77,58,1.063404413653
77,59,47.813806113452
77,60,39.871876315759
77,61,57.479193456704
77,62,18.842491300842
77,63,68.004797216003
77,64,42.753189704054
77,65,72.450392148501
77,66,-10.131585913427
77,67,-9.118961242006
77,68,13.887919654677
77,69,46.522021048077
77,70,67.672610982387
77,71,51.280284633460
77,72,46.734520590493
77,73,9.093373540796
77,74,5.290696478507
77,75,53.597829109531
77,76,7.631376406149
77,77,53.796164733249
77,78,-4.148642270964
77,79,-7.499983690766
77,80,-4.292846151970
77,81,41.013346969565
77,82,49.860012033438
77,83,64.057701851722
77,84,67.432247413730
77,85,9.801313446987
77,86,7.394624265951
77,87,53.504567339951
77,88,16.522532289382
77,89,-3.210730216240
77,90,73.980121349377
77,91,5.194238998047
77,92,0.311982799030
77,93,1.050917578425
77,94,33.095613278776
77,95,2.090749573603
77,96,35.423073889659
77,97,21.369518746222
77,98,0.024893747519
77,99,37.384756932028
77,100,61.189104669742
77,101,73.260016993467
77,102,43.039948717495
77,103,58.135456714743
77,104,65.604963880243
77,105,-8.631244240896
77,106,95.155658315001
77,107,-4.282647434258
77,108,35.138235452774
77,109,-5.287327932463
77,110,14.455084975249
77,111,3.366138224032
77,112,-8.242189101395
77,113,-1.113937721901
77,114,2.794391939096
77,115,61.520392772109
77,116,46.428876033176
77,117,55.048615201231
77,118,55.148849231227
77,119,6.675005545469
77,120,-6.168378532602
77,121,51.495403656634
77,122,21.213222827413
77,123,4.257957428810
77,124,27.925163357024
77,125,2.180931750401
77,126,-5.175323510979
77,127,5.486834467963
77,128,8.607134656479
77,129,-0.197488232596
77,130,4.005416058390
77,131,17.063116482888
77,132,51.189518885265
77,133,3.131691053262
77,134,38.802358646113
77,135,8.851578720212
77,136,-9.972753590766
77,137,39.637129493174
77,138,-4.102779414483
77,139,16.093056569633
77,140,49.557446041727
77,141,19.854920825339
77,142,72.753231678929
77,143,12.248635175987
77,144,35.419936127022
77,145,26.118468584464
77,146,65.926752649699
77,147,16.123093874048
77,148,-14.521318446801
77,149,2.019355816163
77,150,-18.170579959711
77,151,36.464351638962
77,152,5.537490896895
77,153,-3.717189149102
77,154,68.289939075643
77,155,53.905821530054
77,156,26.987416041666
77,157,31.128778134320
77,158,13.906097111416
77,159,0.719325863451
77,160,69.484744793597
77,161,59.906106586386
77,162,62.316537634659
77,163,47.265195686174
77,164,46.009240139072
77,165,-3.888502191752
77,166,50.620869540115
77,167,53.547610498012
77,168,23.043086704987
77,169,73.773550693069
77,170,5.232181596468
77,171,19.783841138182
77,172,-3.387445706336
77,173,49.538619475607
77,174,18.702914051915
77,175,59.186805372170
77,176,58.729186697048
77,177,17.416404320880
77,178,1.738683499432
77,179,22.719394562104
77,180,47.627744425634
77,181,0.784960183890
77,182,21.896775325164
77,183,-0.324050143980
77,184,-4.944586206118
77,185,58.410923973584
77,186,66.695769586790
77,187,68.666780555432
77,188,6.339648835150
77,189,39.753883245328
77,190,48.144387165339
77,191,39.243893760882
77,192,10.439196541491
77,193,36.592643811258
77,194,8.503240638209
77,195,-7.714567398099
77,196,51.988905931394
77,197,51.587606355082
77,198,41.124682261550
77,199,58.528760033623
78,0,13.917004598392
78,1,39.734217583711
78,2,-8.538813634819
78,3,-24.306216887744
78,4,-14.800888398669
78,5,-5.522143520022
78,6,-13.797475181535
78,7,-18.909044909073
78,8,68.400230264080
78,9,-7.228534300535
78,10,15.731168994265
78,11,16.741003709431
78,12,-4.865718804773
78,13,-27.290002766378
78,14,21.103926241893
78,15,-12.406483998668
78,16,-12.612924759662
78,17,-3.285140895518
78,18,-13.265795791202
78,19,47.091562520771
78,20,-8.262400663516
78,21,-11.156580901225
78,22,-7.704344255297
78,23,44.626471758078
78,24,-9.069753581309
78,25,-22.576388200338
78,26,41.644528604302
78,27,28.101112236298
78,28,48.342382506598
78,29,-10.400073606426
78,30,33.596757260355
78,31,62.632082187942
78,32,-14.265038815291
78,33,27.634693749933
78,34,-5.203126381348
78,35,-26.966786850106
78,36,22.360390910530
78,37,-24.195476564091
78,38,-15.231881397915
78,39,-20.774749421733
78,40,-18.161716692863
78,41,-10.019929624752
78,42,32.128631655614
78,43,42.635030479367
78,44,-14.452400873190
78,45,27.573898161187
78,46,32.488736721207
78,47,-13.517457360016
78,48,22.107627690391
78,49,25.228496640360
78,50,-20.964141666285
78,51,37.424974231391
78,52,-16.222445857064
78,53,16.699263576651
78,54,40.366697951220
78,55,-8.285050555067
78,56,-14.711710517346
78,57,-5.591369299313
78,58,-11.234638063965
78,59,35.515412575020
78,60,27.573542418148
78,61,45.180727333376
78,62,6.544315320200
78,63,55.706252045806
78,64,30.454834169024
78,65,60.151813591452
78,66,-22.429544330917
78,67,-21.416927262922
78,68,1.589780878458
78,69,34.223637210525
78,70,55.374068306926
78,71,38.981865062742
78,72,34.436135157135
78,73,-3.204729233075
78,74,-7.007377741284
78,75,41.299392134591
78,76,-4.666715389641
78,77,41.497726268841
78,78,-16.446645612457
78,79,-19.797961868033
78,80,-16.590848410677
78,81,28.715004500023
78,82,37.561603128597
78,83,51.759186324300
78,84,55.133706543413
78,85,-2.496794642793
78,86,-4.903465752082
78,87,41.206131065381
78,88,4.224373729623
78,89,-15.508740600279
78,90,61.681531303831
78,91,-7.103834497459
78,92,-11.986054036293
78,93,-11.247124805428
78,94,20.797330267364
78,95,-10.207300618174
78,96,23.124773400334
78,97,9.071323789678
78,98,-12.273140932106
78,99,25.086441711479
78,100,48.890610685361
78,101,60.961432356024
78,102,30.741591029022
78,103,45.836985662972
78,104,53.306436732884
78,105,-20.929213923911
78,106,82.856909233531
78,107,-16.580649769545
78,108,22.839937102421
78,109,-17.585322723884
78,110,2.156941940142
78,111,-8.931921544463
78,112,-20.540161705692
78,113,-13.411963850274
78,114,-9.503663536234
78,115,49.221896299779
78,116,34.130492895107
78,117,42.750167331171
78,118,42.850400608419
78,119,-5.623079068988
78,120,-18.466366708468
78,121,39.196982470428
78,122,8.915029044532
78,123,-8.040109036250
78,124,15.626919172435
78,125,-10.117119118549
78,126,-17.473319143406
78,127,-6.811241224612
78,128,-3.690964466237
78,129,-12.495521242396
78,130,-8.292648510367
78,131,4.764953863822
78,132,38.891099996174
78,133,-9.166366954807
78,134,26.504032780082
78,135,-3.446522238024
78,136,-22.270713200865
78,137,27.338797358403
78,138,-16.400783100355
78,139,3.794901234862
78,140,37.259039409073
78,141,7.556737242201
78,142,60.454650847510
78,143,-0.049491290760
78,144,23.121635661257
78,145,13.820237966895
78,146,53.628223085696
78,147,3.824938313715
78,148,-26.819243903621
78,149,-10.278693839529
78,150,-30.468478016017
78,151,24.166043330188
78,152,-6.760585176053
78,153,-16.015195730266
78,154,55.991391764022
78,155,41.607382242153
78,156,14.689178898916
78,157,18.830509892665
78,158,1.607958198707
78,159,-11.578714030533
78,160,57.186188508895
78,161,47.607622237221
78,162,50.018035183319
78,163,34.966806267628
78,164,33.710860152336
78,165,-16.186507486571
78,166,38.322454921436
78,167,41.249173900200
78,168,10.744879181264
78,169,61.474962198903
78,170,-7.065892183942
78,171,7.485658088794
78,172,-15.685454763458
78,173,37.240212984332
78,174,6.404739119382
78,175,46.888326424887
78,176,46.430711186433
78,177,5.118239048927
78,178,-10.559364048742
78,179,10.421189469060
78,180,35.329352284461
78,181,-11.513080202938
78,182,9.598576409349
78,183,-12.622082203452
78,184,-17.242583571089
78,185,46.112450853085
78,186,54.397234247452
78,187,56.368230413704
78,188,-5.958433261134
78,189,27.455550233790
78,190,35.845991144335
78,191,26.945564579131
78,192,-1.858916338148
78,193,24.294334539081
78,194,-3.794857704372
78,195,-20.012543964127
78,196,39.690481039106
78,197,39.289184476460
78,198,28.826338955922
78,199,46.230286028185
79,0,5.364925814749
79,1,31.182003974944
79,2,-17.090775154444
79,3,-32.858096074022
79,4,-23.352817218962
79,5,-14.074120792291
79,6,-22.349409241426
79,7,-27.460952277652
79,8,59.847866942953
79,9,-15.780502662252
79,10,7.179080736794
79,11,8.188910178447
79,12,-13.417699504811
79,13,-35.841866372444
79,14,12.551809926874
79,15,-20.958425322016
79,16,-21.164865005012
79,17,-11.837129849184
79,18,-21.817732627409
79,19,38.539310488210
79,20,-16.814363626523
79,21,-19.708528751318
79,22,-16.256310132398
79,23,36.074232599552
79,24,-17.621712328451
79,25,-31.128276419178
79,26,33.092305018989
79,27,19.548959380103
79,28,39.790123941551
79,29,-18.952025406863
79,30,25.044575703992
79,31,54.079748992626
79,32,-22.816970433669
79,33,19.082543329525
79,34,-13.755105319484
79,35,-35.518652143874
79,36,13.808268033965
79,37,-32.747356328618
79,38,-23.783807967666
79,39,-29.326647048161
79,40,-26.713627963771
79,41,-18.571883410237
79,42,23.576457766350
79,43,34.082801721161
79,44,-23.004331513199
79,45,19.021748058265
79,46,23.936560951348
79,47,-22.069392882091
79,48,13.555506133816
79,49,16.676358785808
79,50,-29.516038303758
79,51,28.872772682524
79,52,-24.774367254329
79,53,8.147170263641
79,54,31.814481039350
79,55,-16.837013399803
79,56,-23.263639803306
79,57,-14.143346210090
79,58,-19.786585506459
79,59,26.963220998681
79,60,19.021392317081
79,61,36.628485280235
79,62,-2.007724962634
79,63,47.153955022091
79,64,21.902669020921
79,65,51.599493349931
79,66,-30.981433316534
79,67,-29.968821536095
79,68,-6.962233531769
79,69,25.671452380353
79,70,46.821773018099
79,71,30.429655383101
79,72,25.883949217219
79,73,-11.756718606644
79,74,-15.559347257848
79,75,32.747170351744
79,76,-13.218697128854
79,77,32.945503450203
79,78,-24.998565839007
79,79,-28.349864594944
79,80,-25.142767884237
79,81,20.162848437889
79,82,29.009400866191
79,83,43.206909914683
79,84,46.581412509906
79,85,-11.048787713138
79,86,-13.455446255015
79,87,32.653909769593
79,88,-4.327654438428
79,89,-24.060665724333
79,90,53.129203073004
79,91,-15.655803510330
79,92,-20.537997555046
79,93,-19.799072182715
79,94,12.245215553463
79,95,-18.759253425240
79,96,14.572646531968
79,97,0.519270310673
79,98,-20.825082951742
79,99,16.534304598776
79,100,40.338349257159
79,101,52.409107886087
79,102,22.189424383381
79,103,37.284740182498
79,104,44.754152242560
79,105,-29.481110743764
79,106,74.304470406343
79,107,-25.132569296366
79,108,14.287811721551
79,109,-26.137237004565
79,110,-6.395075431785
79,111,-17.483881011343
79,112,-29.092060557057
79,113,-21.963899923212
79,114,-18.055620017563
79,115,40.669633141406
79,116,25.578308551376
79,117,34.197937971665
79,118,34.298170725451
79,119,-14.175055814187
79,120,-27.018276388582
79,121,30.644771667343
79,122,0.362976381701
79,123,-16.592073160034
79,124,7.074831459380
79,125,-18.669072396522
79,126,-26.025234008943
79,127,-15.363211765369
79,128,-12.242951300730
79,129,-21.047462100803
79,130,-16.844611315428
79,131,-3.787077127141
79,132,30.338890790554
79,133,-17.718325197442
79,134,17.951888264317
79,135,-11.998510348974
79,136,-30.822603015848
79,137,18.786648483248
79,138,-24.952703566385
79,139,-4.757124690484
79,140,28.706838726786
79,141,-0.995308327547
79,142,51.902329024357
79,143,-8.601497140771
79,144,14.569508809283
79,145,5.268159688589
79,146,45.075936914800
79,147,-4.727087768479
79,148,-35.371109967811
79,149,-18.830646273789
79,150,-39.020325025405
79,151,15.613911024055
79,152,-15.312555981334
79,153,-24.567118209743
79,154,47.439093251116
79,155,33.055158850832
79,156,6.137096082872
79,157,10.278405449899
79,158,-6.944056306449
79,159,-20.130659676332
79,160,48.633883755952
79,161,39.055367509514
79,162,41.465767867048
79,163,26.414617556329
79,164,25.158678000080
79,165,-24.738429071498
79,166,29.770248685534
79,167,32.696952379614
79,168,2.192816962815
79,169,52.922635046933
79,170,-15.617861394952
79,171,-1.066387109771
79,172,-24.237378964761
79,173,28.688012400366
79,174,-2.147300434575
79,175,38.336075453735
79,176,37.878462605200
79,177,-3.433793786899
79,178,-19.111315017391
79,179,1.869128940947
79,180,26.777161679805
79,181,-20.065026191463
79,182,1.046520176991
79,183,-21.174022400992
79,184,-25.794499641459
79,185,37.560203933979
79,186,45.844944060285
79,187,47.815929932694
79,188,-14.510408255148
79,189,18.903400748917
79,190,27.293797841587
79,191,18.393417757557
79,192,-10.410912739448
79,193,15.742201562971
79,194,-12.346843996347
79,195,-28.564445570548
79,196,31.138267658753
79,197,30.736973191859
79,198,20.274182312365
79,199,37.678038493686
80,0,-24.756763536658
80,1,1.059839715803
80,2,-47.212051455339
80,3,-62.979082364109
80,4,-53.473978339804
80,5,-44.195452580258
80,6,-52.470588818200
80,7,-57.582037836997
80,8,29.725175337306
80,9,-45.901803063702
80,10,-22.942641985195
80,11,-21.932831118982
80,12,-43.539043366771
80,13,-65.962797782835
80,14,-17.570011624979
80,15,-51.079630483582
80,16,-51.286066369466
80,17,-41.958502783687
80,18,-51.938921983463
80,19,8.417010885198
80,20,-46.935645011603
80,21,-49.829756902691
80,22,-46.377601782056
80,23,5.951978344005
80,24,-47.742978863556
80,25,-61.249294525573
80,26,2.970105618479
80,27,-10.572990884313
80,28,9.667801328527
80,29,-49.073267472908
80,30,-5.077475653830
80,31,23.957163502120
80,32,-52.938141410465
80,33,-11.039398355104
80,34,-43.876442975314
80,35,-65.639589499042
80,36,-16.313576630273
80,37,-62.868344655522
80,38,-53.904961161192
80,39,-59.447698291777
80,40,-56.834727268702
80,41,-48.693132468405
80,42,-6.545566584893
80,43,3.960584099688
80,44,-53.125499043817
80,45,-11.100192508020
80,46,-6.185470024124
80,47,-52.190577609290
80,48,-16.566333880895
80,49,-13.445538636857
80,50,-59.637086063907
80,51,-1.249349096855
80,52,-54.895502228319
80,53,-21.974570265993
80,54,1.692305145356
80,55,-46.958294368276
80,56,-53.384802564404
80,57,-44.264676724750
80,58,-49.907812222104
80,59,-3.158865653480
80,60,-11.100548242663
80,61,6.506220828705
80,62,-32.129278698892
80,63,17.031496942320
80,64,-8.219324540478
80,65,21.476953487829
80,66,-61.102454123793
80,67,-60.089860968234
80,68,-37.083696134418
80,69,-4.450610509120
80,70,16.699321049273
80,71,0.307504963916
80,72,-4.238117581233
80,73,-41.878093020212
80,74,-45.680651727132
80,75,2.624977300249
80,76,-43.340044651202
80,77,2.823306750222
80,78,-55.119696689275
80,79,-58.470933804500
80,80,-55.263896082171
80,81,-9.959113119119
80,82,-1.112723426544
80,83,13.084524445971
80,84,16.458964962847
80,85,-41.170175148218
80,86,-43.576789422674
80,87,2.531718433696
80,88,-34.449165501581
80,89,-54.181813825562
80,90,23.006635069396
80,91,-45.777106205445
80,92,-50.659210449681
80,93,-49.920298668687
80,94,-17.876600358635
80,95,-48.880499037026
80,96,-15.549212192942
80,97,-29.602329907757
80,98,-50.946290565924
80,99,-13.587590210795
80,100,10.216016558938
80,101,22.286553129816
80,102,-7.932574452963
80,103,7.162463658540
80,104,14.631738310389
80,105,-59.602159146336
80,106,44.181512838324
80,107,-55.253697681888
80,108,-15.834041763846
80,109,-56.258346911105
80,110,-36.516548466723
80,111,-47.605150081647
80,112,-59.213116115418
80,113,-52.085086590771
80,114,-48.176878571598
80,115,10.547294348857
80,116,-4.543752624682
80,117,4.075718232161
80,118,4.175949142082
80,119,-44.296385745591
80,120,-57.139370090088
80,121,0.522617290953
80,122,-29.758620961809
80,123,-46.713358633817
80,124,-23.046889344987
80,125,-48.790319667045
80,126,-56.146345975561
80,127,-45.484519842292
80,128,-42.364316770654
80,129,-51.168665624689
80,130,-46.965892144144
80,131,-33.908598133727
80,132,0.216742041033
80,133,-47.839589955503
80,134,-12.170032621783
80,135,-42.119880315084
80,136,-60.943626744454
80,137,-11.335287758353
80,138,-55.073835260206
80,139,-34.878627853934
80,140,-1.415280000139
80,141,-31.116880686408
80,142,21.779783591104
80,143,-38.722929590913
80,144,-15.552349857913
80,145,-24.853527882857
80,146,14.953517062982
80,147,-34.848591484428
80,148,-65.492050036672
80,149,-48.951890572418
80,150,-69.141197975681
80,151,-14.507966854879
80,152,-45.433864989995
80,153,-54.688256995694
80,154,17.316629925823
80,155,2.932960133658
80,156,-23.984607472245
80,157,-19.843374283155
80,158,-37.065519243442
80,159,-50.251880063290
80,160,18.511398450777
80,161,8.933058413102
80,162,11.343414428702
80,163,-3.707459004007
80,164,-4.963375456697
80,165,-54.859564706501
80,166,-0.351889603451
80,167,2.574760251919
80,168,-27.928814039398
80,169,22.800070843485
80,170,-45.739164787949
80,171,-31.187958161194
80,172,-54.358523815667
80,173,-1.434105980239
80,174,-32.268851603461
80,175,8.213779589438
80,176,7.756175159142
80,177,-33.555321291817
80,178,-49.232554153561
80,179,-28.252496107234
80,180,-3.344921549702
80,181,-50.186247785641
80,182,-29.075089739839
80,183,-51.295223597008
80,184,-55.915615852005
80,185,7.437922342600
80,186,15.722510061561
80,187,17.693459674963
80,188,-44.631732018206
80,189,-11.218537640350
80,190,-2.828294891697
80,191,-11.728511250520
80,192,-40.532311907475
80,193,-14.379678675861
80,194,-42.468207555299
80,195,-58.685510833326
80,196,1.016104204173
80,197,0.614817119356
80,198,-9.847781292650
80,199,7.555754734625
81,0,15.657474316075
81,1,41.474714739707
81,2,-6.798367781579
81,3,-22.565787790198
81,4,-13.060449200093
81,5,-3.781694460966
81,6,-12.057034916645
81,7,-17.168610076144
81,8,70.140757888097
81,9,-5.488087054866
81,10,17.471640639968
81,11,18.481476428351
81,12,-3.125269048120
81,13,-25.549576839570
81,14,22.844403597599
81,15,-10.666042255587
81,16,-10.872483235958
81,17,-1.544689459173
81,18,-11.525354961304
81,19,48.832067496405
81,20,-6.521954516531
81,21,-9.416137829881
81,22,-5.963897515270
81,23,46.366974113713
81,24,-7.329308292305
81,25,-20.835957264571
81,26,43.385027790631
81,27,29.841597028513
81,28,50.082888811659
81,29,-8.659629731148
81,30,35.337247893352
81,31,64.372603681040
81,32,-12.524599047276
81,33,29.375178046444
81,34,-3.462676983268
81,35,-25.226360579829
81,36,24.100869601578
81,37,-22.455047348871
81,38,-13.491442657345
81,39,-19.034316571429
81,40,-16.421281065763
81,41,-8.279485345498
81,42,33.869120728275
81,43,44.375530718426
81,44,-12.711961304274
81,45,29.314382393080
81,46,34.229226176598
81,47,-11.777016797554
81,48,23.848106112811
81,49,26.968978379584
81,50,-19.223709017242
81,51,39.165468933075
81,52,-14.482008169143
81,53,18.439736251210
81,54,42.107195779434
81,55,-6.544604432158
81,56,-12.971271224000
81,57,-3.850920313816
81,58,-9.494195075575
81,59,37.255905247184
81,60,29.314026649663
81,61,46.921230278094
81,62,8.284777202571
81,63,57.446766177614
81,64,32.195321462772
81,65,61.892332448318
81,66,-20.689113239110
81,67,-19.676495095046
81,68,3.330237495480
81,69,35.964128509782
81,70,57.114582085669
81,71,40.722361419117
81,72,36.176626682238
81,73,-1.464277711275
81,74,-5.266930260586
81,75,43.039890954096
81,76,-2.926265421505
81,77,43.238225299145
81,78,-14.706208162796
81,79,-18.057527979727
81,80,-14.850411114247
81,81,30.455489944681
81,82,39.302097975487
81,83,53.499696260922
81,84,56.874220066682
81,85,-0.756342368659
81,86,-3.163016035549
81,87,42.946629785765
81,88,5.964833146507
81,89,-13.768302153920
81,90,63.422051786605
81,91,-5.363387119265
81,92,-10.245611846425
81,93,-9.506681830302
81,94,22.537807297231
81,95,-8.466856538042
81,96,24.865252903750
81,97,10.811788357605
81,98,-10.532699047326
81,99,26.826923299734
81,100,50.631117573110
81,101,62.701952073417
81,102,32.482078627538
81,103,47.577489305186
81,104,55.046948314011
81,105,-19.188781237746
81,106,84.597452223818
81,107,-14.840212462288
81,108,24.580416303128
81,109,-15.844886484265
81,110,3.897399159905
81,111,-7.191476108987
81,112,-18.799728606100
81,113,-11.671523175704
81,114,-7.763218708344
81,115,50.962403539634
81,116,35.870984095367
81,117,44.490667692604
81,118,44.590901076386
81,119,-3.882630117194
81,120,-16.725931405112
81,121,40.937479055436
81,122,10.655493446357
81,123,-6.299662653044
81,124,17.367390707346
81,125,-8.376674942570
81,126,-15.732882784767
81,127,-5.070793535480
81,128,-1.950513461168
81,129,-10.755079593931
81,130,-6.552202395535
81,131,6.505413855200
81,132,40.631596256084
81,133,-7.425921768467
81,134,28.244515874932
81,135,-1.706070973181
81,136,-20.530281940271
81,137,29.079281340433
81,138,-14.660345601951
81,139,5.535360195325
81,140,38.999533934395
81,141,9.297200200504
81,142,62.195170026258
81,143,1.690963584166
81,144,24.862115161341
81,145,15.560707581739
81,146,55.368735008837
81,147,5.565397306105
81,148,-25.078817476562
81,149,-8.538249835263
81,150,-28.728055466803
81,151,25.906523940255
81,152,-5.020137433094
81,153,-14.274757822110
81,154,57.731906198889
81,155,43.347881388996
81,156,16.429649437232
81,157,20.570984832237
81,158,3.348414835040
81,159,-9.838271407789
81,160,58.926704213678
81,161,49.348127761346
81,162,51.758543269352
81,163,36.707298356727
81,164,35.451350906602
81,165,-14.446069760459
81,166,40.062950576976
81,167,42.989672666328
81,168,12.485345527755
81,169,63.215482462118
81,170,-5.325444765433
81,171,9.226120971565
81,172,-13.945016504891
81,173,38.980707489645
81,174,8.145200853418
81,175,48.628831184513
81,176,48.171215459683
81,177,6.858699415752
81,178,-8.818920342739
81,179,12.161655471551
81,180,37.069844758880
81,181,-9.772637510447
81,182,11.339041537613
81,183,-10.881640689484
81,184,-15.502146967243
81,185,47.852954788075
81,186,56.137746987944
81,187,58.108745249105
81,188,-4.217984665724
81,189,29.196034339904
81,190,37.586484167849
81,191,28.686048143238
81,192,-0.118463386134
81,193,26.034815285486
81,194,-2.054406809708
81,195,-18.272110303849
81,196,41.430978148615
81,197,41.029681159460
81,198,30.566824518908
81,199,47.970790088417
82,0,28.748154657987
82,1,54.565601449154
82,2,6.292133072384
82,3,-9.475412958222
82,4,0.030001603256
82,5,9.308830504480
82,6,1.033423906592
82,7,-4.078192107467
82,8,83.231873751953
82,9,7.602424271805
82,10,30.562335482813
82,11,31.572179343006
82,12,9.965261163983
82,13,-12.459225855142
82,14,35.935141386202
82,15,2.424427685321
82,16,2.217985054944
82,17,11.545853386189
82,18,1.565108111441
82,19,61.923013018502
82,20,6.568548546718
82,21,3.674342101069
82,22,7.126610008374
82,23,59.457899930414
82,24,5.761188318007
82,25,-7.745568607061
82,26,56.475929770495
82,27,42.932390748188
82,28,63.173844332581
82,29,4.430856246327
82,30,48.428085542393
82,31,77.463673433369
82,32,0.565856038906
82,33,42.465968037832
82,34,9.627850532015
82,35,-12.136007012152
82,36,37.191617433498
82,37,-9.364671631811
82,38,-0.400995298747
82,39,-5.943913514398
82,40,-3.330857124049
82,41,4.811003670344
82,42,46.959946641822
82,43,57.466440616074
82,44,0.378492284392
82,45,42.405171898507
82,46,47.320054968637
82,47,1.313444263760
82,48,36.938851924315
82,49,40.059749137276
82,50,-6.133307473916
82,51,52.256337183266
82,52,-1.391568727711
82,53,31.530438832233
82,54,55.198087544719
82,55,6.545898450066
82,56,0.119180292109
82,57,9.239604098322
82,58,3.596284231498
82,59,50.346758233114
82,60,42.404816152244
82,61,60.012160525388
82,62,21.375398613956
82,63,70.537780564577
82,64,45.286133996815
82,65,74.983382373175
82,66,-7.598723407958
82,67,-6.586097170592
82,68,16.420819305444
82,69,49.054971169819
82,70,70.205593817162
82,71,53.813242114520
82,72,49.267471040883
82,73,11.626265776802
82,74,7.823582833735
82,75,56.130790175041
82,76,10.164266381194
82,77,56.329126105513
82,78,-1.615770513294
82,79,-4.967117115732
82,80,-1.759974617300
82,81,43.546288571466
82,82,52.392967317835
82,83,66.590679095301
82,84,69.965229876732
82,85,12.334206777814
82,86,9.927513874856
82,87,56.037528261215
82,88,19.055436014620
82,89,-0.677857008144
82,90,76.513113940135
82,91,7.727125204103
82,92,2.844861454832
82,93,3.583797376959
82,94,35.628542635124
82,95,4.623630980204
82,96,37.956006845634
82,97,23.902429967464
82,98,2.557771959349
82,99,39.917692921925
82,100,63.722077476479
82,101,75.793008470420
82,102,45.572893453769
82,103,60.668424798459
82,104,68.137943516980
82,105,-6.098379415263
82,106,97.688683659595
82,107,-1.749775883822
82,108,37.671167968212
82,109,-2.754457935698
82,110,16.987985503147
82,111,5.899021602978
82,112,-5.709323674128
82,113,1.418938728777
82,114,5.327274433861
82,115,64.053366091241
82,116,48.961826010847
82,117,57.581578510617
82,118,57.681812695642
82,119,9.207894041501
82,120,-3.635509898326
82,121,54.028361470409
82,122,23.746133806941
82,123,6.790842186929
82,124,30.458084716905
82,125,4.713813296461
82,126,-2.642453341010
82,127,8.019721126511
82,128,11.140026140522
82,129,2.335389635336
82,130,6.538300425957
82,131,19.596021044155
82,132,53.722476225943
82,133,5.664574069640
82,134,41.335296828482
82,135,11.384470582285
82,136,-7.439890839676
82,137,42.170068966596
82,138,-1.569907585894
82,139,18.625959630685
82,140,52.090400858171
82,141,22.387829704203
82,142,75.286222372015
82,143,14.781532291599
82,144,37.952869078144
82,145,28.651387150181
82,146,68.459732784140
82,147,18.655996981550
82,148,-11.988462729663
82,149,4.552237112359
82,150,-15.637729885777
82,151,38.997286205369
82,152,8.070377633783
82,153,-1.184316724219
82,154,70.822922865256
82,155,56.438783071921
82,156,29.520335951260
82,157,33.661704448808
82,158,16.438996790297
82,159,3.252205149198
82,160,72.017730431238
82,161,62.439077408730
82,162,64.849512185181
82,163,49.798146957328
82,164,48.542189467727
82,165,-1.355630031787
82,166,53.153826001297
82,167,56.080571485843
82,168,25.576000514477
82,169,76.306542964317
82,170,7.765067861197
82,171,22.316749907121
82,172,-0.854572771517
82,173,52.071574262925
82,174,21.235821149166
82,175,61.719775081976
82,176,61.262155699071
82,177,19.949309428514
82,178,4.271564361574
82,179,25.252307870986
82,180,50.160696257524
82,181,3.317839571129
82,182,24.429687361830
82,183,2.208827528229
82,184,-2.411715679322
82,185,60.943892483352
82,186,69.228750910675
82,187,71.199764927907
82,188,8.872536812560
82,189,42.286822899325
82,190,50.677339796282
82,191,41.776832626128
82,192,12.972090858806
82,193,39.125578576080
82,194,11.036131961577
82,195,-5.181701154899
82,196,54.521864508453
82,197,54.120564311474
82,198,43.657624035637
82,199,61.061728725646
83,0,26.779368619405
83,1,52.596784374349
83,2,4.323374027517
83,3,-11.444153050266
83,4,-1.938749914341
83,5,7.340067833422
83,6,-0.935328817148
83,7,-6.046938686966
83,8,81.263022213949
83,9,5.633663651926
83,10,28.593547263394
83,11,29.603389909644
83,12,7.996497703869
83,13,-14.427962360685
83,14,33.966346708046
83,15,0.455673289565
83,16,0.249230907335
83,17,9.577088026119
83,18,-0.403645251390
83,19,59.954187098694
83,20,4.599789169595
83,21,1.705586202886
83,22,5.157849960444
83,23,57.489076974161
83,24,3.792429911366
83,25,-9.714310778370
83,26,54.507110399129
83,27,40.963587658392
83,28,61.205016909022
83,29,2.462099438788
83,30,46.459275845933
83,31,75.494828830211
83,32,-1.402896122803
83,33,40.497165508743
83,34,7.659087477477
83,35,-14.104743906195
83,36,35.222821244897
83,37,-11.333411856962
83,38,-2.369746298282
83,39,-7.912657851288
83,40,-5.299604601852
83,41,2.842246405853
83,42,44.991138710291
83,43,55.497620053931
83,44,-1.590259652097
83,45,40.436369442497
83,46,45.351246604208
83,47,-0.655308796566
83,48,34.970056039565
83,49,38.090949500802
83,50,-8.102051583155
83,51,50.287522884602
83,52,-3.360318536565
83,53,29.561649449046
83,54,53.229269709555
83,55,4.577139100169
83,56,-1.849571332685
83,57,7.270841510479
83,58,1.627528427140
83,59,48.377946230088
83,60,40.436013696664
83,61,58.043336902803
83,62,19.406621438109
83,63,68.568944287981
83,64,43.317328077472
83,65,73.014540751930
83,66,-9.567465755776
83,67,-8.554840735582
83,68,14.452048085375
83,69,47.086160719737
83,70,68.236757939929
83,71,51.844425944189
83,72,47.298660335342
83,73,9.657500320071
83,74,5.854821948007
83,75,54.161971218600
83,76,8.195502681861
83,77,54.360306910632
83,78,-3.584520052646
83,79,-6.935862626735
83,80,-3.728723983317
83,81,41.577484743670
83,82,50.424152854925
83,83,64.621847563983
83,84,67.996394288471
83,85,10.365440470101
83,86,7.958750460115
83,87,54.068709416890
83,88,17.086661627553
83,89,-2.646607674884
83,90,74.544270479782
83,91,5.758364434325
83,92,0.876106553704
83,93,1.615041587611
83,94,33.659748325539
83,95,2.654873940941
83,96,35.987209738130
83,97,21.933649753912
83,98,0.589017403312
83,99,37.948893456218
83,100,61.753249393827
83,101,73.824165875805
83,102,43.604087189691
83,103,58.699600386914
83,104,66.169110125513
83,105,-8.067123566492
83,106,95.719814740383
83,107,-3.718525262098
83,108,35.702371203130
83,109,-4.723206106341
83,110,15.019213601299
83,111,3.930263030656
83,112,-7.678068292997
83,113,-0.549814458354
83,114,3.358516548789
83,115,62.084537610317
83,116,46.993015672742
83,117,55.612757810057
83,118,55.712991874578
83,119,7.239131491770
83,120,-5.604257009931
83,121,52.059545041469
83,122,21.777353781268
83,123,4.822082542603
83,124,28.489296622807
83,125,2.745056148800
83,126,-4.611201646279
83,127,6.050960005021
83,128,9.171261268275
83,129,0.366635346603
83,130,4.569541085199
83,131,17.627246007258
83,132,51.753660164730
83,133,3.695815779130
83,134,39.366495658622
83,135,9.415705416206
83,136,-9.408633378407
83,137,40.201266793221
83,138,-3.538657180376
83,139,16.657185759876
83,140,50.121586758993
83,141,20.419051311328
83,142,73.317380386681
83,143,12.812763042057
83,144,35.984071974417
83,145,26.682601227927
83,146,66.490899005817
83,147,16.687223074638
83,148,-13.957199801058
83,149,2.583480158915
83,150,-17.606462570824
83,151,37.028487846117
83,152,6.101616451400
83,153,-3.153066782186
83,154,68.854086245847
83,155,54.469963745214
83,156,27.551548984440
83,157,31.692912503597
83,158,14.470225548379
83,159,1.283449758426
83,160,70.048892375402
83,161,60.470250868508
83,162,62.880682747120
83,163,47.829335613831
83,164,46.573379634094
83,165,-3.324379883838
83,166,51.185010623696
83,167,54.111752589779
83,168,23.607218289137
83,169,74.337699752316
83,170,5.796307045814
83,171,20.347971599695
83,172,-2.823323225843
83,173,50.102760186383
83,174,19.267044141110
83,175,59.750949406502
83,176,59.293330573739
83,177,17.980533966940
83,178,2.302807745509
83,179,23.283526034757
83,180,48.191884478176
83,181,1.349084101472
83,182,22.460906514469
83,183,0.240073391629
83,184,-4.380464261943
83,185,58.975067740641
83,186,67.259916207826
83,187,69.230927855453
83,188,6.903774665945
83,189,40.318020585597
83,190,48.708527395844
83,191,39.808030925480
83,192,11.003323784316
83,193,37.156780062600
83,194,9.067367214215
83,195,-7.150446407970
83,196,52.553047486232
83,197,52.151747771684
83,198,41.688820074007
83,199,59.092903841272
84,0,39.891599065326
84,1,65.709221519101
84,2,17.435424697345
84,3,1.667771395259
84,4,11.173250624517
84,5,20.452142653441
84,6,12.176679754477
84,7,7.065028964513
84,8,94.375688880980
84,9,18.745724811270
84,10,41.705792233523
84,11,42.715642964547
84,12,21.108577778963
84,13,-1.316061800993
84,14,47.078634692887
84,15,13.567692996709
84,16,13.361248961824
84,17,22.689180754751
84,18,12.708367576561
84,19,73.066683150508
84,20,17.711842052260
84,21,14.817615916108
84,22,18.269907310656
84,23,70.601553288943
84,24,16.904476330725
84,25,3.397627514889
84,26,67.619562838809
84,27,54.075931664083
84,28,74.317522975718
84,29,15.574135208233
84,30,59.571663851515
84,31,88.607449311690
84,32,11.709108705763
84,33,53.609505780172
84,34,20.771164851423
84,35,-0.992840759100
84,36,48.335119289171
84,37,1.778513475067
84,38,10.742250790296
84,39,5.199294864608
84,40,7.812369032254
84,41,15.954285218555
84,42,58.103514961535
84,43,68.610080424107
84,44,11.521743676552
84,45,53.548709227180
84,46,58.463625738579
84,47,12.456702016723
84,48,48.082352060177
84,49,51.203270507649
84,50,5.009899616598
84,51,63.399941540469
84,52,9.751670622143
84,53,42.673902169779
84,54,66.341711918263
84,55,17.689191801503
84,56,11.262429920083
84,57,20.382915776303
84,58,14.739557515481
84,59,61.490349597181
84,60,53.548353478502
84,61,71.155817655286
84,62,32.518792858893
84,63,81.681509315218
84,64,56.429690927747
84,65,86.127141374112
84,66,3.544473713009
84,67,4.557106839486
84,68,27.564179841167
84,69,60.198553744354
84,70,81.349320307439
84,71,64.956857065241
84,72,60.411055061304
84,73,22.769593692450
84,74,18.966884877846
84,75,67.274420894937
84,76,21.307584350106
84,77,67.472758174939
84,78,9.527467311251
84,79,6.176097908661
84,80,9.383262226176
84,81,54.689833664357
84,82,63.536572604702
84,83,77.734380987989
84,84,81.108954731448
84,85,23.477539509964
84,86,21.070830233024
84,87,67.181158346524
84,88,30.198814475298
84,89,10.465387197321
84,90,87.656883350268
84,91,18.870426591966
84,92,13.988129626588
84,93,14.727070575987
84,94,46.772033855734
84,95,15.766911253639
84,96,49.099513902176
84,97,35.045841405590
84,98,13.701038177933
84,99,51.061213325745
84,100,74.865759849999
84,101,86.936772980524
84,102,56.716452335830
84,103,71.812086393802
84,104,79.281655937957
84,105,5.044827912869
84,106,108.832597164874
84,107,9.393461029038
84,108,48.814673086723
84,109,8.388772142011
84,110,28.131349897645
84,111,17.042310553436
84,112,5.433886300852
84,113,12.562197199455
84,114,16.470559494475
84,115,75.197050718984
84,116,60.105407951618
84,117,68.725219102082
84,118,68.825453969126
84,119,20.351205503735
84,120,7.507714185340
84,121,65.171977884849
84,122,34.889544181671
84,123,17.934137204837
84,124,41.601540758311
84,125,15.857094183448
84,126,8.500777498703
84,127,19.163024505040
84,128,22.283350748025
84,129,13.478654340965
84,130,17.681593725712
84,131,30.739403182786
84,132,64.866090559073
84,133,16.807861425048
84,134,52.478826877697
84,135,22.527796852875
84,136,3.703307361866
84,137,53.313604695628
84,138,9.573330550673
84,139,29.769335169352
84,140,63.234004086306
84,141,33.531230837420
84,142,86.429983433649
84,143,25.924881674277
84,144,49.096376113339
84,145,39.794830899133
84,146,79.603447394722
84,147,29.799372724585
84,148,-0.845295472856
84,149,15.695516900072
84,150,-4.494587455316
84,151,50.140800346751
84,152,19.213681356952
84,153,9.958924035636
84,154,81.966653556148
84,155,67.582415887482
84,156,40.663785612385
84,157,44.805182287222
84,158,27.582357449697
84,159,14.395476092272
84,160,83.161469252220
84,161,73.582751052229
84,162,75.993202230224
84,163,60.941734588552
84,164,59.685768553230
84,165,9.787609562569
84,166,64.297436465196
84,167,67.224201864039
84,168,36.719423339156
84,169,87.450310968816
84,170,18.908369507204
84,171,33.460150556733
84,172,10.288670231690
84,173,63.215177362967
84,174,32.379214444467
84,175,72.863443831084
84,176,72.405821334367
84,177,31.092693970801
84,178,15.414842239756
84,179,36.395728493335
84,180,61.304286355589
84,181,14.461110960743
84,182,35.573102387287
84,183,13.352091372806
84,184,8.731516730164
84,185,72.087555953076
84,186,80.372470754024
84,187,82.343498183029
84,188,20.015845993199
84,189,53.430359422753
84,190,61.820933409683
84,191,52.920365679565
84,192,24.115427930825
84,193,50.269093590359
84,194,22.179455862235
84,195,5.961512409624
84,196,65.665484280806
84,197,65.264181353283
84,198,54.801169886057
84,199,72.205392997166
85,0,-13.018828414941
85,1,12.797959907613
85,2,-35.474277298148
85,3,-51.241421223247
85,4,-41.736249067930
85,5,-32.457656799925
85,6,-40.732852354100
85,7,-45.844338011200
85,8,41.463501034443
85,9,-34.164019514596
85,10,-11.204693859065
85,11,-10.194875754059
85,12,-31.801242881244
85,13,-54.225158028421
85,14,-5.832024985153
85,15,-39.341884049172
85,16,-39.548321414783
85,17,-30.220690968672
85,18,-40.201181708406
85,19,20.155183820105
85,20,-35.197868873118
85,21,-38.092001509227
85,22,-34.639821643497
85,23,17.690133607139
85,24,-36.005208512062
85,25,-49.511620985992
85,26,14.708239504776
85,27,1.165045914408
85,28,21.405983230368
85,29,-37.335506656935
85,30,6.660600540687
85,31,35.695447846512
85,32,-41.200408297751
85,33,0.698635100103
85,34,-32.138644908293
85,35,-53.901947427970
85,36,-4.575580983619
85,37,-51.130682720912
85,38,-42.167234978566
85,39,-47.710011838717
85,40,-45.097022086295
85,41,-36.955368927622
85,42,5.192499085242
85,43,15.698725086637
85,44,-41.387767274071
85,45,0.637840511365
85,46,5.552598227448
85,47,-40.452839138088
85,48,-4.828340046144
85,49,-1.707522430406
85,50,-47.899400968345
85,51,10.488754540725
85,52,-43.157783145791
85,53,-10.236615200280
85,54,13.430429871230
85,55,-35.220518392140
85,56,-41.647072653323
85,57,-32.526881440623
85,58,-38.170057388132
85,59,8.579224295128
85,60,0.637484774175
85,61,18.244380065189
85,62,-20.391396425985
85,63,28.769731635140
85,64,3.518729130948
85,65,33.215220050974
85,66,-49.364779531694
85,67,-48.352179118076
85,68,-25.345849376004
85,69,7.287470179239
85,70,28.437553360673
85,71,12.045619762343
85,72,7.499964630450
85,73,-30.140280628810
85,74,-33.942866592799
85,75,14.363108712350
85,76,-31.602242739231
85,77,14.561439584126
85,78,-43.381979213751
85,79,-46.733240350171
85,80,-43.526179640256
85,81,1.778928080290
85,82,10.625381190483
85,83,24.822730842483
85,84,28.197195551104
85,85,-29.432357682374
85,86,-31.838989207703
85,87,14.269849177232
85,88,-22.711299858252
85,89,-42.444089627388
85,90,34.744912599192
85,91,-34.039321762510
85,92,-38.921461001715
85,93,-38.182543924224
85,94,-6.138615916607
85,95,-37.142736839291
85,96,-3.811211066888
85,97,-17.864429520894
85,98,-39.208543175737
85,99,-1.849575022658
85,100,21.954202390945
85,101,34.024825497167
85,102,3.805481274088
85,103,18.900627599607
85,104,26.369955799018
85,105,-47.864473800430
85,106,55.919942180182
85,107,-43.515981166864
85,108,-4.096042679615
85,109,-44.520637597285
85,110,-24.778697642876
85,111,-35.867378742194
85,112,-47.475427980920
85,113,-40.347347363415
85,114,-36.439111330306
85,115,22.285482555802
85,116,7.194327395962
85,117,15.813860044502
85,118,15.914091672974
85,119,-32.558590688750
85,120,-45.401667091326
85,121,12.260733631490
85,122,-18.020721695291
85,123,-34.975580901977
85,124,-11.308941966148
85,125,-37.052556822906
85,126,-44.408635858934
85,127,-33.746733302083
85,128,-30.626507864567
85,129,-39.430919828475
85,130,-35.228116222475
85,131,-22.170728615478
85,132,11.954856188793
85,133,-36.101820296521
85,134,-0.432007271702
85,135,-30.382069656844
85,136,-49.205951013915
85,137,0.402743575723
85,138,-43.336117455954
85,139,-23.140765289099
85,140,10.322822447910
85,141,-19.378991156329
85,142,33.518052325308
85,143,-26.985094582837
85,144,-3.814348754349
85,145,-13.115593454786
85,146,26.691736858484
85,147,-23.110728704283
85,148,-53.754406908076
85,149,-37.214128886415
85,150,-57.403581002996
85,151,-2.769958264558
85,152,-33.696078086687
85,153,-42.950536427656
85,154,29.054866662802
85,155,14.671093753663
85,156,-12.246666815387
85,157,-8.105403939982
85,158,-25.327672354731
85,159,-38.514127695591
85,160,30.249643753246
85,161,20.671235047557
85,162,23.081608343076
85,163,8.030627011853
85,164,6.774701555769
85,165,-43.121845366375
85,166,11.386220467866
85,167,14.312891304020
85,168,-16.190901656184
85,169,34.538346892376
85,170,-34.001380073045
85,171,-19.450069140621
85,172,-42.620800884135
85,173,10.303996332848
85,174,-20.530970331049
85,175,19.951951067378
85,176,19.494343356520
85,177,-21.817449241185
85,178,-37.494794479346
85,179,-16.514586044286
85,180,8.393167065115
85,181,-38.448494947486
85,182,-17.337185573539
85,183,-39.557478707960
85,184,-44.177904081531
85,185,19.176088258428
85,186,27.460735370063
85,187,29.431699113491
85,188,-32.893939365153
85,189,0.519494530658
85,190,8.909797426706
85,191,0.009517264669
85,192,-28.794489869331
85,193,-2.641669165896
85,194,-30.730399393906
85,195,-46.947818917048
85,196,12.754224082448
85,197,12.352934120863
85,198,1.890260704859
85,199,19.293921495191
86,0,29.232724858040
86,1,55.050179288010
86,2,6.776696628600
86,3,-8.990854066775
86,4,0.514563306824
86,5,9.793394953202
86,6,1.517985907019
86,7,-3.593631619289
86,8,83.716460073076
86,9,8.086988215677
86,10,31.046906219628
86,11,32.056750378608
86,12,10.449825806907
86,13,-11.974667846422
86,14,36.419713712676
86,15,2.908990097276
86,16,2.702547405825
86,17,12.030418496739
86,18,2.049670269167
86,19,62.407593034332
86,20,7.053112184716
86,21,4.158904882810
86,22,7.611173811478
86,23,59.942479216843
86,24,6.245751717142
86,25,-7.261009203852
86,26,56.960508174590
86,27,43.416965144977
86,28,63.658424718531
86,29,4.915419251884
86,30,48.912661565249
86,31,77.948258047647
86,32,1.050417901002
86,33,42.950542296618
86,34,10.112415075113
86,35,-11.651448907811
86,36,37.676190131730
86,37,-8.880112707600
86,38,0.083566277310
86,39,-5.459353578182
86,40,-2.846296414777
86,41,5.295566788365
86,42,47.444522230282
86,43,57.951019313252
86,44,0.863054091060
86,45,42.889746139299
86,46,47.804630663653
86,47,1.798006347031
86,48,37.423424547756
86,49,40.544322684116
86,50,-5.648747593732
86,51,52.740914338843
86,52,-0.907007444715
86,53,32.015009855480
86,54,55.682665570719
86,55,7.030462081355
86,56,0.603742022067
86,57,9.724168526554
86,58,4.080846990146
86,59,50.831334823670
86,60,42.889390392935
86,61,60.496739975817
86,62,21.859966632663
86,63,71.022363129479
86,64,45.770709090029
86,65,75.467966253535
86,66,-7.114163961305
86,67,-6.101537424365
86,68,16.905385858292
86,69,49.539547378161
86,70,70.690176283773
86,71,54.297819730768
86,72,49.752047312104
86,73,12.110830911144
86,74,8.308146843032
86,75,56.615368477018
86,76,10.648831082995
86,77,56.813704466171
86,78,-1.131209296618
86,79,-4.482556890536
86,80,-1.275413443291
86,81,44.030863149892
86,82,52.877544513838
86,83,67.075260492267
86,84,70.449812272222
86,85,12.818772121602
86,86,10.412078506612
86,87,56.522106535595
86,88,19.540003346941
86,89,-0.193295513993
86,90,76.997698273139
86,91,8.211689184864
86,92,3.329423991170
86,93,4.068360131918
86,94,36.113114870888
86,95,5.108194042798
86,96,38.440579770024
86,97,24.386998733833
86,98,3.042334410755
86,99,40.402266426732
86,100,64.206658024639
86,101,76.277592590348
86,102,46.057468631829
86,103,61.153004443069
86,104,68.622525371771
86,105,-5.613819524748
86,106,98.173274258668
86,107,-1.265214706793
86,108,38.155740808332
86,109,-2.269897055907
86,110,17.472552223793
86,111,6.383585042895
86,112,-5.224763668506
86,113,1.903500843262
86,114,5.811837704619
86,115,64.537946737437
86,116,49.446402191628
86,117,58.066157241861
86,118,58.166391456543
86,119,9.692458460355
86,120,-3.150949279181
86,121,54.512939150300
86,122,24.230702527064
86,123,7.275405890694
86,124,30.942655422870
86,125,5.198376385735
86,126,-2.157892428077
86,127,8.504285193841
86,128,11.624591131003
86,129,2.819952020953
86,130,7.022864055005
86,131,20.080588536417
86,132,54.207053815328
86,133,6.149137440196
86,134,41.819870752726
86,135,11.869035645090
86,136,-6.955331346035
86,137,42.654643137837
86,138,-1.085346355649
86,139,19.110526835939
86,140,52.574977964650
86,141,22.872398022453
86,142,75.770806341978
86,143,15.266098359447
86,144,38.437442001610
86,145,29.135957321610
86,146,68.944314734152
86,147,19.140564195695
86,148,-11.503904581674
86,149,5.036800153823
86,150,-15.153172817372
86,151,39.481859437852
86,152,8.554941716095
86,153,-0.699755379901
86,154,71.307505514531
86,155,56.923361465029
86,156,30.004906379778
86,157,34.146276102634
86,158,16.923563348522
86,159,3.736767806047
86,160,72.502313434052
86,161,62.923657577259
86,162,65.334093066951
86,163,50.282723385564
86,164,49.026765524344
86,165,-0.871068738154
86,166,53.638403422425
86,167,56.565149772963
86,168,26.060569775997
86,169,76.791127236196
86,170,8.249631853185
86,171,22.801318204343
86,172,-0.370011329651
86,173,52.556151363831
86,174,21.720389126582
86,175,62.204355037677
86,176,61.746735519358
86,177,20.433877025294
86,178,4.756127320004
86,179,25.736877036732
86,180,50.645272793030
86,181,3.802402247406
86,182,24.914256284195
86,183,2.693389876396
86,184,-1.927154698125
86,185,61.428472209474
86,186,69.713333088235
86,187,71.684347688693
86,188,9.357101132198
86,189,42.771397105105
86,190,51.161916484656
86,191,42.261406681013
86,192,13.456656391318
86,193,39.610151846522
86,194,11.520696921325
86,195,-4.697140993187
86,196,55.006442334365
86,197,54.605142018641
86,198,44.142198647009
86,199,61.546308486635
87,0,16.095402869483
87,1,41.912650196988
87,2,-6.360445232800
87,3,-22.127869457392
87,4,-12.622528325715
87,5,-3.343771105552
87,6,-11.619113773966
87,7,-16.730690300225
87,8,70.578701011567
87,9,-5.050164155728
87,10,17.909569678501
87,11,18.919405736917
87,12,-2.687345517188
87,13,-25.111659304559
87,14,23.282334072843
87,15,-10.228120740983
87,16,-10.434561776550
87,17,-1.106765505603
87,18,-11.087433676461
87,19,49.270004921214
87,20,-6.084031893843
87,21,-8.978215981064
87,22,-5.525974743367
87,23,46.804910879298
87,24,-6.891385885494
87,25,-20.398038469233
87,26,43.822963758772
87,27,30.279529374893
87,28,50.520826570981
87,29,-8.221707680044
87,30,35.775181709352
87,31,64.810545261877
87,32,-12.086678029620
87,33,29.813110268100
87,34,-3.024753542551
87,35,-24.788442958401
87,36,24.538800412818
87,37,-22.017128986452
87,38,-13.053521898211
87,39,-18.596397294372
87,40,-15.983361090024
87,41,-7.841563192756
87,42,34.307054151679
87,43,44.813466951455
87,44,-12.274040336721
87,45,29.752314598474
87,46,34.667159696291
87,47,-11.339095579999
87,48,24.286036856458
87,49,27.406909957790
87,50,-18.785789790818
87,51,39.603403772817
87,52,-14.044087674876
87,53,18.877665548614
87,54,42.545131405852
87,55,-6.106681815523
87,56,-12.533350325779
87,57,-3.412996976920
87,58,-9.056273247625
87,59,37.693839576270
87,60,29.751958854962
87,61,47.359167191906
87,62,8.722703784508
87,63,57.884705906246
87,64,32.633254438573
87,65,62.330273365849
87,66,-20.251194404511
87,67,-19.238575989686
87,68,3.768162752582
87,69,36.402062493420
87,70,57.552521725462
87,71,41.160296675203
87,72,36.614560722701
87,73,-1.026353736204
87,74,-4.829007302316
87,75,43.477826829941
87,76,-2.488341837357
87,77,43.676161228024
87,78,-14.268287728468
87,79,-17.619608441491
87,80,-14.412490718481
87,81,30.893422455221
87,82,39.740032851761
87,83,53.937634933987
87,84,57.312159642199
87,85,-0.318418204290
87,86,-2.725092514702
87,87,43.384565636668
87,88,6.402759108089
87,89,-13.330381468812
87,90,63.859993113234
87,91,-4.925464186788
87,92,-9.807690219401
87,93,-9.068760005699
87,94,22.975737690489
87,95,-8.028934435395
87,96,25.303183919394
87,97,11.249715615268
87,98,-10.094777497063
87,99,27.264854839952
87,100,51.069055479034
87,101,63.139893207466
87,102,32.920011680020
87,103,48.015426394493
87,104,55.484887400860
87,105,-18.750862001994
87,106,85.035399213652
87,107,-14.402292063794
87,108,25.018347242600
87,109,-15.406966354407
87,110,4.335324568667
87,111,-6.753553665316
87,112,-18.361809266316
87,113,-11.233601929947
87,114,-7.325296417548
87,115,51.400341534150
87,116,36.308918054099
87,117,44.928603956418
87,118,45.028837367005
87,119,-3.444706788774
87,120,-16.288011510835
87,121,41.375414369046
87,122,11.093420662226
87,123,-5.861739970911
87,124,17.805319717998
87,125,-7.938752815819
87,126,-15.294962624961
87,127,-4.632870524765
87,128,-1.512589616112
87,129,-10.317158103127
87,130,-6.114279780930
87,131,6.943339961334
87,132,41.069531487898
87,133,-6.987999387493
87,134,28.682447794228
87,135,-1.268147062765
87,136,-20.092363063210
87,137,29.517213482963
87,138,-14.222425155363
87,139,5.973286042070
87,140,39.437468729760
87,141,9.735127053165
87,142,62.633111024777
87,143,2.128888402935
87,144,25.300046176148
87,145,15.998636109274
87,146,55.806674181746
87,147,6.003323160883
87,148,-24.640899815684
87,149,-8.100327751708
87,150,-28.290138781646
87,151,26.344455234343
87,152,-4.582214408831
87,153,-13.836837272422
87,154,58.169846003781
87,155,43.785817347205
87,156,16.867578197125
87,157,21.008914699560
87,158,3.786340097009
87,159,-9.400349671843
87,160,59.364644338093
87,161,49.786065324173
87,162,52.196481476785
87,163,37.145232539107
87,164,35.889284753117
87,165,-14.008149256581
87,166,40.500885656722
87,167,43.427608528742
87,168,12.923273232933
87,169,63.653423733500
87,170,-4.887521822806
87,171,9.664047805214
87,172,-13.507095867033
87,173,39.418642279976
87,174,8.583127398037
87,175,49.066768554971
87,176,48.609152707766
87,177,7.296625616356
87,178,-8.380998334236
87,179,12.599583090167
87,180,37.507779038213
87,181,-9.334715756951
87,182,11.776968936261
87,183,-10.443719232520
87,184,-15.064226745744
87,185,48.290891951045
87,186,56.575686366508
87,187,58.546685154775
87,188,-3.780061426973
87,189,29.633966513655
87,190,38.024418585337
87,191,29.123980180608
87,192,0.319460948805
87,193,26.472746613887
87,194,-1.616482992431
87,195,-17.834190822992
87,196,41.868913594204
87,197,41.467616497735
87,198,31.004757059221
87,199,48.408727282906
88,0,-54.696448128161
88,1,-28.880316965842
88,2,-77.151325446932
88,3,-92.918068065512
88,4,-83.413137834694
88,5,-74.134781729721
88,6,-82.409766659526
88,7,-87.521122218692
88,8,-0.215505562141
88,9,-75.841101012855
88,10,-52.882359749296
88,11,-51.872567348306
88,12,-73.478384518588
88,13,-95.901728930134
88,14,-47.509827632588
88,15,-81.018833757909
88,16,-81.225265869209
88,17,-71.897872835558
88,18,-81.878109546051
88,19,-21.523280337329
88,20,-76.874924057214
88,21,-79.768983030430
88,22,-76.316891031340
88,23,-23.988267800109
88,24,-77.682243147297
88,25,-91.188311854501
88,26,-26.970085996043
88,27,-40.512934840845
88,28,-20.272512767493
88,29,-79.012507432766
88,30,-35.017520103989
88,31,-5.983411911759
88,32,-82.877310702839
88,33,-40.979333782750
88,34,-73.815777957825
88,35,-95.578526555844
88,36,-46.253415613144
88,37,-92.807332381650
88,38,-83.844112775805
88,39,-89.386748561330
88,40,-86.773825314427
88,41,-78.632379378891
88,42,-36.485584188704
88,43,-25.979625627697
88,44,-83.064664910460
88,45,-41.040126823966
88,46,-36.125494212858
88,47,-82.129760570475
88,48,-46.506168241824
88,49,-43.385430065144
88,50,-89.576132870665
88,51,-31.189463550771
88,52,-84.834635731480
88,53,-51.914305732083
88,54,-28.247863102115
88,55,-76.897572999747
88,56,-83.323963689822
88,57,-74.204004608458
88,58,-79.847036922627
88,59,-33.098945188576
88,60,-41.040482552096
88,61,-23.434035450897
88,62,-62.068828479838
88,63,-12.908951816738
88,64,-38.159311537114
88,65,-8.463576568356
88,66,-91.041474137572
88,67,-90.028899496385
88,68,-67.023155322437
88,69,-34.390666422521
88,70,-13.241121635088
88,71,-29.632637959890
88,72,-34.178177380410
88,73,-71.817464542371
88,74,-75.619953719994
88,75,-27.315208002925
88,76,-73.279389441690
88,77,-27.116882179798
88,78,-85.058826093184
88,79,-88.410001933415
88,80,-85.203022849491
88,81,-39.899068301253
88,82,-31.052840378899
88,83,-16.855852132823
88,84,-13.481473325985
88,85,-71.109559614641
88,86,-73.516129884309
88,87,-27.408465164059
88,88,-64.388672862609
88,89,-84.120960378088
88,90,-6.933922961340
88,91,-75.716406434651
88,92,-80.598421411203
88,93,-79.859523140905
88,94,-47.816410759959
88,95,-78.819742521584
88,96,-45.489065153073
88,97,-59.541925895101
88,98,-80.885496278308
88,99,-43.527479041491
88,100,-19.724307562450
88,101,-7.653991732179
88,102,-37.872566693244
88,103,-22.777804621866
88,104,-15.308666562996
88,105,-89.541206591704
88,106,14.240567554443
88,107,-85.192824635669
88,108,-45.773889515549
88,109,-86.197455495545
88,110,-66.456018025150
88,111,-77.544416885547
88,112,-89.152170674119
88,113,-82.024271480812
88,114,-78.116134921620
88,115,-19.393035830704
88,116,-34.483806834833
88,117,-25.864493600682
88,118,-25.764264523685
88,119,-74.235713049500
88,120,-87.078462565638
88,121,-29.417529566577
88,122,-59.698214091295
88,123,-76.652641743873
88,124,-52.986605202845
88,125,-78.729564800502
88,126,-86.085456607863
88,127,-75.423825421385
88,128,-72.303679402248
88,129,-81.107867271050
88,130,-76.905170636695
88,131,-63.848115379194
88,132,-29.723399223003
88,133,-77.778852472737
88,134,-42.109947374302
88,135,-72.059247416175
88,136,-90.882649662242
88,137,-41.275217775263
88,138,-85.012965502661
88,139,-64.818127362123
88,140,-31.355391419711
88,141,-61.056448979478
88,142,-8.160752003176
88,143,-68.662358805333
88,144,-45.492202760666
88,145,-54.793210704956
88,146,-14.986893694935
88,147,-64.788091541835
88,148,-95.430989791072
88,149,-78.891132751611
88,150,-99.080071009710
88,151,-44.447838855383
88,152,-75.373171495303
88,153,-84.627394288211
88,154,-12.623824047630
88,155,-27.007230801588
88,156,-53.924306183195
88,157,-49.783148720067
88,158,-67.004978763835
88,159,-80.191098472671
88,160,-11.429077372166
88,161,-21.007242246502
88,162,-18.596930309759
88,163,-33.647528507150
88,164,-34.903421993360
88,165,-84.798698866762
88,166,-30.292020469024
88,167,-27.365424132942
88,168,-57.868440627892
88,169,-7.140483409632
88,170,-75.678465710909
88,171,-61.127525154581
88,172,-84.297667137151
88,173,-31.374217055549
88,174,-62.208398832263
88,175,-21.726507916559
88,176,-22.184103978558
88,177,-63.494844997062
88,178,-79.171791200919
88,179,-58.192116777012
88,180,-33.284997682451
88,181,-80.125467395083
88,182,-59.014695368045
88,183,-81.234422929316
88,184,-85.854730703053
88,185,-22.502350975155
88,186,-14.217914759320
88,187,-12.247001189811
88,188,-74.571053190361
88,189,-41.158469792201
88,190,-32.768380471847
88,191,-41.668434076826
88,192,-70.471708037228
88,193,-44.319553022266
88,194,-72.407568287250
88,195,-88.624575038863
88,196,-28.924051677684
88,197,-29.325331424217
88,198,-39.787738510640
88,199,-22.384520737949
89,0,-11.117619466771
89,1,14.699198831084
89,2,-33.573094420964
89,3,-49.340256651005
89,4,-39.835073460694
89,5,-30.556470420495
89,6,-38.831675581961
89,7,-43.943167173275
89,8,43.364773243047
89,9,-32.262835116228
89,10,-9.303482804600
89,11,-8.293663527147
89,12,-29.900055739723
89,13,-52.323996920088
89,14,-3.930807692734
89,15,-37.440705662171
89,16,-37.647143267444
89,17,-28.319501992155
89,18,-38.300004319019
89,19,22.056431286233
89,20,-33.296685675028
89,21,-36.190821671145
89,22,-32.738637797527
89,23,19.591378211022
89,24,-34.104026251276
89,25,-47.610454405563
89,26,16.609480646308
89,27,3.066271330928
89,28,23.307232148843
89,29,-35.434325940587
89,30,8.561832338033
89,31,37.596713357329
89,32,-39.299232068435
89,33,2.599859975075
89,34,-30.237458158495
89,35,-52.000785944416
89,36,-2.674362232392
89,37,-49.229518020118
89,38,-40.266059871690
89,39,-45.808843166735
89,40,-43.195850380769
89,41,-35.054187769943
89,42,7.093729177985
89,43,17.599967378243
89,44,-39.486591262270
89,45,2.539065315759
89,46,7.453828738304
89,47,-38.551662040867
89,48,-2.927121588385
89,49,0.193699650838
89,50,-45.998232516235
89,51,12.389990782947
89,52,-41.256609188902
89,53,-8.335403021832
89,54,15.331669529078
89,55,-33.319335220353
89,56,-39.745896942564
89,57,-30.625695141563
89,58,-36.268877640679
89,59,10.480458320191
89,60,2.538709578155
89,61,20.145625312616
89,62,-18.490196037594
89,63,30.670989104023
89,64,5.419957280290
89,65,35.116482681806
89,66,-47.463612780797
89,67,-46.451011191610
89,68,-23.444654739797
89,69,9.188702704443
89,70,30.338810443849
89,71,13.946857812261
89,72,9.401197402382
89,73,-28.239091558935
89,74,-32.041681937684
89,75,16.264349453144
89,76,-29.701055366677
89,77,16.462680555203
89,78,-41.480805517145
89,79,-44.832070544209
89,80,-41.625006111055
89,81,3.680154209571
89,82,12.526617591349
89,83,26.723983728290
89,84,30.098452355182
89,85,-27.531167790607
89,86,-29.937802110013
89,87,16.171089809744
89,88,-20.810102163312
89,89,-40.542914841935
89,90,36.646177006274
89,91,-32.138137219365
89,92,-37.020282126614
89,93,-36.281364191265
89,94,-4.237398980156
89,95,-35.241555899142
89,96,-1.909991428176
89,97,-15.963226198626
89,98,-37.307364633933
89,99,0.051646893655
89,100,23.855451945979
89,101,35.926089068096
89,102,5.706709756378
89,103,20.801873609031
89,104,28.271210481391
89,105,-45.963305307763
89,106,57.821231175847
89,107,-41.614807625825
89,108,-2.194823371610
89,109,-42.619465222604
89,110,-22.877502348201
89,111,-33.966196321388
89,112,-45.574259036592
89,113,-38.446170143725
89,114,-34.537929573271
89,115,24.186732495502
89,116,9.095559813024
89,117,17.715102469789
89,118,17.815334214640
89,119,-30.657404426507
89,120,-43.500495739478
89,121,14.161971931178
89,122,-16.119518554486
89,123,-33.074397445816
89,124,-9.407731032727
89,125,-35.151375778063
89,126,-42.507463354224
89,127,-31.845548419253
89,128,-28.725319359197
89,129,-37.529741544844
89,130,-33.326933059507
89,131,-20.269530292921
89,132,13.856094133327
89,133,-34.200638147900
89,134,1.469216290512
89,135,-28.480880867683
89,136,-47.304784078624
89,137,2.303968107146
89,138,-41.434943706096
89,139,-21.239568092766
89,140,12.224058497472
89,141,-17.477789592514
89,142,35.419315307787
89,143,-25.083901849801
89,144,-1.913129119275
89,145,-11.214384618965
89,146,28.592991914491
89,147,-21.209531473076
89,148,-51.853245253238
89,149,-35.312948029154
89,150,-55.502423584556
89,151,-0.868737416880
89,152,-31.794893145045
89,153,-41.049362230166
89,154,30.956124462777
89,155,16.572334852055
89,156,-10.345456970703
89,157,-6.204189287091
89,158,-23.426477697423
89,159,-36.612948347589
89,160,32.150902940557
89,161,22.572483112890
89,162,24.982859207186
89,163,9.931860399935
89,164,8.675933485603
89,165,-41.220671367766
89,166,13.287457752151
89,167,16.214131986504
89,168,-14.289696390908
89,169,36.439611059592
89,170,-32.100195485858
89,171,-17.548867659330
89,172,-40.719626303828
89,173,12.205232360546
89,174,-18.629770104708
89,175,21.853198297526
89,176,21.395590055326
89,177,-19.916250508468
89,178,-35.593613947931
89,179,-14.613381154821
89,180,10.294400874140
89,181,-36.547315523290
89,182,-15.435981639130
89,183,-37.656300571252
89,184,-42.276731308957
89,185,21.077334587695
89,186,29.361991319005
89,187,31.332957351027
89,188,-30.992753492246
89,189,2.420719197638
89,190,10.811031835598
89,191,1.910741339525
89,192,-26.893299237003
89,193,-0.740448169265
89,194,-28.829211009157
89,195,-45.046649360200
89,196,14.655462955139
89,197,14.254172527610
89,198,3.791486963411
89,199,21.195167961283
90,0,-31.724275972643
90,1,-5.907782579576
90,2,-54.179468341237
90,3,-69.946432162425
90,4,-60.441368581342
90,5,-51.162882301862
90,6,-59.437983329110
90,7,-64.549410599051
90,8,22.757431051992
90,9,-52.869225524722
90,10,-29.910162140724
90,11,-28.900355571524
90,12,-50.506475881426
90,13,-72.930134885944
90,14,-24.537554642608
90,15,-58.047030912974
90,16,-58.253465920476
90,17,-48.925942023627
90,18,-58.906318756592
90,19,1.449357281017
90,20,-53.903063073609
90,21,-56.797162650262
90,22,-53.345022218542
90,23,-1.015664770050
90,24,-54.710393490350
90,25,-68.216651683884
90,26,-3.997524806073
90,27,-17.540563676746
90,28,2.700142401489
90,29,-56.040676439326
90,30,-12.045071831984
90,31,16.989443764192
90,32,-59.905533931960
90,33,-18.006969162787
90,34,-50.843874054313
90,35,-72.606927977351
90,36,-23.281124994443
90,37,-69.835694925008
90,38,-60.872349568926
90,39,-66.415063115652
90,40,-63.802103210495
90,41,-55.660543052298
90,42,-13.513156515670
90,43,-3.007050539883
90,44,-60.092890768115
90,45,-18.067763057006
90,46,-13.153061487268
90,47,-59.157973311630
90,48,-23.533881169496
90,49,-20.413099205514
90,50,-66.604450081963
90,51,-8.216961565478
90,52,-61.862886421361
90,53,-28.942094540929
90,54,-5.275319841487
90,55,-53.925712333905
90,56,-60.352193185383
90,57,-51.232106151801
90,58,-56.875217637549
90,59,-10.126469996198
90,60,-18.068118790135
90,61,-0.461424643960
90,62,-39.096759763313
90,63,10.063806678052
90,64,-15.186907348703
90,65,14.509244305023
90,66,-68.069811906891
90,67,-67.057223059783
90,68,-44.051156117093
90,69,-11.418209354866
90,70,9.731632198636
90,71,-6.660114129896
90,72,-11.205717331235
90,73,-48.845532602296
90,74,-52.648075129160
90,75,-4.342651655599
90,76,-50.307478012604
90,77,-4.144323049622
90,78,-62.087079928388
90,79,-65.438302784401
90,80,-62.231278707724
90,81,-16.926688523847
90,82,-8.080336476574
90,83,6.116850978666
90,84,9.491277135086
90,85,-48.137617742548
90,86,-50.544221776712
90,87,-4.435910125285
90,88,-41.416636694528
90,89,-61.149201055305
90,90,16.038919376675
90,91,-52.744529197058
90,92,-57.626612667947
90,93,-56.887704031004
90,94,-24.844142071634
90,95,-55.847908823678
90,96,-22.516763809741
90,97,-36.569821724799
90,98,-57.913691562666
90,99,-20.555150174972
90,100,3.248355298907
90,101,15.318840501575
90,102,-14.900158481432
90,103,0.194815393188
90,104,7.664058258684
90,105,-66.569523313003
90,106,37.213707028503
90,107,-62.221080350835
90,108,-22.801592168595
90,109,-63.225725305347
90,110,-43.484010862681
90,111,-54.572565294904
90,112,-66.180481937408
90,113,-59.052482741979
90,114,-55.144291352153
90,115,3.579631679044
90,116,-11.511351074070
90,117,-2.891916897366
90,118,-2.791686413977
90,119,-51.263815037710
90,120,-64.106744735662
90,121,-6.445002718268
90,122,-36.726112113807
90,123,-53.680777641661
90,124,-30.014409056923
90,125,-55.757729837409
90,126,-63.113724846364
90,127,-52.451944078864
90,128,-49.331754283834
90,129,-58.136065675237
90,130,-53.933310077453
90,131,-40.876071626866
90,132,-6.750876666527
90,133,-54.807004171220
90,134,-19.137598618188
90,135,-49.087318868347
90,136,-67.910985203343
90,137,-18.302857306917
90,138,-62.041218694460
90,139,-41.846097219459
90,140,-8.382891762645
90,141,-38.084366058763
90,142,14.812073119538
90,143,-45.690382598485
90,144,-22.519901461354
90,145,-31.821039907089
90,146,7.985835641899
90,147,-41.816060977762
90,148,-72.459389142728
90,149,-55.919300055299
90,150,-76.108521555347
90,151,-21.475522902532
90,152,-52.401289442110
90,153,-61.655642070553
90,154,10.348938448114
90,155,-4.034670132824
90,156,-30.952123193951
90,157,-26.810907626932
90,158,-44.032979303469
90,159,-57.219284014733
90,160,11.543701888513
90,161,1.965402612834
90,162,4.375748370905
90,163,-10.675061012204
90,164,-11.930972120397
90,165,-61.826949052454
90,166,-7.319505891210
90,167,-4.392868490228
90,168,-34.896312977588
90,169,15.832356029852
90,170,-52.706587941007
90,171,-38.155443231102
90,172,-61.325910293519
90,173,-8.401717662637
90,174,-39.236332073975
90,175,1.246126850128
90,176,0.788524367206
90,177,-40.522796288205
90,178,-56.199962442217
90,179,-35.219993668092
90,180,-10.312525100664
90,181,-57.153652016343
90,182,-36.042583800394
90,183,-58.262623109054
90,184,-62.882995704545
90,185,0.470272905011
90,186,8.754825367905
90,187,10.725766593583
90,188,-51.599159883415
90,189,-18.186107685731
90,190,-9.795900641147
90,191,-18.696079125766
90,192,-47.499757215955
90,193,-21.347235269423
90,194,-49.435644626414
90,195,-65.652878900219
90,196,-5.951517905087
90,197,-6.352803282214
90,198,-16.815357171137
90,199,0.588104795592
91,0,-15.548215563060
91,1,10.268532879731
91,2,-38.003629760889
91,3,-53.770749332711
91,4,-44.265591858573
91,5,-34.987013922124
91,6,-43.262196694559
91,7,-48.373674456670
91,8,38.934029723321
91,9,-36.693374001152
91,10,-13.734083809439
91,11,-12.724267264282
91,12,-34.330601017340
91,13,-56.754481529431
91,14,-8.361423234637
91,15,-41.871230538083
91,16,-42.077667584832
91,17,-32.750051546100
91,18,-42.730526870073
91,19,17.625745426900
91,20,-37.727221762798
91,21,-40.621349928675
91,22,-37.169175395131
91,23,15.160699021930
91,24,-38.534560154738
91,25,-52.040951767187
91,26,12.178809525947
91,27,-1.364363143541
91,28,18.876542904924
91,29,-39.864856244851
91,30,4.131182993544
91,31,33.165985446270
91,32,-43.729751916042
91,33,-1.830773237380
91,34,-34.668002523234
91,35,-56.431271428184
91,36,-7.104981173936
91,37,-53.660011001419
91,38,-44.696577103532
91,39,-50.239345402566
91,40,-47.626359686037
91,41,-39.484719102693
91,42,2.663083805943
91,43,13.169293577725
91,44,-43.917110602975
91,45,-1.891567732200
91,46,3.023182391888
91,47,-42.982183911052
91,48,-7.357739846026
91,49,-4.236927051039
91,50,-50.428734239678
91,51,7.959331080026
91,52,-45.687123740790
91,53,-12.766006646023
91,54,10.901001866332
91,55,-37.749871246837
91,56,-44.176415581715
91,57,-35.056238455894
91,58,-40.699405687017
91,59,6.049803784190
91,60,-1.891923468836
91,61,15.714944623782
91,62,-22.920772186000
91,63,26.240279934049
91,64,0.989316437190
91,65,30.685761482317
91,66,-51.894110539688
91,67,-50.881511690073
91,68,-27.875217483190
91,69,4.758051663746
91,70,25.908102172747
91,71,9.516193896648
91,72,4.970545786702
91,73,-32.669641330438
91,74,-36.472221420947
91,75,11.833679266674
91,76,-34.131601182700
91,77,12.032009832074
91,78,-45.911319462466
91,79,-49.262575422690
91,80,-46.055519666239
91,81,-0.750481925948
91,82,8.095957518723
91,83,22.293285238811
91,84,25.667744734485
91,85,-31.961719477469
91,86,-34.368347285497
91,87,11.740419875619
91,88,-25.240672034852
91,89,-44.973431324732
91,90,32.215451667398
91,91,-36.568676441668
91,92,-41.450808139998
91,93,-40.711892203821
91,94,-8.668013692499
91,95,-39.672086724953
91,96,-6.340612437933
91,97,-20.393809184192
91,98,-41.737889870601
91,99,-4.378979423862
91,100,19.424761218608
91,101,31.495365677794
91,102,1.276068137369
91,103,16.371191144433
91,104,23.840507805173
91,105,-50.393807125707
91,106,53.390448535225
91,107,-46.045321208607
91,108,-6.625443610676
91,109,-47.049976087277
91,110,-27.308066626108
91,111,-38.396730597757
91,112,-50.004761907097
91,113,-42.876692299316
91,114,-38.968462302779
91,115,19.756040871704
91,116,4.664909024352
91,117,13.284428357729
91,118,13.384659831361
91,119,-35.087947655047
91,120,-47.931004220518
91,121,9.731307433496
91,122,-20.550101117165
91,123,-37.504934135002
91,124,-13.838331755491
91,125,-39.581906847859
91,126,-46.937974521927
91,127,-36.276088433173
91,128,-33.155867815163
91,129,-41.960266179864
91,130,-37.757469065436
91,131,-24.700101627059
91,132,9.425430463314
91,133,-38.631171789966
91,134,-2.961413862649
91,135,-32.911429984997
91,136,-51.735282267226
91,137,-2.126664304684
91,138,-45.865457775508
91,139,-25.670136802328
91,140,7.793399243536
91,141,-21.908368480159
91,142,30.988593288828
91,143,-29.514460158010
91,144,-6.343750120548
91,145,-15.644980453442
91,146,24.162288367537
91,147,-25.640100263910
91,148,-56.283731136173
91,149,-39.743478661811
91,150,-59.932899594896
91,151,-5.299361244033
91,152,-36.225433296022
91,153,-45.479877342761
91,154,26.525414521231
91,155,12.141663832212
91,156,-14.776055156246
91,157,-10.634798677791
91,158,-27.857040490002
91,159,-41.043475463033
91,160,27.720189765947
91,161,18.141795857155
91,162,20.552165429115
91,163,5.501207348359
91,164,4.245283832373
91,165,-45.651186016890
91,166,8.856795620799
91,167,11.783461935913
91,168,-18.720283904506
91,169,32.008886279691
91,170,-36.530734810818
91,171,-21.979446354657
91,172,-45.150142308536
91,173,7.774573157556
91,174,-23.060345875478
91,175,17.422512988123
91,176,16.964905984183
91,177,-24.346822798456
91,178,-40.024143821232
91,179,-19.043967792633
91,180,5.863746841591
91,181,-40.977842816304
91,182,-19.866566051242
91,183,-42.086824863865
91,184,-46.707243100900
91,185,16.646651377727
91,186,24.931285691157
91,187,26.902246389778
91,188,-35.423295813467
91,189,-2.009913530092
91,190,6.380376405112
91,191,-2.519890008312
91,192,-31.323852649686
91,193,-5.171072343546
91,194,-33.259759184031
91,195,-49.477153658139
91,196,10.224797122130
91,197,9.823507780442
91,198,-0.639149473354
91,199,16.764484432460
92,0,-31.073902598604
92,1,-5.257398950736
92,2,-53.529103886300
92,3,-69.296073969766
92,4,-59.791006613515
92,5,-50.512516648778
92,6,-58.787620962758
92,7,-63.899050262844
92,8,23.407826067953
92,9,-52.218860549379
92,10,-29.259788046103
92,11,-28.249981075802
92,12,-49.856109967623
92,13,-72.279777878321
92,14,-23.887178413934
92,15,-57.396667994166
92,16,-57.603103083660
92,17,-48.275575482054
92,18,-58.255956179077
92,19,2.099743832368
92,20,-53.252698508892
92,21,-56.146799235030
92,22,-52.694657432177
92,23,-0.365279197897
92,24,-54.060029246291
92,25,-67.566292804200
92,26,-3.347140418417
92,27,-16.890184668744
92,28,3.350529449708
92,29,-55.390312723634
92,30,-11.394690641049
92,31,17.639836488786
92,32,-59.255171751312
92,33,-17.356590340059
92,34,-50.193508274526
92,35,-71.956570841350
92,36,-22.630748266696
92,37,-69.185336688366
92,38,-60.221987772275
92,39,-65.764703520428
92,40,-63.151742577480
92,41,-55.010179185614
92,42,-12.862775907903
92,43,-2.356665758773
92,44,-59.442528661886
92,45,-17.417384258428
92,46,-12.502680736456
92,47,-58.507610834073
92,48,-22.883504542144
92,49,-19.762721338542
92,50,-65.954090561958
92,51,-7.566578853912
92,52,-61.212525018134
92,53,-28.291720061781
92,54,-4.624935961408
92,55,-53.275347778181
92,56,-59.701831182138
92,57,-50.581740526213
92,58,-56.224854253313
92,59,-9.476088043142
92,60,-17.417739991688
92,61,0.188961148357
92,62,-38.446389317643
92,63,10.714196651432
92,64,-14.536527405784
92,65,15.159636044351
92,66,-67.419452968890
92,67,-66.406863719611
92,68,-43.400787639301
92,69,-10.767827914933
92,70,10.382022040059
92,71,-6.009730799902
92,72,-10.555335806886
92,73,-48.195166028789
92,74,-51.997710065974
92,75,-3.692267405037
92,76,-49.657112019762
92,77,-3.493938720283
92,78,-61.436718614204
92,79,-64.787942801238
92,80,-61.580917450810
92,81,-16.276309272005
92,82,-7.429953710744
92,83,6.767239384135
92,84,10.141666881034
92,85,-47.487250887862
92,86,-49.893855877905
92,87,-3.785525911771
92,88,-40.766267170315
92,89,-60.498839368614
92,90,16.689311723669
92,91,-52.094164172180
92,92,-56.976249582156
92,93,-56.237340651736
92,94,-24.193765964737
92,95,-55.197545031413
92,96,-21.866386778376
92,97,-35.919450275433
92,98,-57.263328590896
92,99,-19.904772364425
92,100,3.898742564896
92,101,15.969232562515
92,102,-14.249778424608
92,103,0.845201446187
92,104,8.314447278775
92,105,-65.919163779130
92,106,37.864107787456
92,107,-61.570719089868
92,108,-22.151215250371
92,109,-62.575364443408
92,110,-42.833642159618
92,111,-53.922200996101
92,112,-65.530122249023
92,113,-58.402120222512
92,114,-54.493927280426
92,115,4.230019076625
92,116,-10.860969671128
92,117,-2.241532070526
92,118,-2.141301547323
92,119,-50.613449424716
92,120,-63.456384223638
92,121,-5.794619302826
92,122,-36.075740726512
92,123,-53.030412988650
92,124,-29.364035003709
92,125,-55.107366009332
92,126,-62.463363939940
92,127,-51.801578937782
92,128,-48.681387903445
92,129,-57.485702791790
92,130,-53.282945524741
92,131,-40.225701887939
92,132,-6.100493372593
92,133,-54.156639965528
92,134,-18.487220244569
92,135,-48.436952390875
92,136,-67.260626202260
92,137,-17.652478601718
92,138,-61.390857362057
92,139,-41.195727865823
92,140,-7.732509116991
92,141,-37.433995210973
92,142,15.462464979166
92,143,-45.040014771774
92,144,-21.869524431240
92,145,-31.170666571481
92,146,8.636224789814
92,147,-41.165691612194
92,148,-71.809031948134
92,149,-55.268936291395
92,150,-75.458165810058
92,151,-20.825145457566
92,152,-51.750924280903
92,153,-61.005280585014
92,154,10.999328534766
92,155,-3.384285759923
92,156,-30.301749513201
92,157,-26.160532301255
92,158,-43.382610818451
92,159,-56.568920767160
92,160,12.194092449776
92,161,2.615789369178
92,162,5.026136084743
92,163,-10.024679277063
92,164,-11.280590884140
92,165,-61.176587634953
92,166,-6.669122823150
92,167,-3.742484259616
92,168,-34.245940863497
92,169,16.482748294788
92,170,-52.056222901061
92,171,-37.505072411543
92,172,-60.675548677013
92,173,-7.751335024463
92,174,-38.585961683748
92,175,1.896513320746
92,176,1.438910656048
92,177,-39.872426408954
92,178,-55.549598789788
92,179,-34.569621682567
92,180,-9.662143221518
92,181,-56.503288742701
92,182,-35.392212141604
92,183,-57.612260275870
92,184,-62.232634706474
92,185,1.120659067434
92,186,9.405214821301
92,187,11.376156829931
92,188,-50.948794403615
92,189,-17.535728934163
92,190,-9.145518556790
92,191,-18.045700576760
92,192,-46.849390107920
92,193,-20.696857773510
92,194,-48.785278287294
92,195,-65.002519002279
92,196,-5.301134293615
92,197,-5.702419830151
92,198,-16.164977875073
92,199,1.238491004828
93,0,-9.418811277428
93,1,16.398033804413
93,2,-31.874309526960
93,3,-47.641488113120
93,4,-38.136295062650
93,5,-28.857682397123
93,6,-37.132896143041
93,7,-42.244393036766
93,8,45.063637957821
93,9,-30.564048862994
93,10,-7.604672733214
93,11,-6.594852408140
93,12,-28.201267035402
93,13,-50.625231477323
93,14,-2.231992047513
93,15,-35.741924780305
93,16,-35.948362599731
93,17,-26.620711648182
93,18,-36.601224328559
93,19,23.755273892719
93,20,-31.597900494293
93,21,-34.492039492696
93,22,-31.039852037880
93,23,21.290218259986
93,24,-32.405241908054
93,25,-45.911684073297
93,26,18.308317601543
93,27,4.765094235321
93,28,25.006076053061
93,29,-33.735542977374
93,30,10.260660943917
93,31,39.295572087387
93,32,-37.600453114530
93,33,4.298682395580
93,34,-28.538669804184
93,35,-50.302020166375
93,36,-0.975545283669
93,37,-47.530749367361
93,38,-38.567281920739
93,39,-44.110070965580
93,40,-41.497075469044
93,41,-33.355404412388
93,42,8.792556260742
93,43,19.298805361112
93,44,-37.787812502727
93,45,4.237887673189
93,46,9.152656194659
93,47,-36.852882311468
93,48,-1.228304901888
93,49,1.892519575042
93,50,-44.299460511538
93,51,14.088823360493
93,52,-39.557832265498
93,53,-6.636591946124
93,54,17.030505158589
93,55,-31.620550063104
93,56,-38.047118452014
93,57,-28.926907189998
93,58,-34.570095543197
93,59,12.179288916617
93,60,4.237531935221
93,61,21.844465936621
93,62,-16.791395496715
93,63,32.369840648331
93,64,7.118782626560
93,65,36.815338838496
93,66,-45.764842296201
93,67,-44.752239656598
93,68,-21.745859338691
93,69,10.887531960696
93,70,32.037661643510
93,71,15.645692005033
93,72,11.100026879089
93,73,-26.540301131550
93,74,-30.342895455033
93,75,17.963186050314
93,76,-28.002266455907
93,77,18.161517358138
93,78,-39.782028826310
93,79,-43.133297329805
93,80,-39.926229569806
93,81,5.378977750850
93,82,14.225450310638
93,83,28.422831177457
93,84,31.797303305459
93,85,-25.832376628830
93,86,-28.239013444843
93,87,17.869926310152
93,88,-19.111304029117
93,89,-38.844137178174
93,90,38.345034750098
93,91,-30.439350836779
93,92,-35.321500808619
93,93,-34.582582106741
93,94,-2.538583653011
93,95,-33.542772735957
93,96,-0.211173686454
93,97,-14.264423036235
93,98,-35.608583613743
93,99,1.750466670484
93,100,25.554296418981
93,101,37.624946064796
93,102,7.405535400139
93,103,22.500714913898
93,104,29.970059535852
93,105,-44.264533266840
93,106,59.520110890437
93,107,-39.916031073997
93,108,-0.496005925394
93,109,-40.920689712962
93,110,-21.178706358740
93,111,-32.267411835186
93,112,-43.875486592093
93,113,-36.747390304889
93,114,-32.839145680162
93,115,25.885577312212
93,116,10.794388972638
93,117,19.413940572114
93,118,19.514172420953
93,119,-28.958616507836
93,120,-41.801721143769
93,121,15.860806347133
93,122,-14.420715554232
93,123,-31.375612034484
93,124,-7.708921069490
93,125,-33.452592521324
93,126,-40.808687728400
93,127,-30.146761733136
93,128,-27.026529436218
93,129,-35.830960755346
93,130,-31.628147910138
93,131,-18.570731597938
93,132,15.554928231933
93,133,-32.501853904891
93,134,3.168037538017
93,135,-26.782090691122
93,136,-45.606013429271
93,137,4.002790220671
93,138,-39.736166967690
93,139,-19.540770404106
93,140,13.922890902861
93,141,-15.778988001352
93,142,37.118171778682
93,143,-23.385108149247
93,144,-0.214311380812
93,145,-9.515576530008
93,146,30.291841302809
93,147,-19.510733753261
93,148,-50.154479322147
93,149,-33.614164940023
93,150,-53.803661438840
93,151,0.830081405096
93,152,-30.096106406389
93,153,-39.350585091772
93,154,32.654976302925
93,155,18.271171768756
93,156,-8.646647980298
93,157,-4.505376000379
93,158,-21.727682277466
93,159,-34.914166607035
93,160,33.849756020325
93,161,24.271326254791
93,162,26.681704849900
93,163,11.630690427199
93,164,10.374762209867
93,165,-39.521894407080
93,166,14.986291260808
93,167,17.912968531571
93,168,-12.590891492357
93,169,38.138468589095
93,170,-30.401409063910
93,171,-15.850066141902
93,172,-39.020848823384
93,173,13.904064746406
93,174,-16.930969708621
93,175,23.552040693161
93,176,23.094431976184
93,177,-18.217451446988
93,178,-33.894831149963
93,179,-12.914576592069
93,180,11.993231277535
93,181,-34.848533714656
93,182,-13.737177929761
93,183,-35.957519913041
93,184,-40.577955443776
93,185,22.776176178362
93,186,31.060841505176
93,187,33.031809582149
93,188,-29.293965921461
93,189,4.119541432294
93,190,12.509862774983
93,191,3.609563045095
93,192,-25.194507413507
93,193,0.958370785804
93,194,-27.130421193950
93,195,-43.347876368389
93,196,16.354297883088
93,197,15.953007039221
93,198,5.490310620189
93,199,22.894009674201
94,0,28.805063046355
94,1,54.622510734625
94,2,6.349040680492
94,3,-9.418505897949
94,4,0.086908993784
94,5,9.365738217406
94,6,1.090331331987
94,7,-4.021284859671
94,8,83.288784033597
94,9,7.659331925439
94,10,30.619243934219
94,11,31.629087829504
94,12,10.022168899719
94,13,-12.402318898545
94,14,35.992050024302
94,15,2.481335159042
94,16,2.274892521491
94,17,11.602761176837
94,18,1.622015555309
94,19,61.979922559643
94,20,6.625456164431
94,21,3.731249618220
94,22,7.183517645477
94,23,59.514809385895
94,24,5.818095907671
94,25,-7.688661486689
94,26,56.532839122352
94,27,42.989299629422
94,28,63.230753917196
94,29,4.487763789766
94,30,48.484994614599
94,31,77.520583514553
94,32,0.622763448053
94,33,42.522876902862
94,34,9.684758256022
94,35,-12.079100044313
94,36,37.248526115254
94,37,-9.307764567689
94,38,-0.344087923193
94,39,-5.887006331424
94,40,-3.273949850292
94,41,4.867911226989
94,42,47.016855663009
94,43,57.523350002353
94,44,0.435399687034
94,45,42.462080761419
94,46,47.376964002338
94,47,1.370351698883
94,48,36.995760597289
94,49,40.116657918690
94,50,-6.076400297527
94,51,52.313246388498
94,52,-1.334661386572
94,53,31.587347317276
94,54,55.254996852171
94,55,6.602806066985
94,56,0.176087685744
94,57,9.296511808840
94,58,3.653191745936
94,59,50.403667371982
94,60,42.461725015150
94,61,60.069070000129
94,62,21.432306746137
94,63,70.594690405087
94,64,45.343042959845
94,65,75.040292368169
94,66,-7.541816282486
94,67,-6.529190009933
94,68,16.477727265483
94,69,49.111880263801
94,70,70.262503646125
94,71,53.870151373856
94,72,49.324380142258
94,73,11.683173570244
94,74,7.880490495052
94,75,56.187699514907
94,76,10.221174123835
94,77,56.386035452269
94,78,-1.558863179940
94,79,-4.910209898822
94,80,-1.703067288960
94,81,43.603197474033
94,82,52.449876527819
94,83,66.647588798645
94,84,70.022139697343
94,85,12.391114595855
94,86,9.984421609275
94,87,56.094437597836
94,88,19.112344066198
94,89,-0.620949642209
94,90,76.570023988294
94,91,7.784032862066
94,92,2.901768943164
94,93,3.640704890968
94,94,35.685451262572
94,95,4.680538530338
94,96,38.012915553947
94,97,23.959338187458
94,98,2.614679437705
94,99,39.974601698406
94,100,63.778987080135
94,101,75.849918493550
94,102,45.629802426760
94,103,60.725334296003
94,104,68.194853274086
94,105,-6.041472237666
94,106,97.745594443644
94,107,-1.692868555132
94,108,37.728076666630
94,109,-2.697550641918
94,110,17.044893482889
94,111,5.955929197429
94,112,-5.652416483004
94,113,1.475846167566
94,114,5.384182008442
94,115,64.110275706415
94,116,49.018735101599
94,117,57.638487900898
94,118,57.738722089402
94,119,9.264801750913
94,120,-3.578602635149
94,121,54.085270737218
94,122,23.803042021500
94,123,6.847749812368
94,124,30.514993164688
94,125,4.770720849730
94,126,-2.585546043330
94,127,8.076628794646
94,128,11.196933917068
94,129,2.392297105966
94,130,6.595208042621
94,131,19.652929114513
94,132,53.779385482121
94,133,5.721481655943
94,134,41.392205654221
94,135,11.441378367330
94,136,-7.382983708681
94,137,42.226977821345
94,138,-1.513000250947
94,139,18.682867667339
94,140,52.147310057633
94,141,22.444737871570
94,142,75.343132377537
94,143,14.838440194675
94,144,38.009777786348
94,145,28.708295535187
94,146,68.516642552437
94,147,18.712905019245
94,148,-11.931555756710
94,149,4.609144660011
94,150,-15.580823039607
94,151,39.054194949866
94,152,8.127285303672
94,153,-1.127409375877
94,154,70.879832715669
94,155,56.495692422490
94,156,29.577244366461
94,157,33.718613007906
94,158,16.495904750969
94,159,3.309112651681
94,160,72.074640323175
94,161,62.495986967806
94,162,64.906421828018
94,163,49.855056077140
94,164,48.599098543898
94,165,-1.298722689404
94,166,53.210735237713
94,167,56.137480823963
94,168,25.632908792621
94,169,76.363453005295
94,170,7.821975520485
94,171,22.373658072021
94,172,-0.797665411723
94,173,52.128483461740
94,174,21.292729276509
94,175,61.776684616059
94,176,61.319065217249
94,177,20.006217511145
94,178,4.328471899476
94,179,25.309216137881
94,180,50.217605389931
94,181,3.374747075897
94,182,24.486595600145
94,183,2.265734994464
94,184,-2.354808373631
94,185,61.000801990471
94,186,69.285660705689
94,187,71.256674791424
94,188,8.929444510322
94,189,42.343731758127
94,190,50.734248946646
94,191,41.833741467213
94,192,13.028998699010
94,193,39.182487325037
94,194,11.093039734515
94,195,-5.124793945441
94,196,54.578773792411
94,197,54.177473581483
94,198,43.714532942075
94,199,61.118638236861
95,0,-28.640013268297
95,1,-2.823471244148
95,2,-51.095247933721
95,3,-66.862241452334
95,4,-57.357159968393
95,5,-48.078656212405
95,6,-56.353772826245
95,7,-61.465209723683
95,8,25.841796388275
95,9,-49.785002649282
95,10,-26.825896019196
95,11,-25.816087547850
95,12,-47.422248555580
95,13,-69.845949795599
95,14,-21.453278400790
95,15,-54.962817790198
95,16,-55.169253186534
95,17,-45.841711720721
95,18,-55.822107252323
95,19,4.533682475798
95,20,-50.818842145469
95,21,-53.712947173306
95,22,-50.260800239295
95,23,2.068655781106
95,24,-51.626174082863
95,25,-65.132457715765
95,26,-0.913209872138
95,27,-14.456274254619
95,28,5.784469952523
95,29,-52.956459537498
95,30,-8.960772057777
95,31,20.073798234174
95,32,-56.821324309749
95,33,-14.922680619246
95,34,-47.759647363986
95,35,-69.522742278248
95,36,-20.196846385894
95,37,-66.751504006344
95,38,-57.788141767742
95,39,-63.330865754244
95,40,-60.717900927564
95,41,-52.576325434464
95,42,-10.428859506974
95,43,0.077266259905
95,44,-57.008681498795
95,45,-14.983474627981
95,46,-10.068763800242
95,47,-56.073762281361
95,48,-20.449603037065
95,49,-17.328815194443
95,50,-63.520253077266
95,51,-5.132654580033
95,52,-58.778680485877
95,53,-25.857826595871
95,54,-2.191007314643
95,55,-50.841491448424
95,56,-57.267984404461
95,57,-48.147880192730
95,58,-53.791002307611
95,59,-7.042166607818
95,60,-14.983830361773
95,61,2.622896951274
95,62,-36.012510946108
95,63,13.148148101027
95,64,-12.102613492920
95,65,17.593594102604
95,66,-64.985617662205
95,67,-63.973026907886
95,68,-40.966916632075
95,69,-8.333908399814
95,70,12.815972995850
95,71,-3.575804211701
95,72,-8.121415975897
95,73,-45.761302147934
95,74,-49.563851837171
95,75,-1.258337371808
95,76,-47.223250311930
95,77,-1.060008392225
95,78,-59.002874415179
95,79,-62.354103583268
95,80,-59.147073466120
95,81,-13.842397945344
95,82,-4.996029233756
95,83,9.201184966187
95,84,12.575617479502
95,85,-45.053385954765
95,86,-47.459994521960
95,87,-1.351596017179
95,88,-38.332392247095
95,89,-58.064993775573
95,90,19.123272055978
95,91,-49.660306086742
95,92,-54.542398753299
95,93,-53.803488724589
95,94,-21.759866407338
95,95,-52.763691558757
95,96,-19.432483761360
95,97,-33.485568147771
95,98,-54.829478188745
95,99,-17.470866431489
95,100,6.332683882676
95,101,18.403191824334
95,102,-11.815864085489
95,103,3.279138224651
95,104,10.748395160903
95,105,-63.485326242524
95,106,40.298099599633
95,107,-59.136875090015
95,108,-19.717312656750
95,109,-60.141521936799
95,110,-40.399770309385
95,111,-51.488345627804
95,112,-63.096284134175
95,113,-55.968271513011
95,114,-52.060072761931
95,115,6.663960886879
95,116,-8.427050294471
95,117,0.192400119304
95,118,0.292630791504
95,119,-48.179589138374
95,120,-61.022543026520
95,121,-3.360692394846
95,122,-33.641858831172
95,123,-50.596556294826
95,124,-26.930143131758
95,125,-52.673512402631
95,126,-60.029521266857
95,127,-49.367720417453
95,128,-46.247524745311
95,129,-55.051852720164
95,130,-50.849089206284
95,131,-37.791826161221
95,132,-3.666566919310
95,133,-51.722784945698
95,134,-16.053312204436
95,135,-46.003088869409
95,136,-64.826790659507
95,137,-15.218569320743
95,138,-58.957013094863
95,139,-38.761853580967
95,140,-5.298585089775
95,141,-35.000115334580
95,142,17.896423487611
95,143,-42.606146201106
95,144,-19.435621418888
95,145,-28.736777385013
95,146,11.070173150292
95,147,-38.731817282693
95,148,-69.375203165742
95,149,-52.835082924852
95,150,-73.024342451376
95,151,-18.391240892757
95,152,-49.317065685282
95,153,-58.571435744721
95,154,13.433280408244
95,155,-0.950355268862
95,156,-27.867859035126
95,157,-23.726635667401
95,158,-40.948739784209
95,159,-54.135069332864
95,160,14.628046099402
95,161,5.049728779755
95,162,7.460079078490
95,163,-7.590758657236
95,164,-8.846672131258
95,165,-58.742743049283
95,166,-4.235197215159
95,167,-1.308554301038
95,168,-31.812056248265
95,169,18.916708320008
95,170,-49.622364759227
95,171,-35.071192640804
95,172,-58.241703346626
95,173,-5.317411025222
95,174,-36.152083519672
95,175,4.330451662063
95,176,3.872848317100
95,177,-37.438550157116
95,178,-53.115745840412
95,179,-32.135737548466
95,180,-7.228222062768
95,181,-54.069437210856
95,182,-32.958329230234
95,183,-55.178410392356
95,184,-59.798791690453
95,185,3.554596255388
95,186,11.839164324956
95,187,13.810109263599
95,188,-48.514934615727
95,189,-15.101819479634
95,190,-6.711596630055
95,191,-15.611791880314
95,192,-44.415524226708
95,193,-18.262953017998
95,194,-46.351415283578
95,195,-62.568680103243
95,196,-2.867206652052
95,197,-3.268492785115
95,198,-13.731066382919
95,199,3.672428367936
96,0,23.013768128658
96,1,48.831124521523
96,2,0.557825166885
96,3,-15.209665660397
96,4,-5.704284377811
96,5,3.574512037063
96,6,-4.700865587547
96,7,-9.812463705464
96,8,77.497296444344
96,9,1.868111778786
96,10,24.827942601420
96,11,25.837782925802
96,12,4.230940398294
96,13,-18.193468111014
96,14,30.200729692631
96,15,-3.309866678865
96,16,-3.516308586462
96,17,5.811527086560
96,18,-4.169183244179
96,19,56.188510328277
96,20,0.834239673452
96,21,-2.059956639205
96,22,1.392299181251
96,23,53.723405872042
96,24,0.026882271421
96,25,-13.479827365445
96,26,50.741446153734
96,27,37.197954554285
96,28,57.439337262425
96,29,-1.303445142599
96,30,42.693630105437
96,31,71.729116324692
96,32,-5.168431818238
96,33,36.731533477083
96,34,3.893530947658
96,35,-17.870250399603
96,36,31.457201340498
96,37,-15.098924721693
96,38,-6.135279770861
96,39,-11.678178580420
96,40,-9.065131338510
96,41,-0.923299049522
96,42,41.225496345542
96,43,51.731953530965
96,44,-5.355794916766
96,45,36.670737550630
96,46,41.585603411448
96,47,-4.420846210756
96,48,31.204436716347
96,49,34.325323001751
96,50,-11.867571876865
96,51,46.521868341624
96,52,-7.125849731747
96,53,25.796042561175
96,54,49.463608402410
96,55,0.811589656099
96,56,-5.615106001176
96,57,3.505285873282
96,58,-2.138014235490
96,59,44.612296077910
96,60,36.670381805612
96,61,54.277664526220
96,62,15.641037898858
96,63,64.803247708434
96,64,39.551689561369
96,65,69.248833949830
96,66,-13.332982680447
96,67,-12.320359988313
96,68,10.686475937560
96,69,43.320513537823
96,70,64.471062124234
96,71,48.078767821316
96,72,43.533012664819
96,73,5.891939195637
96,74,2.089269566408
96,75,50.396307766809
96,76,4.429944918753
96,77,50.594643002798
96,78,-7.350050732377
96,79,-10.701385601555
96,80,-7.494254331519
96,81,37.811850228019
96,82,46.658497997785
96,83,60.856160060612
96,84,64.230699025480
96,85,6.599877718014
96,86,4.193193241328
96,87,50.303046179542
96,88,13.321083422314
96,89,-6.412140510940
96,90,70.778560160077
96,91,1.992812274490
96,92,-2.889434381337
96,93,-2.150501046301
96,94,29.894132015077
96,95,-1.110671083647
96,96,32.221588076194
96,97,18.168060404525
96,98,-3.176522871683
96,99,34.183267283806
96,100,57.987568486606
96,101,70.058457211977
96,102,39.838448014234
96,103,54.933926501311
96,104,62.403419064285
96,105,-11.832643940506
96,106,91.954055726259
96,107,-7.484055633751
96,108,31.936750196117
96,109,-8.488734168168
96,110,11.253640149480
96,111,0.164715073821
96,112,-11.443589561459
96,113,-4.315352115089
96,114,-0.407030093542
96,115,58.318855941325
96,116,43.227368705004
96,117,51.847091022348
96,118,51.947324856395
96,119,3.473575927477
96,120,-9.369783046175
96,121,48.293886423955
96,122,18.011764791241
96,123,1.056532535382
96,124,24.723692200532
96,125,-1.020489083130
96,126,-8.376729965610
96,127,2.285407172472
96,128,5.405701261770
96,129,-3.398904417118
96,130,0.803991658599
96,131,13.861666559125
96,132,47.988002250560
96,133,-0.069731638687
96,134,35.600866226712
96,135,5.650144847692
96,136,-13.174150668245
96,137,36.435635441921
96,138,-7.304187965550
96,139,12.891608542079
96,140,46.355932597558
96,141,16.653465444309
96,142,69.551672888207
96,143,9.047194663217
96,144,32.218450319691
96,145,22.917000959671
96,146,62.725207204654
96,147,12.921645787777
96,148,-17.722706633671
96,149,-1.182064701534
96,150,-21.371961013814
96,151,33.262863789976
96,152,2.336063502386
96,153,-6.918598453856
96,154,65.088389010627
96,155,50.704299585232
96,156,23.785946718272
96,157,27.927300715412
96,158,10.704653358771
96,159,-2.482092113125
96,160,66.283192392752
96,161,56.704572911440
96,162,59.114999247446
96,163,44.063686723093
96,164,42.807733631242
96,165,-7.089911161645
96,166,47.419354017067
96,167,50.346089253464
96,168,19.841625091867
96,169,70.571989907614
96,170,2.030754798740
96,171,16.582385896101
96,172,-6.588855655616
96,173,46.337106068240
96,174,15.501460922773
96,175,55.985273103412
96,176,55.527655322912
96,177,14.214953706534
96,178,-1.462736469650
96,179,19.517933581723
96,180,44.426234753817
96,181,-2.416457920990
96,182,18.695315952813
96,183,-3.525466081119
96,184,-8.145993111757
96,185,55.209393221630
96,186,63.494222638335
96,187,65.465229753696
96,188,3.138219872679
96,189,36.552388965843
96,190,44.942876483539
96,191,36.042400478349
96,192,7.237759565651
96,193,33.391155711484
96,194,5.301807446580
96,195,-10.915968889458
96,196,48.787387733973
96,197,48.386088942163
96,198,37.923185302359
96,199,55.327229051305
97,0,-27.449853692880
97,1,-1.633292903054
97,2,-49.905104679732
97,3,-65.672109657949
97,4,-56.167021265675
97,5,-46.888510765886
97,6,-55.163633394259
97,7,-60.275074006735
97,8,27.031995567137
97,9,-48.594858442979
97,10,-25.635735125165
97,11,-24.625925919820
97,12,-46.232102631962
97,13,-68.655820169748
97,14,-20.263113601563
97,15,-53.772677347246
97,16,-53.979112893619
97,17,-44.651564648324
97,18,-54.631967433910
97,19,5.723866164924
97,20,-49.628698690583
97,21,-52.522805821922
97,22,-49.070656378819
97,23,3.258837678353
97,24,-50.436031214769
97,25,-63.942324664175
97,26,0.276969857550
97,27,-13.266104369388
97,28,6.974654550875
97,29,-51.766317636284
97,30,-7.770598177907
97,31,21.263993219960
97,32,-55.631185217586
97,33,-13.732511073038
97,34,-46.569501685597
97,35,-68.332612417493
97,36,-19.006680673388
97,37,-65.561372131473
97,38,-56.598003378269
97,39,-62.140731393258
97,40,-59.527764667466
97,41,-51.386183256960
97,42,-9.238686694254
97,43,1.267446709579
97,44,-55.818542542802
97,45,-13.793305125968
97,46,-8.878590725770
97,47,-54.883622645859
97,48,-19.259437508284
97,49,-16.138647397223
97,50,-62.330118853926
97,51,-3.942477917495
97,52,-57.588542816338
97,53,-24.667664998182
97,54,-1.000828513803
97,55,-49.651348010004
97,56,-56.077845636937
97,57,-46.957734796524
97,58,-52.600861012957
97,59,-5.851991333308
97,60,-13.793660860021
97,61,3.813079251406
97,62,-34.822356729441
97,63,14.338338052257
97,64,-10.912441896842
97,65,18.783787285414
97,66,-63.795484503891
97,67,-62.782893013624
97,68,-39.776766016497
97,69,-7.143734064281
97,70,14.006162705606
97,71,-2.385626417483
97,72,-6.931241485894
97,73,-44.571155017089
97,74,-48.373707470128
97,75,-0.068157893002
97,76,-46.033104243674
97,77,0.130171230747
97,78,-57.812736908585
97,79,-61.163968512366
97,80,-57.956936064329
97,81,-12.652227613900
97,82,-3.805852471909
97,83,10.391372048238
97,84,13.765807014541
97,85,-43.863238309386
97,86,-46.269848625780
97,87,-0.161416606163
97,88,-37.142239716632
97,89,-56.874855587317
97,90,20.313466350781
97,91,-48.470161789810
97,92,-53.352258004772
97,93,-52.613347439015
97,94,-20.569701830958
97,95,-51.573549517438
97,96,-18.242317493256
97,97,-32.295412094390
97,98,-53.639337648878
97,99,-16.280698737522
97,100,7.522868879540
97,101,19.593385595675
97,102,-10.625692280970
97,103,4.469321001816
97,104,11.938583367672
97,105,-62.295191993799
97,106,41.488309287830
97,107,-57.946737680817
97,108,-18.527146595683
97,109,-58.951385257780
97,110,-39.209619281581
97,111,-50.298202659535
97,112,-61.906149602692
97,113,-54.778131800835
97,114,-50.869930209206
97,115,7.854146124548
97,116,-7.236876026640
97,117,1.382580652673
97,118,1.482811397735
97,119,-46.989443765211
97,120,-59.832406987836
97,121,-2.170514444268
97,122,-32.451702891391
97,123,-49.406412678385
97,124,-25.739982313498
97,125,-51.483370295769
97,126,-58.839384506442
97,127,-48.177575907859
97,128,-45.057377967867
97,129,-53.861712341917
97,130,-49.658945773386
97,131,-36.601673237841
97,132,-2.476389191070
97,133,-50.532642147824
97,134,-14.863143480077
97,135,-44.812941914308
97,136,-63.636657385759
97,137,-14.028399989620
97,138,-57.766875554938
97,139,-37.571701362649
97,140,-4.108408547858
97,141,-33.809960382052
97,142,19.086616890563
97,143,-41.415996776988
97,144,-18.245455153068
97,145,-27.546617879932
97,146,12.260361590976
97,147,-37.541665042547
97,148,-68.185073197761
97,149,-51.644940935417
97,150,-71.834215135539
97,151,-17.201073867800
97,152,-48.126921138872
97,153,-57.381297924549
97,154,14.623470566745
97,155,0.239824433826
97,156,-26.677698898464
97,157,-22.536472520616
97,158,-39.758589155412
97,159,-52.944928288285
97,160,15.818237126427
97,161,6.239912844001
97,162,8.650264894881
97,163,-6.400583781506
97,164,-7.656498168450
97,165,-57.552605353623
97,166,-3.045019900259
97,167,-0.118374858735
97,168,-30.621898978483
97,169,20.106902464649
97,170,-48.432220434712
97,171,-33.881037739935
97,172,-57.051565286805
97,173,-4.127234496991
97,174,-34.961929404453
97,175,5.520635203451
97,176,5.063031525853
97,177,-36.248396976967
97,178,-51.925604054966
97,179,-30.945580513951
97,180,-6.038046923502
97,181,-52.879296118575
97,182,-31.768172793629
97,183,-53.988270106092
97,184,-58.608654762342
97,185,4.744779232788
97,186,13.029353324644
97,187,15.000299696039
97,188,-47.324789486302
97,189,-13.911650063652
97,190,-5.521421115263
97,191,-14.421622835020
97,192,-43.225376117705
97,193,-17.072785899785
97,194,-45.161268581644
97,195,-61.378545188294
97,196,-1.677028342747
97,197,-2.078314767510
97,198,-12.540895970546
97,199,4.862611430995
98,0,-6.366980088991
98,1,19.449913108627
98,2,-28.822520187183
98,3,-44.589728156097
98,4,-35.084517392461
98,5,-25.805887435614
98,6,-34.081116602967
98,7,-39.192623022172
98,8,48.115570690701
98,9,-27.512257081442
98,10,-4.552838163807
98,11,-3.543015956740
98,12,-25.149470850600
98,13,-47.573477080492
98,14,0.819852534951
98,15,-32.690142648084
98,16,-32.896580852219
98,17,-23.568912517869
98,18,-33.549443797689
98,19,26.807166909442
98,20,-28.546110639400
98,21,-31.440255031237
98,22,-27.988061143027
98,23,24.342106682285
98,24,-29.353453557706
98,25,-42.859920892763
98,26,21.360200466144
98,27,7.816951858425
98,28,28.057971401067
98,29,-30.683757106133
98,30,13.312528809416
98,31,42.347494069101
98,32,-34.548674445774
98,33,7.350539149425
98,34,-25.486874248163
98,35,-47.250265167240
98,36,2.076301640445
98,37,-44.478989203970
98,38,-35.515505053714
98,39,-41.058304427715
98,40,-38.445304061795
98,41,-30.303617832738
98,42,11.844421390037
98,43,22.350690071791
98,44,-34.736034183123
98,45,7.289744313719
98,46,12.204521995096
98,47,-33.801102249570
98,48,1.823541551152
98,49,4.944371844438
98,50,-41.247694326608
98,51,17.140698360825
98,52,-36.506057244405
98,53,-3.584755572512
98,54,20.082385641595
98,55,-28.568760250426
98,56,-34.995340615635
98,57,-25.875112357491
98,58,-31.518311227206
98,59,15.231160357995
98,60,7.289388575089
98,61,24.896355391938
98,62,-13.739578048277
98,63,35.421749721296
98,64,10.170644636346
98,65,39.867256197329
98,66,-42.713078842025
98,67,-41.700474315432
98,68,-18.694051123552
98,69,13.939400994539
98,70,35.089570097334
98,71,18.697569907039
98,72,14.151896308969
98,73,-23.488501851381
98,74,-27.291103261341
98,75,21.015068271656
98,76,-24.950469900250
98,77,21.213399949134
98,78,-36.730254223017
98,79,-40.081528971707
98,80,-36.874455235236
98,81,8.430836518077
98,82,17.277325565614
98,83,31.474732893752
98,84,34.849211311295
98,85,-22.780576029370
98,86,-25.187217330385
98,87,20.921808357671
98,88,-16.059490904154
98,89,-35.792360827079
98,90,41.396954960110
98,91,-27.387558822840
98,92,-32.269717892916
98,93,-31.530797814012
98,94,0.513260358057
98,95,-30.490986505472
98,96,2.840674662235
98,97,-11.212600878403
98,98,-32.556801233033
98,99,4.802318675131
98,100,28.606192788779
98,101,40.676864932640
98,102,10.457397944367
98,103,25.552605592340
98,104,33.021964135951
98,105,-41.212767016819
98,106,62.572070569586
98,107,-36.864256720422
98,108,2.555841892448
98,109,-37.868917231601
98,110,-18.126897086637
98,111,-29.215623227981
98,112,-40.823719617081
98,113,-33.695610046409
98,114,-29.787358138426
98,115,28.937474299470
98,116,13.846257832876
98,117,22.465825497384
98,118,22.566057533033
98,119,-25.906821734425
98,120,-38.749950304242
98,121,18.912684650066
98,122,-11.368893687679
98,123,-28.323821765342
98,124,-4.657086694366
98,125,-30.400806122787
98,126,-37.756915038321
98,127,-27.094969173937
98,128,-23.974731062182
98,129,-32.779178789046
98,130,-28.576358111619
98,131,-15.518917465539
98,132,18.606805964773
98,133,-29.450065734592
98,134,6.219892184628
98,135,-23.730291861553
98,136,-42.554249679117
98,137,7.054646423043
98,138,-36.684392278934
98,139,-16.488958079506
98,140,16.974765593928
98,141,-12.727168666141
98,142,40.170089701955
98,143,-20.333302989042
98,144,2.837536962026
98,145,-6.463745521913
98,146,33.343746502665
98,147,-16.458921372679
98,148,-47.102724048076
98,149,-30.562378842595
98,150,-50.751912964959
98,151,3.881931694392
98,152,-27.044313752784
98,153,-36.298809684464
98,154,35.706885907341
98,155,21.323054564127
98,156,-5.594815352801
98,157,-1.453535654837
98,158,-18.675874028449
98,159,-31.862382932239
98,160,36.901667851664
98,161,27.323220233346
98,162,29.733603321001
98,163,14.682560846115
98,164,13.426630288021
98,165,-36.470119319019
98,166,18.038167933824
98,167,20.964850659315
98,168,-9.539066215635
98,169,41.190388414092
98,170,-27.349616979263
98,171,-12.798246939157
98,172,-35.969072801599
98,173,16.955939402382
98,174,-13.879152520298
98,175,26.603933331091
98,176,26.146323761212
98,177,-15.165636656202
98,178,-30.843045575566
98,179,-9.862751918590
98,180,15.045102372147
98,181,-31.796749917543
98,182,-10.685354789326
98,183,-32.905738182591
98,184,-37.526182323723
98,185,25.828067370217
98,186,34.112748138345
98,187,36.083719888942
98,188,-26.242171773003
98,189,7.171397852260
98,190,15.561734832481
98,191,6.661418514595
98,192,-22.142705625316
98,193,4.010221314194
98,194,-24.078623013527
98,195,-40.296108410155
98,196,19.406177105790
98,197,19.004885513998
98,198,8.542169594919
98,199,25.945901085674
99,0,30.333572071395
99,1,56.151043855141
99,2,7.877528748519
99,3,-7.890032544245
99,4,1.615391217907
99,5,10.894229100690
99,6,2.618814492504
99,7,-2.492806469330
99,8,84.817343910174
99,9,9.187821216263
99,10,32.147754652389
99,11,33.157599490136
99,12,11.550660395602
99,13,-10.873848329276
99,14,37.520565756822
99,15,4.009819617670
99,16,3.803376787459
99,17,13.131254147782
99,18,3.150499212003
99,19,63.508462547121
99,20,8.153944490419
99,21,5.259735243286
99,22,8.712006492256
99,23,61.043347072577
99,24,7.346583480212
99,25,-6.160186518719
99,26,58.061374025841
99,27,44.517821892456
99,28,64.759295072137
99,29,6.016250120811
99,30,50.013522006819
99,31,79.049138007154
99,32,2.151246172238
99,33,44.051398730575
99,34,11.213249437031
99,35,-10.550629173435
99,36,38.777043020425
99,37,-7.779291110644
99,38,1.184393898722
99,39,-4.358529682162
99,40,-1.745470762537
99,41,6.396397912802
99,42,48.545381684991
99,43,59.051885830318
99,44,1.963882236370
99,45,43.990602532394
99,46,48.905490360419
99,47,2.898835120723
99,48,38.524277266559
99,49,41.645177500679
99,50,-4.547923825005
99,51,53.841777353708
99,52,0.193819510925
99,53,33.115858938960
99,54,56.783530563007
99,55,8.131294371837
99,56,1.704569993082
99,57,10.825002627520
99,58,5.181677298155
99,59,51.932196554939
99,60,43.990246785790
99,61,61.597608204123
99,62,22.960808890457
99,63,72.123238433225
99,64,46.871567419636
99,65,76.568844545720
99,66,-6.013341177480
99,67,-5.000713959955
99,68,18.006224785931
99,69,50.640408241110
99,70,71.791051364220
99,71,55.398683792169
99,72,50.852908317887
99,73,13.211666616233
99,74,9.408979992266
99,75,57.716234096260
99,76,11.749665805444
99,77,57.914570218738
99,78,-0.030382491663
99,79,-3.381732338021
99,80,-0.174586735251
99,81,45.131720310012
99,82,53.978407620547
99,83,68.176133142704
99,84,71.550687191084
99,85,13.919608302516
99,86,11.512913069935
99,87,57.622972092147
99,88,20.640844045396
99,89,0.907531921337
99,90,78.098577593657
99,91,9.312522269269
99,92,4.430253794140
99,93,5.169190431530
99,94,37.213966708943
99,95,6.209025041295
99,96,39.541433172519
99,97,25.487842690141
99,98,4.143164020767
99,99,41.503121147813
99,100,65.307528746773
99,101,77.378471426782
99,102,47.158327154189
99,103,62.253873112517
99,104,69.723399062306
99,105,-4.512995732548
99,106,99.274167814401
99,107,-0.164387991907
99,108,39.256594019367
99,109,-1.169071016266
99,110,18.573391532642
99,111,7.484416898602
99,112,-4.123939614823
99,113,3.004329687850
99,114,6.912669176047
99,115,65.638817682258
99,116,50.547262991968
99,117,59.167023836329
99,118,59.267258118387
99,119,10.793292540002
99,120,-2.050123831694
99,121,55.613803356311
99,122,25.331546378322
99,123,8.376238345802
99,124,32.043503785564
99,125,6.299207444841
99,126,-1.057066313158
99,127,9.605118474901
99,128,12.725426509285
99,129,3.920781481494
99,130,8.123696340379
99,131,21.181429598219
99,132,55.307917815720
99,133,7.249969138320
99,134,42.920726426673
99,135,12.969871187670
99,136,-5.854508455450
99,137,43.755499372899
99,138,0.015480480128
99,139,20.211367245727
99,140,53.675840867974
99,141,23.973240960739
99,142,76.871684837744
99,143,16.366936185274
99,144,39.538295401995
99,145,30.236804469918
99,146,70.045188641001
99,147,20.241404625674
99,148,-10.403084748134
99,149,6.137631104335
99,150,-14.052355436441
99,151,40.582713540258
99,152,9.655775031206
99,153,0.401071715038
99,154,72.408381009955
99,155,58.024227291309
99,156,31.105754112155
99,157,35.247126618655
99,158,18.024402288385
99,159,4.837597882797
99,160,73.603189732654
99,161,64.024527436952
99,162,66.434964546956
99,163,51.383584748066
99,164,50.127626042609
99,165,0.229758241643
99,166,54.739267040575
99,167,57.666015358453
99,168,27.161414857190
99,169,77.892006417853
99,170,9.350464963092
99,171,23.902161094855
99,172,0.730815986906
99,173,53.657014254502
99,174,22.821231290560
99,175,63.305224413845
99,176,62.847604587914
99,177,21.534718324554
99,178,5.856958081873
99,179,26.837721900360
99,180,51.746134399233
99,181,4.903232368262
99,182,26.015100594901
99,183,3.794219251882
99,184,-0.826328428135
99,185,62.529341064095
99,186,70.814207512027
99,187,72.785223437437
99,188,10.457934986451
99,189,43.872253418645
99,190,52.262778438140
99,191,43.362262651754
99,192,14.557493000968
99,193,40.711006035162
99,194,12.621532229772
99,195,-3.596316584888
99,196,56.107306872102
99,197,55.706006286629
99,198,45.243055881969
99,199,62.647177420462
100,0,-34.459694953744
100,1,-8.643244691826
100,2,-56.914849809073
100,3,-72.681787291462
100,4,-63.176739588518
100,5,-53.898268809033
100,6,-62.173356012456
100,7,-67.284774743734
100,8,20.021921046100
100,9,-55.604609181370
100,10,-32.645584152546
100,11,-31.635779270371
100,12,-53.241863485157
100,13,-75.665485030811
100,14,-27.272985630167
100,15,-60.782405919927
100,16,-60.988840582584
100,17,-51.661332267729
100,18,-61.641692328092
100,19,-1.286117123178
100,20,-56.638445003191
100,21,-59.532539745152
100,22,-56.080405080356
100,23,-3.751135055783
100,24,-57.445774071261
100,25,-70.952009702480
100,26,-6.732990109864
100,27,-20.276006353983
100,28,-0.035334092470
100,29,-58.776054797956
100,30,-14.780523690533
100,31,14.253943395684
100,32,-62.640905834262
100,33,-20.742411060812
100,34,-53.579261094412
100,35,-75.342278662116
100,36,-26.016558081072
100,37,-72.571050239028
100,38,-63.607719856147
100,39,-69.150424143772
100,40,-66.537468603550
100,41,-58.395922045944
100,42,-16.248605921486
100,43,-5.742517498504
100,44,-62.828262357434
100,45,-20.803204853466
100,46,-15.888511494690
100,47,-61.893346462741
100,48,-26.269313833851
100,49,-23.148537083667
100,50,-69.339810793717
100,51,-10.952419819718
100,52,-64.598255053883
100,53,-31.677518170043
100,54,-8.010783010417
100,55,-56.661094225652
100,56,-63.087564341527
100,57,-53.967492543328
100,58,-59.610594602047
100,59,-12.861925060177
100,60,-20.803560585991
100,61,-3.196895855690
100,62,-41.832166427848
100,63,7.328317880994
100,64,-17.922353958180
100,65,11.773748080486
100,66,-70.805170170781
100,67,-69.792583015187
100,68,-46.786554504863
100,69,-14.153662260724
100,70,6.996143956574
100,71,-9.395574985203
100,72,-13.941170592101
100,73,-51.580922980735
100,74,-55.383459155251
100,75,-7.078116382778
100,76,-53.042865948773
100,77,-6.879788108155
100,78,-64.822448186394
100,79,-68.173665444192
100,80,-64.966646724846
100,81,-19.662132226680
100,82,-10.815794959075
100,83,3.381368776143
100,84,6.755789294613
100,85,-50.873009303599
100,86,-53.279609317389
100,87,-7.171374696656
100,88,-44.152039483488
100,89,-63.884570880036
100,90,13.303420596327
100,91,-55.479913062016
100,92,-60.361988377219
100,93,-59.623080974648
100,94,-27.579572546994
100,95,-58.583287504327
100,96,-25.252198173359
100,97,-39.305232610845
100,98,-60.649066792372
100,99,-23.290587815805
100,100,0.512877889014
100,101,12.583342924350
100,102,-17.635605569980
100,103,-2.540656914964
100,104,4.928573471116
100,105,-69.304884083096
100,106,34.478172867894
100,107,-64.956448384990
100,108,-25.537026056365
100,109,-65.961091661244
100,110,-46.219410197918
100,111,-57.307946106055
100,112,-68.915843357398
100,113,-61.787856069306
100,114,-57.879671208218
100,115,0.844153715654
100,116,-14.246803824310
100,117,-5.627384048348
100,118,-5.527153732422
100,119,-53.999201376275
100,120,-66.842109619807
100,121,-9.180463932964
100,122,-39.461522738748
100,123,-56.416159942579
100,124,-32.749830894587
100,125,-58.493108668707
100,126,-65.849091389347
100,127,-55.187328432599
100,128,-52.067143850007
100,129,-60.871440533461
100,130,-56.668691956504
100,131,-43.611475318889
100,132,-9.486337370196
100,133,-57.542384590735
100,134,-21.873038627287
100,135,-51.822708842861
100,136,-70.646343732544
100,137,-21.038298710606
100,138,-64.776587029068
100,139,-44.581499290965
100,140,-11.118349739663
100,141,-40.819774414602
100,142,12.076576389030
100,143,-48.425778247802
100,144,-25.255335819733
100,145,-34.556458726533
100,146,5.250350316703
100,147,-44.551463099444
100,148,-75.194740073952
100,149,-58.654678616687
100,150,-78.843866390853
100,151,-24.210959005715
100,152,-55.136673880465
100,153,-64.391011049272
100,154,7.613449174663
100,155,-6.770135374558
100,156,-33.687543465036
100,157,-29.546334816499
100,158,-46.768377721601
100,159,-59.954660404459
100,160,8.808210618838
100,161,-0.770072653548
100,162,1.640269077390
100,163,-13.410515159645
100,164,-14.666424169576
100,165,-64.562317745011
100,166,-10.054965644849
100,167,-7.128333133507
100,168,-37.631726659420
100,169,13.096857594632
100,170,-55.441971869346
100,171,-40.890851468197
100,172,-64.061279823058
100,173,-11.137175608194
100,174,-41.971738505337
100,175,-1.489347214512
100,176,-1.946948932891
100,177,-43.258200570403
100,178,-58.935340534750
100,179,-37.955406809175
100,180,-13.047979853800
100,181,-59.889028515710
100,182,-38.777995567245
100,183,-60.997997755861
100,184,-65.618362632966
100,185,-2.265199863359
100,186,6.019338757891
100,187,7.990276690522
100,188,-54.334545661768
100,189,-20.921549284474
100,190,-12.531356257423
100,191,-21.431519872509
100,192,-50.235149842592
100,193,-24.082671586941
100,194,-52.171034019033
100,195,-68.388241201559
100,196,-8.686979944265
100,197,-9.088264650956
100,198,-19.550801059973
100,199,-2.147368169652
101,0,13.740362269120
101,1,39.557572469683
101,2,-8.715453542049
101,3,-24.482855094415
101,4,-14.977527630508
101,5,-5.698783752618
101,6,-13.974114521596
101,7,-19.085683697835
101,8,68.223582057813
101,9,-7.405174349085
101,10,15.554526469321
101,11,16.564361075565
101,12,-5.042359108164
101,13,-27.466640651241
101,14,20.927283137426
101,15,-12.583123488752
101,16,-12.789564227474
101,17,-3.461781369384
101,18,-13.442435188612
101,19,46.914916613117
101,20,-8.439040600555
101,21,-11.333220526118
101,22,-7.880984252530
101,23,44.449826116332
101,24,-9.246393431276
101,25,-22.753026593564
101,26,41.467883284218
101,27,27.924468377096
101,28,48.165736464020
101,29,-10.576713312905
101,30,33.420112808359
101,31,62.455434603900
101,32,-14.441678104922
101,33,27.458049941037
101,34,-5.379766648352
101,35,-27.143424769827
101,36,22.183747670540
101,37,-24.372114782702
101,38,-15.408520583267
101,39,-20.951388009278
101,40,-18.338355562228
101,41,-10.196569372238
101,42,31.951987361979
101,43,42.458385052436
101,44,-14.629040142609
101,45,27.397254358846
101,46,32.312092388733
101,47,-13.694096730273
101,48,21.930984477665
101,49,25.051853091005
101,50,-21.140780233400
101,51,37.248329366455
101,52,-16.399084935583
101,53,16.522620947289
101,54,40.190052768972
101,55,-8.461690489668
101,56,-14.888349758803
101,57,-5.768009524443
101,58,-11.411277680432
101,59,35.338767916066
101,60,27.396898615843
101,61,45.004081631843
101,62,6.367673786153
101,63,55.529605208882
101,64,30.278190055935
101,65,59.975166274970
101,66,-22.606182739990
101,67,-21.593565781208
101,68,1.413139878794
101,69,34.046992690914
101,70,55.197421505836
101,71,38.805220029870
101,72,34.259490614604
101,73,-3.381369715615
101,74,-7.184017813684
101,75,41.122746851732
101,76,-4.843355714496
101,77,41.321080964590
101,78,-16.623284666799
101,79,-19.974600560927
101,80,-16.767487449455
101,81,28.538360574603
101,82,37.384958248920
101,83,51.582539913150
101,84,54.957059768247
101,85,-2.673435201694
101,86,-5.080106051406
101,87,41.029485792584
101,88,4.047732445797
101,89,-15.685379755771
101,90,61.504883822330
101,91,-7.280474559455
101,92,-12.162693571721
101,93,-11.423764420550
101,94,20.620687195973
101,95,-10.383940345455
101,96,22.948130077893
101,97,8.894681983067
101,98,-12.449780436575
101,99,24.909798177454
101,100,48.713964583643
101,101,60.784784952208
101,102,30.564946885002
101,103,45.660339890645
101,104,53.129790154831
101,105,-21.105852494795
101,106,82.680259467714
101,107,-16.757288809436
101,108,22.663293810707
101,109,-17.761961655415
101,110,1.980300879310
101,111,-9.108561409295
101,112,-20.716800318536
101,113,-13.588603231910
101,114,-9.680303339395
101,115,49.045250162322
101,116,33.953848385543
101,117,42.573521891820
101,118,42.673755158263
101,119,-5.799719290699
101,120,-18.643005544975
101,121,39.020337414353
101,122,8.738387254780
101,123,-8.216748997263
101,124,15.450276658732
101,125,-10.293758855551
101,126,-17.649958087015
101,127,-6.987881318171
101,128,-3.867604896339
101,129,-12.672160722876
101,130,-8.469288444147
101,131,4.588312521693
101,132,38.714454973095
101,133,-9.343006794348
101,134,26.327389093145
101,135,-3.623162694486
101,136,-22.447351627066
101,137,27.162153581419
101,138,-16.577422159637
101,139,3.618259997354
101,140,37.082394562043
101,141,7.380095598950
101,142,60.278003498366
101,143,-0.226132113617
101,144,22.944992339158
101,145,13.643595648064
101,146,53.451576472929
101,147,3.648297072978
101,148,-26.995881839262
101,149,-10.455333559104
101,150,-30.645115558087
101,151,23.989399895436
101,152,-6.937225275076
101,153,-16.191834831137
101,154,55.814744896335
101,155,41.430736926071
101,156,14.512536486356
101,157,18.653867033412
101,158,1.431317197079
101,159,-11.755353609900
101,160,57.009541512329
101,161,47.430976273899
101,162,49.841388959991
101,163,34.790161667850
101,164,33.534215688029
101,165,-16.363146568961
101,166,38.145809959693
101,167,41.072528622753
101,168,10.568237194144
101,169,61.298314739688
101,170,-7.242532250035
101,171,7.309016453211
101,172,-15.862093899894
101,173,37.063568139325
101,174,6.228097600389
101,175,46.711680539156
101,176,46.254065350062
101,177,4.941597668694
101,178,-10.736003738042
101,179,10.244547516850
101,180,35.152707645575
101,181,-11.689719789378
101,182,9.421934545870
101,183,-12.798721670282
101,184,-17.419222539582
101,185,45.935805051042
101,186,54.220587551732
101,187,56.191583505373
101,188,-6.135073446676
101,189,27.278906444219
101,190,35.669346449722
101,191,26.768920844566
101,192,-2.035556965850
101,193,24.117691090483
101,194,-3.971498123268
101,195,-20.189182633876
101,196,39.513835929800
101,197,39.112539410438
101,198,28.649695018496
101,199,46.053640213438
102,0,20.429626994475
102,1,46.246942649668
102,2,-2.026280535763
102,3,-17.793746485862
102,4,-8.288380200291
102,5,0.990401574731
102,6,-7.284962993181
102,7,-12.396553046266
102,8,74.913069336617
102,9,-0.715995991202
102,10,22.243798604701
102,11,23.253637335671
102,12,1.646828900251
102,13,-20.777544228891
102,14,27.616577218265
102,15,-5.893966279160
102,16,-6.100407861049
102,17,3.227413094668
102,18,-6.753281488680
102,19,53.604316846599
102,20,-1.749866465310
102,21,-4.644058211576
102,22,-1.191807838011
102,23,51.139216280280
102,24,-2.557222593510
102,25,-16.063910920122
102,26,48.157261267443
102,27,34.613791038930
102,28,54.855141806947
102,29,-3.887547908569
102,30,40.109457918283
102,31,69.144898319537
102,32,-7.752528486162
102,33,34.147370697712
102,34,1.309419981975
102,35,-20.454327027423
102,36,28.873046883549
102,37,-17.683005721876
102,38,-8.719374913329
102,39,-14.262264977617
102,40,-11.649221858410
102,41,-3.507402415278
102,42,38.641326475015
102,43,49.147767081682
102,44,-7.939891289083
102,45,34.086574867186
102,46,39.001432972691
102,47,-7.004944058193
102,48,28.620282658238
102,49,31.741164019179
102,50,-14.451657975245
102,51,43.937690113693
102,52,-9.709943311347
102,53,23.211897036905
102,54,46.879425532512
102,55,-1.772516446930
102,56,-8.199201964359
102,57,0.921175520169
102,58,-4.722115684701
102,59,42.028120863193
102,60,34.086219122735
102,61,51.693474059844
102,62,13.056908397761
102,63,62.219040632590
102,64,36.967522331994
102,65,66.664619858690
102,66,-15.917066466805
102,67,-14.904445372318
102,68,8.102354253926
102,69,40.736340361473
102,70,61.886855572593
102,71,45.494587136658
102,72,40.948839153156
102,73,3.307825076867
102,74,-0.494838552528
102,75,47.812123425145
102,76,1.845833106716
102,77,48.010458348159
102,78,-9.934143958242
102,79,-13.285473539872
102,80,-10.078347329865
102,81,35.227685743987
102,82,44.074319554253
102,83,58.271959213358
102,84,61.646492853142
102,85,4.015762482260
102,86,1.609081802839
102,87,47.718861985042
102,88,10.736957581721
102,89,-8.996235216589
102,90,68.194343654948
102,91,-0.591295692255
102,92,-5.473534644982
102,93,-4.734602475815
102,94,27.309980024489
102,95,-3.694774153773
102,96,29.637432413117
102,97,15.583926916181
102,98,-5.760622682370
102,99,31.599108525377
102,100,55.403372166016
102,101,67.474241843214
102,102,37.254280332374
102,103,52.349734999363
102,104,59.819215775438
102,105,-14.416730093988
102,106,89.369805804236
102,107,-10.068148648184
102,108,29.352594982483
102,109,-11.072825597475
102,110,8.669517570961
102,111,-2.419390008581
102,112,-14.027676328769
102,113,-6.899450128971
102,114,-2.991134273856
102,115,55.734659097958
102,116,40.643195675628
102,117,49.262904391377
102,118,49.363138067252
102,119,0.889465624401
102,120,-11.953873085411
102,121,45.709705399844
102,122,15.427631549508
102,123,-1.527573954118
102,124,22.139548368301
102,125,-3.604592295538
102,126,-10.960821571629
102,127,-0.298701255924
102,128,2.821587910192
102,129,-5.983003876936
102,130,-1.780114432448
102,131,11.277539865587
102,132,45.403821709122
102,133,-2.653836351186
102,134,33.016705231443
102,135,3.066031110429
102,136,-15.758234705194
102,137,33.851473129456
102,138,-9.888281263775
102,139,10.307483379125
102,140,43.771754631467
102,141,14.069334345768
102,142,66.967458319166
102,143,6.463075566062
102,144,29.634294661570
102,145,20.332859978167
102,146,60.141003408011
102,147,10.337520577435
102,148,-20.306783494270
102,149,-3.766167659021
102,150,-23.956032116970
102,151,30.678706483865
102,152,-0.248045005937
102,153,-9.502692360446
102,154,62.504181484823
102,155,48.120114757563
102,156,21.201804365686
102,157,25.343151828267
102,158,8.120531646455
102,159,-5.066193019462
102,160,63.698982981514
102,161,54.120378615422
102,162,56.530801147768
102,163,41.479512374062
102,164,40.223561264029
102,165,-9.674004797947
102,166,44.835174372936
102,167,47.761904991035
102,168,17.257488962889
102,169,67.987773728470
102,170,-0.553353227871
102,171,13.998254909704
102,172,-9.172950082459
102,173,43.752928131857
102,174,12.917331641904
102,175,53.401079942450
102,176,52.943462884061
102,177,11.630826455563
102,178,-4.046838984294
102,179,16.933797963480
102,180,41.842059832699
102,181,-5.000558930878
102,182,16.111181632536
102,183,-6.109565341256
102,184,-10.730085081821
102,185,52.625201284995
102,186,60.910017628172
102,187,62.881021633228
102,188,0.554110098725
102,189,33.968226469144
102,190,42.358700747187
102,191,33.458238786370
102,192,4.653643323443
102,193,30.806998202941
102,194,2.717694258921
102,195,-13.500056489218
102,196,46.203205931131
102,197,45.801907772562
102,198,35.339020642648
102,199,52.743036928732
103,0,-20.261377855648
103,1,5.555296275757
103,2,-42.716727421219
103,3,-58.483801613474
103,4,-48.978671496057
103,5,-39.700120264817
103,6,-47.975279219943
103,7,-53.086742270636
103,8,34.220710602582
103,9,-41.406475432625
103,10,-18.447251323698
103,11,-17.437437685141
103,12,-39.043709249316
103,13,-61.467525222877
103,14,-13.074606213340
103,15,-46.584317066860
103,16,-46.790753519454
103,17,-37.463164327208
103,18,-47.443610925671
103,19,12.912487644935
103,20,-42.440320218680
103,21,-45.334440054787
103,22,-41.882275457167
103,23,10.447448335733
103,24,-43.247656286963
103,25,-56.754009026423
103,26,7.465567423213
103,27,-6.077566262597
103,28,14.163281522466
103,29,-44.577948548271
103,30,-0.582035944142
103,31,28.452682929943
103,32,-48.442833095738
103,33,-6.543975013905
103,34,-39.381109784103
103,35,-61.144316051839
103,36,-11.818167769161
103,37,-58.373063600899
103,38,-49.409655500582
103,39,-54.952407846969
103,40,-52.339429650849
103,41,-44.197812500206
103,42,-2.050130905882
103,43,8.456048623862
103,44,-48.630191243428
103,45,-6.604769333739
103,46,-1.690033356463
103,47,-47.695267242343
103,48,-12.070925713713
103,49,-8.950121901660
103,50,-55.141796138996
103,51,3.246101123092
103,52,-50.400199286938
103,53,-17.479176946741
103,54,6.187763441791
103,55,-42.462969637527
103,56,-48.889495475851
103,57,-39.769344599343
103,58,-45.412495588476
103,59,1.336579323804
103,60,-6.605125069349
103,61,11.001692342164
103,62,-27.633913258149
103,63,21.526997354369
103,64,-3.723893456787
103,65,25.972466105712
103,66,-56.607168221548
103,67,-55.594572286260
103,68,-32.588344295167
103,69,0.044830921637
103,70,21.194820549281
103,71,4.802959458291
103,72,0.257324432932
103,73,-37.382754342987
103,74,-41.185323488942
103,75,7.120438157406
103,76,-38.844709987439
103,77,7.318768151905
103,78,-50.624394363353
103,79,-53.975640678320
103,80,-50.768594152098
103,81,-5.463686812014
103,82,3.382727168515
103,83,17.580014020983
103,84,20.954463802918
103,85,-36.674834527563
103,86,-39.081455408836
103,87,7.027179034798
103,88,-29.953806429708
103,89,-49.686508924970
103,90,27.502151887340
103,91,-41.281778232049
103,92,-46.163895878810
103,93,-45.424982069344
103,94,-13.381195788716
103,95,-44.385179583194
103,96,-11.053801233305
103,97,-25.106957529650
103,98,-46.450976783148
103,99,-9.092173865596
103,100,14.711498258061
103,101,26.782067970620
103,102,-3.437142581999
103,103,11.657936973781
103,104,19.127232133505
103,105,-55.106869125550
103,106,48.677087797914
103,107,-50.758395723817
103,108,-11.338631586194
103,109,-51.763047710985
103,110,-32.021195070476
103,111,-43.109827126675
103,112,-54.717825026644
103,113,-47.589775934233
103,114,-43.681557186166
103,115,15.042776957547
103,116,-0.048311449653
103,117,8.571183072447
103,118,8.671414257558
103,119,-39.801053707233
103,120,-52.644073308533
103,121,5.018072375933
103,122,-25.263249012780
103,123,-42.218033230667
103,124,-18.551498969689
103,125,-44.294999965648
103,126,-51.651046467981
103,127,-40.989191065673
103,128,-37.868979428255
103,129,-46.673352452381
103,130,-42.470567434262
103,131,-29.413237577821
103,132,4.712196286215
103,133,-43.344267644126
103,134,-7.674612384719
103,135,-37.624542301630
103,136,-56.448340406198
103,137,-6.839865229515
103,138,-50.578532808380
103,139,-30.383269961072
103,140,3.080169764238
103,141,-26.621512466285
103,142,26.275297040476
103,143,-34.227582251864
103,144,-11.056938906884
103,145,-20.358142467499
103,146,19.449011769590
103,147,-30.353233509108
103,148,-60.996776184453
103,149,-44.456571314571
103,150,-64.645934140768
103,151,-10.012553036540
103,152,-40.938536074311
103,153,-50.192953485384
103,154,21.812131120758
103,155,7.428421836405
103,156,-19.489219671363
103,157,-15.347975112876
103,158,-32.570167354294
103,159,-45.756564374205
103,160,23.006902926158
103,161,13.428536589709
103,162,15.838899223250
103,163,0.787984467097
103,164,-0.467935433750
103,165,-50.364261666466
103,166,4.143563080514
103,167,7.070220971196
103,168,-23.433437066880
103,169,27.295587094261
103,170,-41.243836710397
103,171,-26.692590136205
103,172,-49.863219400177
103,173,3.061343732443
103,174,-27.773486545892
103,175,12.709255791182
103,176,12.251650104481
103,177,-29.059959766048
103,178,-44.737235666194
103,179,-23.757120023336
103,180,1.150522916760
103,181,-45.690931916382
103,182,-24.579715914268
103,183,-46.799910772126
103,184,-51.420315711024
103,185,11.933396414148
103,186,20.218006879564
103,187,22.188961904547
103,188,-40.136400900461
103,189,-6.723114790984
103,190,1.667150993177
103,191,-7.233089801273
103,192,-36.036969535700
103,193,-9.884264505316
103,194,-37.972870498103
103,195,-54.190218296186
103,196,5.511560644052
103,197,5.110272457481
103,198,-5.352354679882
103,199,12.051229129691
104,0,-21.501761683066
104,1,4.314892891271
104,2,-43.957094238896
104,3,-59.724156488279
104,4,-50.219033570531
104,5,-40.940489367495
104,6,-49.215642054449
104,7,-54.327101233430
104,8,32.980285501551
104,9,-42.646843242779
104,10,-19.687636525341
104,11,-18.677823651735
104,12,-40.284078849203
104,13,-62.707877837689
104,14,-14.314995484878
104,15,-47.824680954960
104,16,-48.031117251187
104,17,-38.703535124332
104,18,-48.683974162894
104,19,11.672078686883
104,20,-43.680687245731
104,21,-46.574804889628
104,22,-43.122642906914
104,23,9.207041245121
104,24,-44.488022702477
104,25,-57.994365211445
104,26,6.225162591574
104,27,-7.317960834618
104,28,12.922871616836
104,29,-45.818313956130
104,30,-1.822434679270
104,31,27.212262198824
104,32,-49.683195576086
104,33,-7.784369232606
104,34,-40.621479128429
104,35,-62.384668911465
104,36,-13.058557992481
104,37,-59.613418559580
104,38,-50.650017248605
104,39,-56.192765396605
104,40,-53.579789179690
104,41,-45.438178196004
104,42,-3.290528528858
104,43,7.215643041869
104,44,-49.870553581859
104,45,-7.845163506383
104,46,-2.930431252222
104,47,-48.935630288943
104,48,-13.311315745559
104,49,-10.190514297617
104,50,-56.382153545186
104,51,2.005699487949
104,52,-51.640560284657
104,53,-18.719562881721
104,54,4.947359578167
104,55,-43.703336647421
104,56,-50.129857617874
104,57,-41.009713649590
104,58,-46.652860364193
104,59,0.096179135231
104,60,-7.845519241724
104,61,9.761284831671
104,62,-28.874291500826
104,63,20.286581870118
104,64,-4.964289811804
104,65,24.732047253601
104,66,-57.847524517791
104,67,-56.834929349498
104,68,-33.828718784891
104,69,-1.195568288371
104,70,19.954405316683
104,71,3.562556643745
104,72,-0.983074938049
104,73,-38.623125201018
104,74,-42.425691466611
104,75,5.880033587222
104,76,-40.085079738070
104,77,6.078363431479
104,78,-51.864755191258
104,79,-55.215998967811
104,80,-52.008954870784
104,81,-6.704081849071
104,82,2.142325429872
104,83,16.339601526910
104,84,19.714048752408
104,85,-37.915205921832
104,86,-40.321824980136
104,87,5.786774535271
104,88,-31.194182915075
104,89,-50.926870463278
104,90,26.261731876337
104,91,-42.522146136660
104,92,-47.404260085372
104,93,-46.665346835602
104,94,-14.621584828004
104,95,-45.625545137067
104,96,-12.294192035653
104,97,-26.347337686500
104,98,-47.691340772253
104,99,-10.332566153942
104,100,13.471087937120
104,101,25.541648505154
104,102,-4.677539154247
104,103,10.417528966136
104,104,17.886818467283
104,105,-56.347226558195
104,106,47.436651744341
104,107,-51.998756450223
104,108,-12.579022172780
104,109,-53.003407676406
104,110,-33.261569989816
104,111,-44.350193646591
104,112,-55.958182753966
104,113,-48.830139060738
104,114,-44.921923273010
104,115,13.802366385637
104,116,-1.288710589099
104,117,7.330777403229
104,118,7.431008512416
104,119,-41.041422733455
104,120,-53.884432606625
104,121,3.777669398420
104,122,-26.503629051236
104,123,-43.458400426091
104,124,-19.791884092367
104,125,-45.535365587835
104,126,-52.891406518240
104,127,-42.229559191910
104,128,-39.109349917984
104,129,-47.913716273048
104,130,-43.710934438393
104,131,-30.653614472663
104,132,3.471793540426
104,133,-44.584633986458
104,134,-8.915005746916
104,135,-38.864912976518
104,136,-57.688696822755
104,137,-8.080259224065
104,138,-51.818893671028
104,139,-31.623646121123
104,140,1.839768254795
104,141,-27.861891475855
104,142,25.034877958933
104,143,-35.467955499887
104,144,-12.297329706860
104,145,-21.598526221620
104,146,18.208597859601
104,147,-31.593609691910
104,148,-62.237129155830
104,149,-45.696936814369
104,150,-65.886284348155
104,151,-11.252944627668
104,152,-42.178904238921
104,153,-51.433314640090
104,154,20.571715420490
104,155,6.188017032902
104,156,-20.729604083703
104,157,-16.588362662282
104,158,-33.810541857791
104,159,-46.996928889297
104,160,21.766486320746
104,161,12.188127240712
104,162,14.598488048206
104,163,-0.452415305888
104,164,-1.708334255309
104,165,-51.604622691404
104,166,2.903160765498
104,167,5.829816439058
104,168,-24.673818491428
104,169,26.055167239756
104,170,-42.484204643748
104,171,-27.932969091933
104,172,-51.103580804636
104,173,1.820942237267
104,174,-29.013864682842
104,175,11.468846987089
104,176,11.011241647058
104,177,-30.300336928500
104,178,-45.977600953403
104,179,-24.997501202699
104,180,-0.089877130864
104,181,-46.931296481191
104,182,-25.820096470510
104,183,-48.040274496925
104,184,-52.660675936051
104,185,10.692988197821
104,186,18.977592386989
104,187,20.948545918793
104,188,-41.376769672665
104,189,-7.963508873974
104,190,0.426750554179
104,191,-8.473483497939
104,192,-37.277341413144
104,193,-11.124656193628
104,194,-39.213240909135
104,195,-55.430576423147
104,196,4.271157292693
104,197,3.869869410126
104,198,-6.592749801282
104,199,10.810820824103
105,0,30.633087836992
105,1,56.450564342296
105,2,8.177040407536
105,3,-7.590523768529
105,4,1.914901731798
105,5,11.193741311370
105,6,2.918325189887
105,7,-2.193296706675
105,8,85.116869640246
105,9,9.487333114892
105,10,32.447270749755
105,11,33.457115772180
105,12,11.850172726321
105,13,-10.574340099178
105,14,37.820082836755
105,15,4.309330569413
105,16,4.102887701461
105,17,13.430766767538
105,18,3.450010006614
105,19,63.807984379877
105,20,8.453456199990
105,21,5.559246423596
105,22,9.011518303880
105,23,61.342868454478
105,24,7.646095042139
105,25,-5.860677426681
105,26,58.360894862373
105,27,44.817340252062
105,28,65.058817133657
105,29,6.315761439466
105,30,50.313041371504
105,31,79.348662682220
105,32,2.450756784121
105,33,44.350917004886
105,34,11.512761706043
105,35,-10.251120884233
105,36,39.076560330148
105,37,-7.479782314680
105,38,1.483904333800
105,39,-4.059020260676
105,40,-1.445960863217
105,41,6.695909300972
105,42,48.844900781172
105,43,59.351406848007
105,44,2.263392813984
105,45,44.290120795580
105,46,49.205009522462
105,47,3.198345869307
105,48,38.823794530057
105,49,41.944695334932
105,50,-4.248414438152
105,51,54.141297418530
105,52,0.493329764868
105,53,33.415375213364
105,54,57.083051165835
105,55,8.430806077260
105,56,2.004080523286
105,57,11.124514825540
105,58,5.481188464197
105,59,52.231716270522
105,60,44.289765048910
105,61,61.897129687393
105,62,23.260323307753
105,63,72.422761841568
105,64,47.171086209702
105,65,76.868368767144
105,66,-5.713832058587
105,67,-4.701204655896
105,68,18.305738297175
105,69,50.939927720436
105,70,72.090574711801
105,71,55.698204141729
105,72,51.152427836088
105,73,13.511179250694
105,74,9.708491931335
105,75,58.015754869673
105,76,12.049178172550
105,77,58.214091028429
105,78,0.269127721273
105,79,-3.082222737910
105,80,0.124923451316
105,81,45.431238781894
105,82,54.277927710355
105,83,68.475655829141
105,84,71.850210494711
105,85,14.219121066439
105,86,11.812425393749
105,87,57.922492848505
105,88,20.940358038439
105,89,1.207042305788
105,90,78.398102094863
105,91,9.612034190701
105,92,4.729764822769
105,93,5.468701595288
105,94,37.513483732808
105,95,6.508536395202
105,96,39.840950622034
105,97,25.787357569570
105,98,4.442674996899
105,99,41.802638956084
105,100,65.607050908562
105,101,77.677995796286
105,102,47.457845996702
105,103,62.553394715818
105,104,70.022922031727
105,105,-4.213486339308
105,106,99.573696188680
105,107,0.135122196531
105,108,39.556111416794
105,109,-0.869561011546
105,110,18.872905147604
105,111,7.783928485733
105,112,-3.824430150438
105,113,3.303840455737
105,114,7.212180658622
105,115,65.938339904642
105,116,50.846782454268
105,117,59.466544875075
105,118,59.566779175460
105,119,11.092804732223
105,120,-1.750613988093
105,121,55.913323745212
105,122,25.631061229171
105,123,8.675750096016
105,124,32.343019863860
105,125,6.598718815243
105,126,-0.757556287957
105,127,9.904630449841
105,128,13.024939054827
105,129,4.220292416961
105,130,8.423208044413
105,131,21.480943690120
105,132,55.607438148683
105,133,7.549480682581
105,134,43.220244494201
105,135,13.269383777915
105,136,-5.554999307526
105,137,44.055017593084
105,138,0.314990701452
105,139,20.510881160233
105,140,53.975360902448
105,141,24.272755563186
105,142,77.171209114553
105,143,16.666449396740
105,144,39.837812850936
105,145,30.536320217812
105,146,70.344711669270
105,147,20.540918545666
105,148,-10.103576431953
105,149,6.437142445189
105,150,-13.752847787560
105,151,40.882231180207
105,152,9.955287015408
105,153,0.700582006873
105,154,72.707904470444
105,155,58.323748121045
105,156,31.405270018964
105,157,35.546643282833
105,158,18.323915802954
105,159,5.137108985917
105,160,73.902713411670
105,161,64.324049364084
105,162,66.734486914938
105,163,51.683104363314
105,164,50.427145428162
105,165,0.529268502149
105,166,55.038787269536
105,167,57.965536122676
105,168,27.460930042675
105,169,78.191530881275
105,170,9.649976891465
105,171,24.201675684300
105,172,1.030326339045
105,173,53.956534285535
105,174,23.120745682332
105,175,63.604746209428
105,176,63.147126299802
105,177,21.834232481066
105,178,6.156469371395
105,179,27.137237026647
105,180,52.045654080786
105,181,5.202743483387
105,182,26.314615570751
105,183,4.093730164204
105,184,-0.526818360740
105,185,62.828862717775
105,186,71.113730680954
105,187,73.084746966852
105,188,10.757447117343
105,189,44.171771660192
105,190,52.562298214179
105,191,43.661780800030
105,192,14.857005881538
105,193,41.010523698569
105,194,12.921044756316
105,195,-3.296807024024
105,196,56.406827351260
105,197,56.005526692396
105,198,45.542574374209
105,199,62.946699095693
106,0,-22.799073342234
106,1,3.017560777364
106,2,-45.254388107569
106,3,-61.021437865900
106,4,-51.516322478281
106,5,-42.237785626050
106,6,-50.512931757119
106,7,-55.624386886673
106,8,31.682930674309
106,9,-43.944138149491
106,10,-20.984949621808
106,11,-19.975137548267
106,12,-41.581375627800
106,13,-64.005156851592
106,14,-15.612312838042
106,15,-49.121971759596
106,16,-49.328407892273
106,17,-40.000833155114
106,18,-49.981264286762
106,19,10.374740743580
106,20,-44.977981333381
106,21,-47.872096684456
106,22,-44.419937436680
106,23,7.909705254977
106,24,-45.785316150526
106,25,-59.291647959428
106,26,4.927828964093
106,27,-8.615283731568
106,28,11.625532682468
106,29,-47.115606350271
106,30,-3.119761930408
106,31,25.914911942062
106,32,-50.980484908352
106,33,-9.081691760010
106,34,-41.918775639715
106,35,-63.681948181409
106,36,-14.355876341127
106,37,-60.910700024928
106,38,-51.947305814923
106,39,-57.490049571839
106,40,-54.877075424971
106,41,-46.735470891304
106,42,-4.587854616795
106,43,5.918308629589
106,44,-51.167842765688
106,45,-9.142485985620
106,46,-4.227757625478
106,47,-50.232920213450
106,48,-14.608633893942
106,49,-11.487834918618
106,50,-57.679437570390
106,51,0.708369203683
106,52,-52.937848066242
106,53,-20.016876745183
106,54,3.650026963136
106,55,-45.000630717128
106,56,-51.427146596274
106,57,-42.307009853299
106,58,-47.950152097183
106,59,-1.201149636065
106,60,-9.142841720684
106,61,8.463948402372
106,62,-30.171597318913
106,63,18.989237101065
106,64,-6.261614573596
106,65,23.434698962104
106,66,-59.144807382101
106,67,-58.132213015997
106,68,-35.126020677766
106,69,-2.492896036194
106,70,18.657060810830
106,71,2.265225125935
106,72,-2.280402854230
106,73,-39.920423295502
106,74,-43.722986548528
106,75,4.582700233201
106,76,-41.382376674315
106,77,4.781029920305
106,78,-53.162042795229
106,79,-56.513283916858
106,80,-53.306242360515
106,81,-8.001405232404
106,82,0.844995037354
106,83,15.042259885282
106,84,18.416704437012
106,85,-39.212504577168
106,86,-41.619121728821
106,87,4.489441255137
106,88,-32.491486895189
106,89,-52.224158810270
106,90,24.964382372753
106,91,-43.819441142157
106,92,-48.701551223072
106,93,-47.962638558696
106,94,-15.918901938261
106,95,-46.922837683931
106,96,-13.591510989907
106,97,-27.644645506625
106,98,-48.988631682521
106,99,-11.629886662391
106,100,12.173748568370
106,101,24.244299572150
106,102,-5.974864143231
106,103,9.120192016868
106,104,16.589475599714
106,105,-57.644510611062
106,106,46.139285461839
106,107,-53.296043948038
106,108,-13.876340901355
106,109,-54.300694378311
106,110,-34.558872332018
106,111,-45.647487203838
106,112,-57.255467115043
106,113,-50.127429068816
106,114,-46.219216377307
106,115,12.505026754399
106,116,-2.586038263122
106,117,6.033442899730
106,118,6.133673929493
106,119,-42.338718912048
106,120,-55.181718610562
106,121,2.480337710171
106,122,-27.800936747532
106,123,-44.755694689848
106,124,-21.089197106245
106,125,-46.832658206142
106,126,-54.188693308875
106,127,-43.526854429205
106,128,-40.406647627249
106,129,-49.211007007143
106,130,-45.008228502084
106,131,-31.950918881055
106,132,2.174462094532
106,133,-45.881927357972
106,134,-10.212327378511
106,135,-40.162210879440
106,136,-58.985979812889
106,137,-9.377581517037
106,138,-53.116181311329
106,139,-32.920949760992
106,140,0.542438102006
106,141,-29.159198096037
106,142,23.737529427483
106,143,-36.765256094062
106,144,-13.594648658625
106,145,-22.895837804121
106,146,16.911254737061
106,147,-32.890913355579
106,148,-63.534408542662
106,149,-46.994229304670
106,150,-67.183560844118
106,151,-12.550264406906
106,152,-43.476199516350
106,153,-52.730602585856
106,154,19.274370425504
106,155,4.890683434853
106,156,-22.026916354633
106,157,-17.885678214276
106,158,-35.107843765065
106,159,-48.294220349708
106,160,20.469140379064
106,161,10.890788888515
106,162,13.301147786166
106,163,-1.749743642518
106,164,-3.005661596857
106,165,-52.901910501459
106,166,1.605829770146
106,167,4.532483124822
106,168,-25.971127637436
106,169,24.757817899852
106,170,-43.781499679302
106,171,-29.230275655806
106,172,-52.400869011632
106,173,0.523612099394
106,174,-30.311170390356
106,175,10.171509204818
106,176,9.713904227370
106,177,-31.597641616776
106,178,-47.274893221351
106,179,-26.294810092266
106,180,-1.387205754749
106,181,-48.228587993588
106,182,-27.117404708348
106,183,-49.337565130758
106,184,-53.957962909481
106,185,9.395651030296
106,186,17.680248655131
106,187,19.651200625223
106,188,-42.674065585583
106,189,-9.260831259446
106,190,-0.870578479036
106,191,-9.770805479355
106,192,-38.574640573825
106,193,-12.421976074504
106,194,-40.510538536102
106,195,-56.727861202198
106,196,2.973825213441
106,197,2.572537648819
106,198,-7.890073272822
106,199,9.513483563213
107,0,-27.033696220569
107,1,-1.217128869052
107,2,-49.488952914442
107,3,-65.255961899667
107,4,-55.750871091797
107,5,-46.472358233943
107,6,-54.747482965380
107,7,-59.858924876869
107,8,27.448166887363
107,9,-48.178706344697
107,10,-25.219577191776
107,11,-24.209767729779
107,12,-45.815949933196
107,13,-68.239673169723
107,14,-19.846954302666
107,15,-53.356526564865
107,16,-53.562962163705
107,17,-44.235411547867
107,18,-54.215816869910
107,19,6.140032068935
107,20,-49.212546855044
107,21,-52.106654721902
107,22,-48.654504401457
107,23,3.675002955810
107,24,-50.019879584404
107,25,-63.526176466294
107,26,0.693134377092
107,27,-12.849943292102
107,28,7.390820772816
107,29,-51.350166344004
107,30,-7.354435703841
107,31,21.680163074016
107,32,-55.215034907531
107,33,-13.316350114299
107,34,-46.153349072578
107,35,-67.916465335329
107,36,-18.590521055157
107,37,-65.145224345048
107,38,-56.181853313916
107,39,-61.724582737530
107,40,-59.111615347683
107,41,-50.970031868070
107,42,-8.822524593328
107,43,1.683611480876
107,44,-55.402392280361
107,45,-13.377144182683
107,46,-8.462428533319
107,47,-54.467472145814
107,48,-18.843277954293
107,49,-15.722487050043
107,50,-61.913970246329
107,51,-3.526314470429
107,52,-57.172393003726
107,53,-24.251506818749
107,54,-0.584664319045
107,55,-49.235196180220
107,56,-55.661695440394
107,57,-46.541582282174
107,58,-52.184709932779
107,59,-5.435828371585
107,60,-13.377499916824
107,61,4.229244669739
107,62,-34.406201130892
107,63,14.754506145910
107,64,-10.496280221327
107,65,19.199956509030
107,66,-63.379336268692
107,67,-62.366744521089
107,68,-39.360611677112
107,69,-6.727571430878
107,70,14.422330714828
107,71,-1.969462574700
107,72,-6.515078798489
107,73,-44.155001896201
107,74,-47.957555315639
107,75,0.348006538814
107,76,-45.616951494332
107,77,0.546335712977
107,78,-57.396587152951
107,79,-60.747819608405
107,80,-57.540786345337
107,81,-12.236066380588
107,82,-3.389688990115
107,83,10.807539138645
107,84,14.181974962667
107,85,-43.447085008578
107,86,-45.853695936603
107,87,0.254747801955
107,88,-36.726084707683
107,89,-56.458705593330
107,90,20.729635963224
107,91,-48.054009659834
107,92,-52.936107115551
107,93,-52.197196362002
107,94,-20.153542609980
107,95,-51.157398176168
107,96,-17.826157680749
107,97,-31.879255853608
107,98,-53.223186832613
107,99,-15.864538426438
107,100,7.939035240823
107,101,20.009555025084
107,102,-10.209530532578
107,103,4.885486586958
107,104,12.354750851344
107,105,-61.879043377325
107,106,41.904484282786
107,107,-57.530587959234
107,108,-18.110986855572
107,109,-58.535235791518
107,110,-38.793464798058
107,111,-49.882050994143
107,112,-61.490000887345
107,113,-54.361981273985
107,114,-50.453778689116
107,115,8.270312570035
107,116,-6.820713416913
107,117,1.798745453234
107,118,1.898976223769
107,119,-46.573291258923
107,120,-59.416257745477
107,121,-1.754350546813
107,122,-32.035546690327
107,123,-48.990260786348
107,124,-25.323824406609
107,125,-51.067218931581
107,126,-58.423235011716
107,127,-47.761423703523
107,128,-44.641224970546
107,129,-53.445561582172
107,130,-49.242793945530
107,131,-36.185518091508
107,132,-2.060225371359
107,133,-50.116490542016
107,134,-14.446982808702
107,135,-44.396788854865
107,136,-63.220509110193
107,137,-13.612239106078
107,138,-57.350725787648
107,139,-37.155546462847
107,140,-3.692245142964
107,141,-33.393804526197
107,142,19.502786191151
107,143,-40.999842854217
107,144,-17.829295341355
107,145,-27.130460432207
107,146,12.676529156437
107,147,-37.125510135113
107,148,-67.768926078104
107,149,-51.228789612287
107,150,-71.418068943247
107,151,-16.784913790645
107,152,-47.710768921665
107,153,-56.965148059273
107,154,15.039638732873
107,155,0.655988943923
107,156,-26.261541229898
107,157,-22.120313799518
107,158,-39.342434811413
107,159,-52.528777295542
107,160,16.234405596246
107,161,6.656078879183
107,162,9.066431542728
107,163,-5.984420959212
107,164,-7.240335665381
107,165,-57.136455531880
107,166,-2.628856225077
107,167,0.297789560318
107,168,-30.205742312362
107,169,20.523072024589
107,170,-48.016068295095
107,171,-33.464881902146
107,172,-56.635415337725
107,173,-3.711071096885
107,174,-34.545773841375
107,175,5.936801055810
107,176,5.479197261899
107,177,-35.832241740849
107,178,-51.509452803170
107,179,-30.529423930100
107,180,-5.621884009073
107,181,-52.463145109148
107,182,-31.352016418845
107,183,-53.572119378507
107,184,-58.192505208979
107,185,5.160944887946
107,186,13.445521085574
107,187,15.416467957948
107,188,-46.908637065237
107,189,-13.495489150439
107,190,-5.105258069518
107,191,-14.005462051427
107,192,-42.809222654789
107,193,-16.656625790027
107,194,-44.745115610727
107,195,-60.962396338866
107,196,-1.260864319862
107,197,-1.662150846627
107,198,-12.124734708937
107,199,5.278777116102
108,0,1.908348825622
108,1,27.725372491033
108,2,-20.547304746789
108,3,-36.314592388160
108,4,-26.809333594611
108,5,-17.530656751675
108,6,-25.805927734851
108,7,-30.917459982753
108,8,56.391174947006
108,9,-19.237035020087
108,10,3.722499918455
108,11,4.732327228608
108,12,-16.874236849668
108,13,-39.298356389241
108,14,9.095217767986
108,15,-24.414946751254
108,16,-24.621385998544
108,17,-15.293670530060
108,18,-25.274252242991
108,19,35.082663473841
108,20,-20.270893802270
108,21,-23.165052818600
108,22,-19.712841485984
108,23,32.617590788715
108,24,-21.078240800191
108,25,-34.584776384181
108,26,29.635669502670
108,27,16.092352451691
108,28,36.333474286825
108,29,-22.408551070817
108,30,21.587957175296
108,31,50.623069173198
108,32,-26.273487940271
108,33,15.625937385623
108,34,-17.211641952199
108,35,-38.975142842828
108,36,10.351673222976
108,37,-36.203852876475
108,38,-27.240323433667
108,39,-32.783150815594
108,40,-30.170137246161
108,41,-22.028409876526
108,42,20.119842336615
108,43,30.626164114023
108,44,-26.460848624360
108,45,15.565142242689
108,46,20.479944761493
108,47,-25.525911966528
108,48,10.098911856352
108,49,13.219757920888
108,50,-32.972541671472
108,51,25.416146073083
108,52,-28.230880629671
108,53,4.690587401907
108,54,28.357848220359
108,55,-20.293543527747
108,56,-26.720156367170
108,57,-17.599882023365
108,58,-23.243109408984
108,59,23.506598420026
108,60,15.564786502262
108,61,33.171842299438
108,62,-5.464286390175
108,63,43.697289822805
108,64,18.446057124260
108,65,48.142818766275
108,66,-34.437933591456
108,67,-33.425323948191
108,68,-10.418784501897
108,69,22.214832528429
108,70,43.365108520033
108,71,26.973025487299
108,72,22.427328916739
108,73,-15.213259457239
108,74,-19.015880082457
108,75,29.290535563960
108,76,-16.675234893730
108,77,29.488868243767
108,78,-28.455078741164
108,79,-31.806370423939
108,80,-28.599280482042
108,81,16.706240213673
108,82,25.552773968353
108,83,39.750253047387
108,84,43.124748519236
108,85,-14.505330057924
108,86,-16.911983520193
108,87,29.197275178674
108,88,-7.784210969308
108,89,-27.517180606003
108,90,49.672525260161
108,91,-19.112336131366
108,92,-23.994519871638
108,93,-23.255596058894
108,94,8.788624041728
108,95,-22.215779496066
108,96,11.116050107550
108,97,-2.937296450611
108,98,-24.281604662414
108,99,13.077704033705
108,100,36.881698445170
108,101,48.952431593352
108,102,18.732811881426
108,103,33.828095816410
108,104,41.297492109130
108,105,-32.937614185197
108,106,70.847747891705
108,107,-28.589081915692
108,108,10.831215898354
108,109,-29.593747503466
108,110,-9.851627598997
108,111,-20.940409773990
108,112,-32.548564819605
108,113,-25.420419230300
108,114,-21.512147573492
108,115,37.212981630109
108,116,22.121688896055
108,117,30.741300121481
108,118,30.841532663690
108,119,-17.631591560530
108,120,-30.474785027982
108,121,27.188141317463
108,122,-3.093590049692
108,123,-20.048603804949
108,124,3.618250861080
108,125,-22.125598657687
108,126,-29.481744744233
108,127,-18.819745003959
108,128,-15.699491125059
108,129,-24.503983342125
108,130,-20.301141427335
108,131,-7.243634799015
108,132,26.882261086343
108,133,-21.174853465272
108,134,14.495284707009
108,135,-15.455050689226
108,136,-34.279103625988
108,137,15.330043163929
108,138,-28.409216565342
108,139,-8.213680314890
108,140,25.250212467618
108,141,-4.451871892001
108,142,48.445653801427
108,143,-12.058044650956
108,144,11.112912391480
108,145,1.811582903705
108,146,41.619276102101
108,147,-8.183643456279
108,148,-38.827600978148
108,149,-22.287172193937
108,150,-42.476808334010
108,151,12.157312401745
108,152,-18.769089326837
108,153,-28.023632022501
108,154,43.982427449911
108,155,29.598523412926
108,156,2.680517463901
108,157,6.821818089644
108,158,-10.400607314936
108,159,-23.587182852658
108,160,45.177215432603
108,161,35.598719405796
108,162,38.009114675173
108,163,22.957996135694
108,164,21.702059230534
108,165,-28.194942522692
108,166,26.313620181645
108,167,29.240317697841
108,168,-1.263753330852
108,169,49.465957670152
108,170,-19.074394096060
108,171,-4.522950524195
108,172,-27.693893473457
108,173,25.231386180931
108,174,-5.603861567513
108,175,34.879428868378
108,176,34.421816985821
108,177,-6.890352204442
108,178,-22.567840345153
108,179,-1.587440669507
108,180,23.320539493900
108,181,-23.521549506309
108,182,-2.410047697165
108,183,-24.630543375191
108,184,-29.251010863729
108,185,34.103558986411
108,186,42.388281624255
108,187,44.359263336009
108,188,-17.966943293686
108,189,15.446795183154
108,190,23.837174565131
108,191,14.936813268272
108,192,-13.867456430569
108,193,12.285602669865
108,194,-15.803383601393
108,195,-32.020950946666
108,196,27.681636267160
108,197,27.280342647347
108,198,16.817573853143
108,199,34.221393297383
109,0,16.376980615125
109,1,42.194232381647
109,2,-6.078871347992
109,3,-21.846298283344
109,4,-12.340955517509
109,5,-3.062196702100
109,6,-11.337540793254
109,7,-16.449118198303
109,8,70.860288125397
109,9,-4.768590045649
109,10,18.191147736055
109,11,19.200983968105
109,12,-2.405771000878
109,13,-24.830088643481
109,14,23.563913054182
109,15,-9.946547521118
109,16,-10.152988592185
109,17,-0.825190717544
109,18,-10.805860604341
109,19,49.551588370952
109,20,-5.802457961508
109,21,-8.696642546318
109,22,-5.244400715092
109,23,47.086493905161
109,24,-6.609812091963
109,25,-20.116466997802
109,26,44.104546271898
109,27,30.561109559319
109,28,50.802410235789
109,29,-7.940134115233
109,30,36.056762838714
109,31,65.092131383833
109,32,-11.805105129286
109,33,30.094690372323
109,34,-2.743179084253
109,35,-24.506872241756
109,36,24.820379610188
109,37,-21.735557793370
109,38,-12.771949164096
109,39,-18.314825513204
109,40,-15.701788859616
109,41,-7.559989562586
109,42,34.588635028602
109,43,45.095049634896
109,44,-11.992467468597
109,45,30.033894692249
109,46,34.948740635133
109,47,-11.057522551142
109,48,24.567616010369
109,49,27.688489648295
109,50,-18.504218042210
109,51,39.884985560413
109,52,-13.762515111062
109,53,19.159243772629
109,54,42.826713699265
109,55,-5.825107887089
109,56,-12.251777502235
109,57,-3.131422585364
109,58,-8.774699826296
109,59,37.975421035531
109,60,30.033538948679
109,61,47.640750313076
109,62,9.004280262539
109,63,58.166290837282
109,64,32.914835027696
109,65,62.611859061311
109,66,-19.969622907833
109,67,-18.957004318923
109,68,4.049738378773
109,69,36.683643730568
109,70,57.834106599381
109,71,41.441878730504
109,72,36.896141996389
109,73,-0.744778934320
109,74,-4.547433154214
109,75,43.759409283724
109,76,-2.206767286836
109,77,43.957743715917
109,78,-13.986715203202
109,79,-17.338036492394
109,80,-14.130918218012
109,81,31.175002745200
109,82,40.021614662852
109,83,54.219219186321
109,84,57.593744474783
109,85,-0.036843280701
109,86,-2.443518004882
109,87,43.666148074415
109,88,6.684335187252
109,89,-13.048808782303
109,90,64.141579071736
109,91,-4.643890055268
109,92,-9.526116927256
109,93,-8.787186586516
109,94,23.257316619107
109,95,-7.747360837442
109,96,25.584763248189
109,97,11.531292527769
109,98,-9.813204254278
109,99,27.546434506032
109,100,51.350639238117
109,101,63.421479042147
109,102,33.201592318452
109,103,48.297009628506
109,104,55.766471919247
109,105,-18.469290247376
109,106,85.316988813465
109,107,-14.120719561564
109,108,25.299926522421
109,109,-15.125394024908
109,110,4.616900292371
109,111,-6.471979848095
109,112,-18.080237444810
109,113,-10.952028882952
109,114,-7.043722698625
109,115,51.681925350196
109,116,36.590499275226
109,117,45.210186659657
109,118,45.310420087480
109,119,-3.163132402675
109,120,-16.006439332799
109,121,41.656996461330
109,122,11.374997547857
109,123,-5.580166000364
109,124,18.086897757632
109,125,-7.657179202361
109,126,-15.013390276203
109,127,-4.351296342938
109,128,-1.231014897829
109,129,-10.035584898578
109,130,-5.832705853798
109,131,7.224916133433
109,132,41.351113527584
109,133,-6.706425610573
109,134,28.964027704053
109,135,-0.986572302456
109,136,-19.810791539225
109,137,29.798793536313
109,138,-13.940852622218
109,139,6.254862047390
109,140,39.719050488828
109,141,10.016703705267
109,142,62.914696772314
109,143,2.410463747292
109,144,25.581625504405
109,145,16.280213838276
109,146,56.088258755459
109,147,6.284899171369
109,148,-24.359329073675
109,149,-7.818754166030
109,150,-28.008568667006
109,151,26.626034742178
109,152,-4.300640218295
109,153,-13.555264672978
109,154,58.451430983841
109,155,44.067399853950
109,156,17.149156075531
109,157,21.290493290006
109,158,4.067915726322
109,159,-9.118776309675
109,160,59.646229523612
109,161,50.067648862641
109,162,52.478065429728
109,163,37.426813904036
109,164,36.170865902095
109,165,-13.726576686589
109,166,40.782467598634
109,167,43.709190973896
109,168,13.204850433176
109,169,63.935009656489
109,170,-4.605947684766
109,171,9.945624445092
109,172,-13.225523210902
109,173,39.700224035805
109,174,8.864703852065
109,175,49.348351969762
109,176,48.890736043868
109,177,7.578201849203
109,178,-8.099424796805
109,179,12.881160234756
109,180,37.789360465482
109,181,-9.053142383491
109,182,12.058545939413
109,183,-10.162146049726
109,184,-14.782654357317
109,185,48.572475232424
109,186,56.857271072455
109,187,58.828270199636
109,188,-3.498487098528
109,189,29.915546587079
109,190,38.306000101438
109,191,29.405560166349
109,192,0.601035982065
109,193,26.754326143775
109,194,-1.334908292010
109,195,-17.552618910777
109,196,42.150495771341
109,197,41.749198605874
109,198,31.286337368343
109,199,48.690310584549
110,0,23.777305310432
110,1,49.594673740001
110,2,1.321351879749
110,3,-14.446146297960
110,4,-4.940760584221
110,5,4.338040156268
110,6,-3.937341326193
110,7,-9.048941827008
110,8,78.260859028596
110,9,2.631639102488
110,10,25.591480628987
110,11,26.601321424161
110,12,4.994468823519
110,13,-17.429950139514
110,14,30.964270225071
110,15,-2.546341769048
110,16,-2.752783772885
110,17,6.575056248636
110,18,-3.405658734955
110,19,56.952062977085
110,20,1.597766515180
110,21,-1.296431146708
110,22,2.155826283139
110,23,54.486957371511
110,24,0.790408736771
110,25,-12.716307196606
110,26,51.504996262876
110,27,37.961498348988
110,28,58.202890494431
110,29,-0.539919297422
110,30,43.457176462391
110,31,72.492676219415
110,32,-4.404907774842
110,33,37.495077054329
110,34,4.657059215584
110,35,-17.106732277432
110,36,32.220742458732
110,37,-14.335405307625
110,38,-5.371756178189
110,39,-10.914657571710
110,40,-8.301609111666
110,41,-0.159773027131
110,42,41.989042018002
110,43,52.495504101928
110,44,-4.592270960726
110,45,37.434281099529
110,46,42.349149251808
110,47,-3.657321818857
110,48,31.967977716733
110,49,35.088865457168
110,50,-11.104050956448
110,51,47.285416483435
110,52,-6.362326600865
110,53,26.559581040077
110,54,50.227157915768
110,55,1.575116487264
110,56,-4.851582166018
110,57,4.268813960211
110,58,-1.374488779373
110,59,45.375843329406
110,60,37.433925354351
110,61,55.041216284102
110,62,16.404571643419
110,63,65.566804373892
110,64,40.315234453446
110,65,70.012392688091
110,66,-12.569462443156
110,67,-11.556839278972
110,68,11.450007372310
110,69,44.084060187044
110,70,65.234618634808
110,71,48.842316689013
110,72,44.296559413116
110,73,6.655468395198
110,74,2.852796993211
110,75,51.159857715036
110,76,5.193473436746
110,77,51.358193043496
110,78,-6.586527706007
110,79,-9.937864137493
110,80,-6.730731372372
110,81,38.575394308937
110,82,47.422046203297
110,83,61.619714885717
110,84,64.994255423982
110,85,7.363407247612
110,86,4.956721648952
110,87,51.066596084289
110,88,14.084616085311
110,89,-5.648617047336
110,90,71.542119611593
110,91,2.756339656320
110,92,-2.125909275521
110,93,-1.386975596011
110,94,30.657672404574
110,95,-0.347145148604
110,96,32.985129550798
110,97,18.931595327194
110,98,-2.412997899708
110,99,34.946809672983
110,100,58.751121974230
110,101,70.822016327736
110,102,40.601993040014
110,103,55.697478565176
110,104,63.166974610809
110,105,-11.069123003799
110,106,92.717625051424
110,107,-6.720532669846
110,108,32.700291537920
110,109,-7.725211672623
110,110,12.017171848638
110,111,0.928241603426
110,112,-10.680068443391
110,113,-3.551827674011
110,114,0.356496169530
110,115,59.082409583403
110,116,43.990915310795
110,117,52.610641646992
110,118,52.710875527766
110,119,4.237103999629
110,120,-8.606260961358
110,121,49.057435391951
110,122,18.775299641042
110,123,1.820059480735
110,124,25.487230179489
110,125,-0.256963106047
110,126,-7.613207417853
110,127,3.048934690712
110,128,6.169230234656
110,129,-2.635379548810
110,130,1.567518486219
110,131,14.625199474140
110,132,48.751551075940
110,133,0.693794781626
110,134,36.364409276815
110,135,6.413673934534
110,136,-12.410630356906
110,137,37.199178881216
110,138,-6.540664917797
110,139,13.655141004856
110,140,47.119480662004
110,141,17.416999660869
110,142,70.315231767665
110,143,9.810725333737
110,144,32.981991792833
110,145,23.680538096327
110,146,63.488762901208
110,147,13.685178264561
110,148,-16.959188442721
110,149,-0.418538799779
110,150,-20.608444524005
110,151,34.026405750046
110,152,3.099591044243
110,153,-6.155075226350
110,154,65.851945809038
110,155,51.467849677058
110,156,24.549484260038
110,157,28.690840187934
110,158,11.468184801997
110,159,-1.718566817421
110,160,67.046749748253
110,161,57.468125800871
110,162,59.878553260736
110,163,44.827233718817
110,164,43.571280041389
110,165,-6.326388014008
110,166,48.182902577319
110,167,51.109639178270
110,168,20.605160794767
110,169,71.335549262818
110,170,2.794282198265
110,171,17.345920079519
110,172,-5.825332274399
110,173,47.100654123904
110,174,16.264994602265
110,175,56.748825657465
110,176,56.291207663598
110,177,14.978486786247
110,178,-0.699210698738
110,179,20.281469133712
110,180,45.189781918569
110,181,-1.652932594683
110,182,19.458851121293
110,183,-2.761941271812
110,184,-7.382470456432
110,185,55.972945413931
110,186,64.257778693449
110,187,66.228786727814
110,188,3.901747788492
110,189,37.315932459569
110,190,45.706423889169
110,191,36.805943734304
110,192,8.001289392625
110,193,34.154697731363
110,194,6.065336371030
110,195,-10.152447525426
110,196,49.550936932050
110,197,49.149637953145
110,198,38.686729435183
110,199,56.090781298546
111,0,35.234511335148
111,1,61.052060376576
111,2,12.778400817486
111,3,-2.989207654042
111,4,6.516244549464
111,5,15.795110196261
111,6,7.519670826463
111,7,2.408034569933
111,8,89.718446219988
111,9,14.088697205894
111,10,37.048699344850
111,11,38.058547204433
111,12,16.451543455361
111,13,-5.973032366870
111,14,42.421526526858
111,15,8.910680113739
111,16,8.704236665821
111,17,18.032141937045
111,18,8.051357136843
111,19,68.409501086207
111,20,13.054817386481
111,21,10.160599479321
111,22,13.612881058158
111,23,65.944378234562
111,24,12.247453960488
111,25,-1.259356452661
111,26,62.962396264047
111,27,49.418803601366
111,28,69.660337354471
111,29,10.917116620483
111,30,54.914520161539
111,31,83.950223054228
111,32,7.052101107154
111,33,48.952379043731
111,34,16.114131487178
111,35,-5.649812243930
111,36,43.678007550370
111,37,-2.878465889095
111,38,6.085245940667
111,39,0.542305774637
111,40,3.155372512847
111,41,11.297265549940
111,42,53.446375446299
111,43,63.952911032698
111,44,6.864736610660
111,45,48.891582663622
111,46,53.806485199355
111,47,7.799692292545
111,48,43.425241040117
111,49,46.546150613329
111,50,0.352911065107
111,51,58.742786964562
111,52,5.094668588928
111,53,38.016806528351
111,54,61.684548977188
111,55,13.032167200123
111,56,6.605423591478
111,57,15.725883515952
111,58,10.082541300624
111,59,56.833200451321
111,60,48.891226915948
111,61,66.498641024788
111,62,27.861726092429
111,63,77.024302753205
111,64,51.772556172073
111,65,81.469922169992
111,66,-1.112510672043
111,67,-0.099880424641
111,68,22.907127162347
111,69,55.541408271791
111,70,76.692114690071
111,71,60.299698062125
111,72,55.753908984479
111,73,18.112554646104
111,74,14.309856643653
111,75,62.617255301615
111,76,16.650549460668
111,77,62.815592017629
111,78,4.870465915490
111,79,1.519106041473
111,80,4.726261240423
111,81,50.032703855999
111,82,58.879417640273
111,83,73.077185650363
111,84,76.451749797612
111,85,18.820498450725
111,86,16.413796016750
111,87,62.523993018411
111,88,25.541754305341
111,89,5.808383134870
111,90,82.999659795976
111,91,14.213398632026
111,92,9.331115548222
111,93,10.070054396645
111,94,42.114926561509
111,95,11.109892117776
111,96,44.442399989850
111,97,30.388767453805
111,98,9.044024915827
111,99,46.404093835365
111,100,70.208572669762
111,101,82.279551474036
111,102,52.059316764746
111,103,67.154907897115
111,104,74.624456200385
111,105,0.387839262075
111,106,104.175313390799
111,107,4.736460014290
111,108,44.157559984335
111,109,3.731773983782
111,110,23.474295606182
111,111,12.385287791301
111,112,0.776896543895
111,113,7.905187175333
111,114,11.813538357965
111,115,70.539862596677
111,116,55.448262743914
111,117,64.068049383270
111,118,64.168283965286
111,119,15.694173333548
111,120,2.850718532129
111,121,60.514818270021
111,122,30.232470674295
111,123,13.277111907009
111,124,36.944448166061
111,125,11.200074791173
111,126,3.843779022020
111,127,14.505995713174
111,128,17.626313084213
111,129,8.821641711147
111,130,13.024569145935
111,131,26.082341475747
111,132,60.208931814057
111,133,12.150839329515
111,134,47.821703356341
111,135,17.870758494035
111,136,-0.953677474776
111,137,48.656478800585
111,138,4.916329024512
111,139,25.112276220549
111,140,58.576849982259
111,141,28.874161192223
111,142,81.772763368332
111,143,21.267833656500
111,144,44.439262209933
111,145,35.137743444109
111,146,74.946246742082
111,147,25.142313690376
111,148,-5.502267377175
111,149,11.038497967202
111,150,-9.151548984286
111,151,45.483683473547
111,152,14.556652421052
111,153,5.301921413164
111,154,77.309446183266
111,155,62.925249418353
111,156,36.006695686563
111,157,40.148080585641
111,158,22.925304719189
111,159,9.738460855726
111,160,78.504258481640
111,161,68.925567520411
111,162,71.336011843930
111,163,56.284587002716
111,164,55.028624538791
111,165,5.130607427178
111,166,59.640279337196
111,167,62.567036413522
111,168,32.062344628735
111,169,82.793088001963
111,170,14.251341439383
111,171,28.803081113649
111,172,5.631666671681
111,173,58.558023312449
111,174,27.722148074870
111,175,68.206262344720
111,176,67.748641149316
111,177,26.435631259235
111,178,10.757824104912
111,179,31.738650703308
111,180,56.647137738815
111,181,9.804095537576
111,182,30.916026936291
111,183,8.695079102843
111,184,4.074517597444
111,185,67.430376673059
111,186,75.715267914522
111,187,77.686289738522
111,188,15.358814776533
111,189,48.773233195716
111,190,57.163783323791
111,191,48.263240902699
111,192,19.458385057878
111,193,45.611976352360
111,194,17.522418493827
111,195,1.304521152539
111,196,61.008323262649
111,197,60.607021476266
111,198,50.144039761115
111,199,67.548213382062
112,0,-38.776361481847
112,1,-12.959979284518
112,2,-61.231457138056
112,3,-76.998353055606
112,4,-67.493330409699
112,5,-58.214884090521
112,6,-66.489949478775
112,7,-71.601354735307
112,8,15.705110873198
112,9,-59.921219964490
112,10,-36.962255463375
112,11,-35.952453243459
112,12,-57.558480497115
112,13,-79.982042929492
112,14,-31.589671105459
112,15,-65.099003053103
112,16,-65.305437171548
112,17,-55.977953446411
112,18,-65.958287195994
112,19,-5.602871113580
112,20,-60.955053060847
112,21,-63.849140173268
112,22,-60.397014609152
112,23,-8.067882546915
112,24,-61.762380000597
112,25,-75.268580026583
112,26,-11.049729739076
112,27,-24.592710276578
112,28,-4.352091380715
112,29,-63.092657220346
112,30,-19.097242102005
112,31,9.937148431389
112,32,-66.957498068012
112,33,-25.059113753741
112,34,-57.895877216884
112,35,-79.658837412811
112,36,-30.333246868868
112,37,-76.887616295091
112,38,-67.924309541173
112,39,-73.466999217162
112,40,-70.854050565169
112,41,-62.712525470452
112,42,-20.565320462330
112,43,-10.059259739173
112,44,-67.144854097271
112,45,-25.119907386106
112,46,-20.205226984937
112,47,-66.209940667228
112,48,-30.586001955271
112,49,-27.465233432893
112,50,-73.656385367845
112,51,-15.269148324136
112,52,-68.914842127648
112,53,-35.994192033089
112,54,-12.327519270635
112,55,-60.977702223601
112,56,-67.404155397795
112,57,-58.284107642328
112,58,-63.927194824391
112,59,-17.178648530105
112,60,-25.120263117700
112,61,-7.513644808132
112,62,-46.148813519343
112,63,3.011541177424
112,64,-22.239064086178
112,65,7.456959655734
112,66,-75.121740881979
112,67,-74.109156395731
112,68,-51.103188534937
112,69,-18.470382324937
112,70,2.679368128840
112,71,-13.712307594324
112,72,-18.257891216555
112,73,-55.897544371393
112,74,-59.700070521380
112,75,-11.394855102037
112,76,-57.359483485336
112,77,-11.196527350323
112,78,-69.139034669141
112,79,-72.490243092492
112,80,-69.283232827460
112,81,-23.978837767754
112,82,-15.132523823711
112,83,-0.935397520683
112,84,2.439014100608
112,85,-55.189632560527
112,86,-57.596226229834
112,87,-11.488113170031
112,88,-48.468680459002
112,89,-68.201159835226
112,90,8.986628138278
112,91,-59.796524173864
112,92,-64.678586618713
112,93,-63.939681164069
112,94,-31.896257213986
112,95,-62.899890434892
112,96,-29.568888976355
112,97,-43.621886364250
112,98,-64.965664277057
112,99,-27.607283790516
112,100,-3.803880844658
112,101,8.266552364934
112,102,-21.952316453986
112,103,-6.857407597643
112,104,0.611803094856
112,105,-73.621458749301
112,106,30.161324576809
112,107,-69.273034514488
112,108,-29.853716108424
112,109,-70.277675142301
112,110,-50.536045723165
112,111,-61.624552398738
112,112,-73.232419049185
112,113,-66.104450551888
112,114,-62.196275993694
112,115,-3.472605891468
112,116,-18.563523642959
112,117,-9.944126592578
112,118,-9.843896540915
112,119,-58.315816391674
112,120,-71.158690778335
112,121,-13.497197109245
112,122,-43.778176080115
112,123,-60.732768586233
112,124,-37.066501930574
112,125,-62.809711837006
112,126,-70.165675165663
112,127,-59.503940315779
112,128,-56.383763958853
112,129,-65.188037431915
112,130,-60.985299934422
112,131,-47.928117719515
112,132,-13.803069740025
112,133,-61.858990265377
112,134,-26.189738339337
112,135,-56.139329596110
112,136,-74.962914862437
112,137,-25.355000623429
112,138,-69.093173632718
112,139,-48.898139134282
112,140,-15.435077806593
112,141,-45.136424175122
112,142,7.759787165807
112,143,-52.742407956364
112,144,-29.572026614456
112,145,-38.873124999525
112,146,0.933579092030
112,147,-48.868103021945
112,148,-79.511299213584
112,149,-62.971281359052
112,150,-83.160415910934
112,151,-28.527652553901
112,152,-59.453285897187
112,153,-68.707598669382
112,154,3.296671719298
112,155,-11.086874905828
112,156,-38.004212028834
112,157,-33.863014298251
112,158,-51.085011799594
112,159,-64.271259719761
112,160,4.491430013273
112,161,-5.086828004562
112,162,-2.676492628794
112,163,-17.727237183193
112,164,-18.983142881880
112,165,-68.878904913516
112,166,-14.371696515453
112,167,-11.445071720365
112,168,-41.948384824806
112,169,8.780065681232
112,170,-59.758583081217
112,171,-45.207501041332
112,172,-68.377868312404
112,173,-15.453903625494
112,174,-46.288385228872
112,175,-5.806100669084
112,176,-6.263701180942
112,177,-47.574843902381
112,178,-63.251942537223
112,179,-42.272064121222
112,180,-17.364702833183
112,181,-64.205628004034
112,182,-43.094650710642
112,183,-65.314594320684
112,184,-69.934947017522
112,185,-6.581951272310
112,186,1.702565505657
112,187,3.673498241587
112,188,-58.651159793109
112,189,-25.238251505107
112,190,-16.848080598902
112,191,-25.748220748610
112,192,-54.551774781103
112,193,-28.399365473349
112,194,-56.487653853990
112,195,-72.704818284197
112,196,-13.003714421648
112,197,-13.404998070328
112,198,-23.867506894567
112,199,-6.464119889271
113,0,24.127427259322
113,1,49.944801208338
113,2,1.671469028101
113,3,-14.096032520152
113,4,-4.590644774507
113,5,4.688157949502
113,6,-3.587225301977
113,7,-8.698826895481
113,8,78.610992625836
113,9,2.981756530942
113,10,25.941602965708
113,11,26.951443976774
113,12,5.344586757077
113,13,-17.079836999532
113,14,31.314393710411
113,15,-2.196225447486
113,16,-2.402667495458
113,17,6.925174520082
113,18,-3.055542597089
113,19,57.302192018411
113,20,1.947883722620
113,21,-0.946314557950
113,22,2.505943609875
113,23,54.837085885796
113,24,1.140525771625
113,25,-12.366193049027
113,26,51.855124139634
113,27,38.311623330243
113,28,58.553019803177
113,29,-0.189802546956
113,30,43.807302618574
113,31,72.842808583366
113,32,-4.054791850584
113,33,37.845201935874
113,34,5.007177077016
113,35,-16.756619068357
113,36,32.570866212685
113,37,-13.985291506149
113,38,-5.021640460611
113,39,-10.564543039007
113,40,-7.951494020388
113,41,0.190343804599
113,42,42.339167860307
113,43,52.845632190452
113,44,-4.242155076514
113,45,37.784405968072
113,46,42.699275171100
113,47,-3.307205734789
113,48,32.318101416655
113,49,35.438989824288
113,50,-10.753936464229
113,51,47.635543458062
113,52,-6.012211095032
113,53,26.909703583762
113,54,50.577285519328
113,55,1.925233689864
113,56,-4.501466337242
113,57,4.618931738645
113,58,-1.024372207314
113,59,45.725969895786
113,60,37.784050222821
113,61,55.391344916890
113,62,16.754692016169
113,63,65.916935257053
113,64,40.665359937906
113,65,70.362524521741
113,66,-12.219348264189
113,67,-11.206724883537
113,68,11.800126685892
113,69,44.434186477250
113,70,65.584749446949
113,71,49.192443996501
113,72,44.646685748754
113,73,7.005586683830
113,74,3.202914468937
113,75,51.509985518001
113,76,5.543591412847
113,77,51.708320888865
113,78,-6.236412248109
113,79,-9.587749395985
113,80,-6.380615945294
113,81,38.925519421442
113,82,47.772173207137
113,83,61.969844924984
113,84,65.344386184734
113,85,7.713525687584
113,86,5.306839574441
113,87,51.416723867318
113,88,14.434735962110
113,89,-5.298501388941
113,90,71.892251772304
113,91,3.106457111433
113,92,-1.775792864086
113,93,-1.036859026615
113,94,31.007795824371
113,95,0.002971643073
113,96,33.335253468169
113,97,19.281716240162
113,98,-2.062881549646
113,99,35.296934009741
113,100,59.101251400185
113,101,71.172148334488
113,102,40.952118585781
113,103,56.047607338274
113,104,63.517104980885
113,105,-10.719008504115
113,106,93.067761739716
113,107,-6.370417240592
113,108,33.050415394398
113,109,-7.375096458134
113,110,12.367291283466
113,111,1.278358667740
113,112,-10.329953860535
113,113,-3.201711567388
113,114,0.706613111623
113,115,59.432539080197
113,116,44.341041581087
113,117,52.960769760131
113,118,53.061003662333
113,119,4.587221771282
113,120,-8.256145935200
113,121,49.407562745422
113,122,19.125420520599
113,123,2.170176735701
113,124,25.837352493931
113,125,0.093153704911
113,126,-7.263092179419
113,127,3.399052208370
113,128,6.519348419344
113,129,-2.285263246282
113,130,1.917635687198
113,131,14.975319466503
113,132,49.101678364023
113,133,1.043911795823
113,134,36.714533916631
113,135,6.763792171478
113,136,-12.060516143989
113,137,37.549303699496
113,138,-6.190549450090
113,139,14.005260789840
113,140,47.469607601161
113,141,17.767120250050
113,142,70.665363666063
113,143,10.160844296879
113,144,33.332115709534
113,145,24.030660024531
113,146,63.838893340086
113,147,14.035298055962
113,148,-16.609075202105
113,149,-0.068422023360
113,150,-20.258332063459
113,151,34.376529890033
113,152,3.449708572727
113,153,-5.804959676221
113,154,66.202076753165
113,155,51.817977545870
113,156,24.899606374005
113,157,29.040963187254
113,158,11.818304119464
113,159,-1.368450318907
113,160,67.396880947832
113,161,57.818254952523
113,162,60.228682927736
113,163,45.177360167901
113,164,43.921406221962
113,165,-5.976272500491
113,166,48.533029743827
113,167,51.459766970504
113,168,20.955282065508
113,169,71.685681379364
113,170,3.144399661491
113,171,17.696040653507
113,172,-5.475216653773
113,173,47.450781059037
113,174,16.615114945176
113,175,57.098954655339
113,176,56.641336563633
113,177,15.328606854135
113,178,-0.349093982317
113,179,20.631590335259
113,180,45.539908445164
113,181,-1.302816082141
113,182,19.808972146981
113,183,-2.411824996336
113,184,-7.032355168674
113,185,56.323074245920
113,186,64.607909296741
113,187,66.578917752508
113,188,4.251865488455
113,189,37.666057302813
113,190,46.056550526220
113,191,37.156068468517
113,192,8.351407968956
113,193,34.504821898772
113,194,6.415454533511
113,195,-9.802332829793
113,196,49.901064391037
113,197,49.499765326334
113,198,39.036854571488
113,199,56.440910155732
114,0,15.200970189893
114,1,41.018203416803
114,2,-7.254865648421
114,3,-23.022281262231
114,4,-13.516945321498
114,5,-4.238193168647
114,6,-12.513531317731
114,7,-17.625105052495
114,8,69.684238573827
114,9,-5.944585286925
114,10,17.015136008093
114,11,18.024971514984
114,12,-3.581767938776
114,13,-26.006069479954
114,14,22.387897468063
114,15,-11.122539044387
114,16,-11.328979967213
114,17,-2.001188790389
114,18,-11.981851510587
114,19,48.375554122511
114,20,-6.978452460418
114,21,-9.872634967069
114,22,-6.420395614703
114,23,45.910461427018
114,24,-7.785806011154
114,25,-21.292451218746
114,26,42.928515935200
114,27,29.385088948482
114,28,49.626375089079
114,29,-9.116127079193
114,30,34.880738281354
114,31,63.916085974830
114,32,-12.981095318035
114,33,28.918670096427
114,34,-3.919175779869
114,35,-25.682853310303
114,36,23.644363121799
114,37,-22.911540851768
114,38,-13.947938658617
114,39,-19.490811027768
114,40,-16.877776250418
114,41,-8.735982799502
114,42,33.412611525535
114,43,43.919018586879
114,44,-13.168457522814
114,45,28.857874460009
114,46,33.772716873471
114,47,-12.233513276682
114,48,23.391599703493
114,49,26.512471100308
114,50,-19.680203420787
114,51,38.708958253912
114,52,-14.938503894322
114,53,17.983231349484
114,54,41.650684280219
114,55,-7.001102369730
114,56,-13.427767370260
114,57,-4.307419002209
114,58,-9.950692191000
114,59,36.799395100337
114,60,28.857518716693
114,61,46.464717436887
114,62,7.828275131491
114,63,56.990250402174
114,64,31.738812726617
114,65,61.435815433557
114,66,-21.145607234212
114,67,-20.132989372389
114,68,2.873736805435
114,69,35.507618723030
114,70,56.658066402837
114,71,40.265850305950
114,72,35.720116836252
114,73,-1.920777064908
114,74,-5.723428554287
114,75,42.583379194875
114,76,-3.382764367627
114,77,42.781713484641
114,78,-15.162703825481
114,79,-18.514022708317
114,80,-15.306906736747
114,81,29.998981693519
114,82,38.845587258234
114,83,53.043181585825
114,84,56.417704450854
114,85,-1.212841919616
114,86,-3.619514915677
114,87,42.490118052548
114,88,5.508331722092
114,89,-14.224798078023
114,90,62.965534345385
114,91,-5.819885386081
114,92,-10.702108752412
114,93,-9.963178942249
114,94,22.081301253158
114,95,-8.923353939819
114,96,24.408746210895
114,97,10.355285582140
114,98,-10.989195873284
114,99,26.370416060054
114,100,50.174603697698
114,101,62.245434832948
114,102,32.025569811442
114,103,47.120976281032
114,104,54.590433207588
114,105,-19.645275651033
114,106,84.140928879169
114,107,-15.296708087626
114,108,24.123909689675
114,109,-16.301381829573
114,110,3.440898311776
114,111,-7.647973866253
114,112,-19.256223127821
114,113,-12.128019684242
114,114,-8.219716306245
114,115,50.505889571868
114,116,35.414474334582
114,117,44.034155528956
114,118,44.134388884799
114,119,-4.339128796746
114,120,-17.182426504856
114,121,40.480967882300
114,122,10.198990714460
114,123,-6.756160658886
114,124,16.910886104532
114,125,-8.833172369486
114,126,-16.189378161289
114,127,-5.527291883853
114,128,-2.407012679265
114,129,-11.211576357913
114,130,-7.008700330982
114,131,6.048912280108
114,132,40.175085168215
114,133,-7.882419460388
114,134,27.788008240095
114,135,-2.162570259417
114,136,-20.986775979647
114,137,28.622773472896
114,138,-15.116841277420
114,139,5.078858890629
114,140,38.543023301492
114,141,8.840697847227
114,142,61.738652927073
114,143,1.234463351058
114,144,24.405608469366
114,145,15.104203482537
114,146,54.912219812708
114,147,5.108895993035
114,148,-25.535310248160
114,149,-8.994747217141
114,150,-29.184547221295
114,151,25.450016957140
114,152,-5.476635795581
114,153,-14.731253605052
114,154,57.275390343959
114,155,42.891369543926
114,156,15.973145095813
114,157,20.114479336422
114,158,2.891914139938
114,159,-10.294768427309
114,160,58.470188025669
114,161,48.891614243592
114,162,51.302029079648
114,163,36.250788362813
114,164,34.994841262793
114,165,-14.902565495657
114,166,39.606439647629
114,167,42.533160921113
114,168,12.028842285799
114,169,62.758965078487
114,170,-5.781943042821
114,171,8.769618638100
114,172,-14.401512379744
114,173,38.524196861988
114,174,7.688698821250
114,175,48.172317867276
114,176,47.714702270023
114,177,6.402197742187
114,178,-9.275417646386
114,179,11.705152319817
114,180,36.613334663904
114,181,-10.229134548259
114,182,10.882538615180
114,183,-11.338137418184
114,184,-15.958642408084
114,185,47.396441687131
114,186,55.681231577430
114,187,57.652229289124
114,188,-4.674483251802
114,189,28.739526439822
114,190,37.129973928852
114,191,28.229540385320
114,192,-0.574963114894
114,193,25.578308266617
114,194,-2.510905998846
114,195,-18.728604972632
114,196,40.974466837913
114,197,40.573169960626
114,198,30.110316236707
114,199,47.514276954629
115,0,-31.219373807347
115,1,-5.402872453204
115,2,-53.674573100077
115,3,-69.441541782842
115,4,-59.936475270995
115,5,-50.657986130551
115,6,-58.933089709382
115,7,-64.044518555384
115,8,23.262350018493
115,9,-52.364329879558
115,10,-29.405259416024
115,11,-28.395452535442
115,12,-50.001579507712
115,13,-72.425245426341
115,14,-24.032650261186
115,15,-57.542136864358
115,16,-57.748571935510
115,17,-48.421045162562
115,18,-58.401424972930
115,19,1.954269676215
115,20,-53.398167747226
115,21,-56.292268216261
115,22,-52.840126720090
115,23,-0.510753135030
115,24,-54.205498412906
115,25,-67.711760770952
115,26,-3.492614090610
115,27,-17.035657137654
115,28,3.205055182414
115,29,-55.535781772065
115,30,-11.540163598227
115,31,17.494360951838
115,32,-59.400640456399
115,33,-17.502062767526
115,34,-50.338977784639
115,35,-72.102038418081
115,36,-22.776220225576
115,37,-69.330804511286
115,38,-60.367456391476
115,39,-65.910171647221
115,40,-63.297210936398
115,41,-55.155648267821
115,42,-13.008248734637
115,43,-2.502139518976
115,44,-59.587997350325
115,45,-17.562856680495
115,46,-12.648153595190
115,47,-58.653079605567
115,48,-23.028976478570
115,49,-19.908193552241
115,50,-66.099558671929
115,51,-7.712052151212
115,52,-61.357993549333
115,53,-28.437191517711
115,54,-4.770409520075
115,55,-53.420817014507
115,56,-59.847299847541
115,57,-50.727210001838
115,58,-56.370323227609
115,59,-9.621561170781
115,60,-17.563212413726
115,61,0.043487161973
115,62,-38.591859871398
115,63,10.568721729855
115,64,-14.682000083812
115,65,15.014160727784
115,66,-67.564920948680
115,67,-66.552331789360
115,68,-43.546257752889
115,69,-10.913300927801
115,70,10.236547148001
115,71,-6.155204235525
115,72,-10.700808838636
115,73,-48.340635716442
115,74,-52.143179415805
115,75,-3.837741046569
115,76,-49.802581577533
115,77,-3.639412379438
115,78,-61.582187125481
115,79,-64.933411014805
115,80,-61.726385949281
115,81,-16.421781795456
115,82,-7.575427020180
115,83,6.621764813259
115,84,9.996192010331
115,85,-47.632720638401
115,86,-50.039325414640
115,87,-3.930999545017
115,88,-40.911737517956
115,89,-60.644307963215
115,90,16.543836271179
115,91,-52.239633513440
115,92,-57.121718489696
115,93,-56.382809624920
115,94,-24.339237784756
115,95,-55.343014096972
115,96,-22.011858805170
115,97,-36.064921053679
115,98,-57.408797472934
115,99,-20.050244565500
115,100,3.753268248896
115,101,15.823757174010
115,102,-14.395251128117
115,103,0.699727401494
115,104,8.168972570427
115,105,-66.064631892201
115,106,37.718630453441
115,107,-61.716187589249
115,108,-22.296687251859
115,109,-62.720832853534
115,110,-42.979112323592
115,111,-54.067670174962
115,112,-65.675590396655
115,113,-58.547589003385
115,114,-54.639396408493
115,115,4.084544731188
115,116,-11.006442675724
115,117,-2.387005840952
115,118,-2.286775326662
115,119,-50.758918897525
115,120,-63.601852555497
115,121,-5.940092757563
115,122,-36.221211490876
115,123,-53.175882246731
115,124,-29.509506364368
115,125,-55.252835082902
115,126,-62.608832360012
115,127,-51.947048305039
115,128,-48.826857547901
115,129,-57.631171654073
115,130,-53.428414760398
115,131,-40.371172283609
115,132,-6.245966800154
115,133,-54.302109123564
115,134,-18.632692571584
115,135,-48.582422057043
115,136,-67.406094196158
115,137,-17.797951002896
115,138,-61.536325877409
115,139,-41.341198175309
115,140,-7.877982399550
115,141,-37.579465854666
115,142,15.316989635692
115,143,-45.185484739734
115,144,-22.014996457750
115,145,-31.316137771631
115,146,8.490750052879
115,147,-41.311161924350
115,148,-71.954499537977
115,149,-55.414405350610
115,150,-75.603633075727
115,151,-20.970617576873
115,152,-51.896393652656
115,153,-61.150749134620
115,154,10.853853587854
115,155,-3.529759428820
115,156,-30.447220790549
115,157,-26.306003946527
115,158,-43.528080933655
115,159,-56.714389710884
115,160,12.048617396707
115,161,2.470315167171
115,162,4.880661668569
115,163,-10.170152355960
115,164,-11.426063851453
115,165,-61.322056169345
115,166,-6.814596200187
115,167,-3.887957896688
115,168,-34.391411790428
115,169,16.337272860656
115,170,-52.201692245697
115,171,-37.650543048920
115,172,-60.821017255912
115,173,-7.896808305348
115,174,-38.731432225097
115,175,1.751039182644
115,176,1.293436558612
115,177,-40.017896836012
115,178,-55.695067824068
115,179,-34.715092580736
115,180,-9.807616332626
115,181,-56.648757692259
115,182,-35.537682966693
115,183,-57.757729126912
115,184,-62.378103147050
115,185,0.975184998271
115,186,9.259740016030
115,187,11.230681849534
115,188,-51.094263846637
115,189,-17.681201345717
115,190,-9.290991713802
115,191,-18.191172943014
115,192,-46.994859915125
115,193,-20.842329904204
115,194,-48.930747922517
115,195,-65.147987196782
115,196,-5.446607792204
115,197,-5.847893293081
115,198,-16.310450408419
115,199,1.093016925188
116,0,30.853689099960
116,1,56.671169082816
116,2,8.397638645911
116,3,-7.369927653788
116,4,2.135499126758
116,5,11.414339956049
116,6,3.138922719991
116,7,-1.972699865022
116,8,85.337478242305
116,9,9.707931529745
116,10,32.667872257080
116,11,33.677717415529
116,12,12.070771459410
116,13,-10.353744386295
116,14,38.040685067775
116,15,4.529928286865
116,16,4.323485391105
116,17,13.651365713522
116,18,3.670607608321
116,19,64.028590111462
116,20,8.674054475588
116,21,5.779844309393
116,22,9.232116654646
116,23,61.563473854003
116,24,7.866693208998
116,25,-5.640081078956
116,26,58.581499860215
116,27,45.037943425588
116,28,65.279423033731
116,29,6.536359427155
116,30,50.533645285293
116,31,79.569270507243
116,32,2.671354251244
116,33,44.571520115584
116,34,11.733360393693
116,35,-10.030525127819
116,36,39.297162730414
116,37,-7.259186185023
116,38,1.704501670705
116,39,-3.838423670306
116,40,-1.225363920916
116,41,6.916507339854
116,42,49.065504497208
116,43,59.572011979275
116,44,2.483990255882
116,45,44.510723898093
116,46,49.425613287000
116,47,3.418943437129
116,48,39.044396896265
116,49,42.165298121523
116,50,-4.027817873284
116,51,54.361901847988
116,52,0.713926968361
116,53,33.635976851096
116,54,57.303655991556
116,55,8.651404349810
116,56,2.224677930251
116,57,11.345113460899
116,58,5.701786339472
116,59,52.452320442761
116,60,44.510368151372
116,61,62.117735161584
116,62,23.480923577670
116,63,72.643368733610
116,64,47.391689700278
116,65,77.088976258048
116,66,-5.493235691094
116,67,-4.480608152015
116,68,18.526337899762
116,69,51.160531718670
116,70,72.311181559096
116,71,55.918808780902
116,72,51.373031862946
116,73,13.731778207504
116,74,9.929090375976
116,75,58.236359821029
116,76,12.269776932451
116,77,58.434696006494
116,78,0.489724894571
116,79,-2.861626015983
116,80,0.345520605195
116,81,45.651842038111
116,82,54.498532158221
116,83,68.696262189485
116,84,72.070817309628
116,85,14.439720118608
116,86,12.033024121760
116,87,58.143097787295
116,88,21.160957995875
116,89,1.427639605405
116,90,78.618709791837
116,91,9.832632622347
116,92,4.950362596843
116,93,5.689299468890
116,94,37.734085922530
116,95,6.729134408844
116,96,40.061553125255
116,97,26.007958179856
116,98,4.663272732309
116,99,42.023241723538
116,100,65.827656882488
116,101,77.898603396257
116,102,47.678449525898
116,103,62.774000278405
116,104,70.243528600498
116,105,-3.992889769739
116,106,99.794306738273
116,107,0.355719351777
116,108,39.776713881649
116,109,-0.648963991611
116,110,19.093504826582
116,111,8.004526671160
116,112,-3.603833528476
116,113,3.524438037755
116,114,7.432778767048
116,115,66.158945923198
116,116,51.067386439950
116,117,59.687150021855
116,118,59.787384335745
116,119,11.313403363310
116,120,-1.530017086814
116,121,56.133928413365
116,122,25.851661818400
116,123,8.896348401562
116,124,32.563621357149
116,125,6.819316841036
116,126,-0.536959252939
116,127,10.125228920893
116,128,13.245537946146
116,129,4.440890122423
116,130,8.643806315944
116,131,21.701543720366
116,132,55.828042775633
116,133,7.770078836431
116,134,43.440847452606
116,135,13.489982702158
116,136,-5.334402918634
116,137,44.275620663931
116,138,0.535587880928
116,139,20.731481059825
116,140,54.195965309555
116,141,24.493355969469
116,142,77.391816646254
116,143,16.887048778524
116,144,40.058415353735
116,145,30.756921467750
116,146,70.565318281391
116,147,20.761518449304
116,148,-9.882980655668
116,149,6.657740449220
116,150,-13.532252502751
116,151,41.102833823679
116,152,10.175885493285
116,153,0.921179238285
116,154,72.928511400904
116,155,58.544353113888
116,156,31.625871385942
116,157,35.767245207629
116,158,18.544515407979
116,159,5.357706814852
116,160,74.123320503073
116,161,64.544655165191
116,162,66.955093040742
116,163,51.903708461650
116,164,50.647749357326
116,165,0.749865710488
116,166,55.259391819884
116,167,58.186141067272
116,168,27.681530878377
116,169,78.412138550426
116,170,9.870575328219
116,171,24.422276081008
116,172,1.250923614862
116,173,54.177138690102
116,174,23.341345933448
116,175,63.825351913641
116,176,63.367731942373
116,177,22.054832558897
116,178,6.377067337628
116,179,27.357837818752
116,180,52.266258227959
116,181,5.423341321162
116,182,26.535216252058
116,183,4.314327852619
116,184,-0.306221294639
116,185,63.049468317469
116,186,71.334337396664
116,187,73.305353948068
116,188,10.978045703261
116,189,44.392374746763
116,190,52.782902430947
116,191,43.882383817901
116,192,15.077605019615
116,193,41.231126359329
116,194,13.141643633644
116,195,-3.076210330997
116,196,56.627432085887
116,197,56.226131372969
116,198,45.763177645422
116,199,63.167304711264
117,0,-27.921444575630
117,1,-2.104891221541
117,2,-50.376689095261
117,3,-66.143689532713
117,4,-56.638603877800
117,5,-47.360096050186
117,6,-55.635216295355
117,7,-60.746655435774
117,8,26.560388991871
117,9,-49.066443235854
117,10,-26.107326530400
117,11,-25.097517615897
117,12,-46.703688105306
117,13,-69.127399185243
117,14,-20.734706554205
117,15,-54.244260648928
117,16,-54.450696135849
117,17,-45.123150576859
117,18,-55.103550488122
117,19,5.252265727329
117,20,-50.100283185719
117,21,-52.994389483560
117,22,-49.542241034665
117,23,2.787237950775
117,24,-50.907615477387
117,25,-64.413905037094
117,26,-0.194629011152
117,27,-13.737699337311
117,28,6.503053753004
117,29,-52.237901515786
117,30,-8.242194728671
117,31,20.792388306159
117,32,-56.102767984026
117,33,-14.204105906625
117,34,-47.041087061771
117,35,-68.804191526069
117,36,-19.478273987908
117,37,-66.032952038127
117,38,-57.069585866273
117,39,-62.612312285011
117,40,-59.999346311728
117,41,-51.857767245943
117,42,-9.710282822169
117,43,0.795847555586
117,44,-56.290125255291
117,45,-14.264899942049
117,46,-9.350186957403
117,47,-55.355205627595
117,48,-19.731030750001
117,49,-16.610241537797
117,50,-62.801699691139
117,51,-4.414075570865
117,52,-58.060125019074
117,53,-25.139256682240
117,54,-1.472427014458
117,55,-50.122932498612
117,56,-56.549428274746
117,57,-47.429320060888
117,58,-53.072444652120
117,59,-6.323588436688
117,60,-14.265255675993
117,61,3.341479364186
117,62,-35.293945488833
117,63,13.866735133357
117,64,-11.384037542673
117,65,18.312183086033
117,66,-64.267064919099
117,67,-63.254473720444
117,68,-40.248353348987
117,69,-7.615330795597
117,70,13.534559882391
117,71,-2.857224519270
117,72,-7.402838278416
117,73,-45.042740968791
117,74,-48.845292326696
117,75,-0.539756662292
117,76,-46.504689774330
117,77,-0.341427595667
117,78,-58.284319046754
117,79,-61.635549685416
117,80,-58.428518160974
117,81,-13.123822758629
117,82,-4.277450164635
117,83,9.919770266228
117,84,13.294204260557
117,85,-44.334824464968
117,86,-46.741434088253
117,87,-0.633015348591
117,88,-37.613827807880
117,89,-57.346437995599
117,90,19.841861710775
117,91,-48.941746618591
117,92,-53.823841427533
117,93,-53.084931074576
117,94,-21.041294695293
117,95,-52.045133452455
117,96,-18.713911027924
117,97,-32.767001581567
117,98,-54.110920988955
117,99,-16.752292837176
117,100,7.051267923765
117,101,19.121781163092
117,102,-11.097288009398
117,103,3.997720925574
117,104,11.466981139994
117,105,-62.766772841067
117,106,41.016698548330
117,107,-58.418319780394
117,108,-18.998740048315
117,109,-59.422967068036
117,110,-39.681206777415
117,111,-50.769786961850
117,112,-62.377730562002
117,113,-55.249714812955
117,114,-51.341514346866
117,115,7.382545073357
117,116,-7.708472731130
117,117,0.910981465517
117,118,1.011212181707
117,119,-47.461029020444
117,120,-60.303988544365
117,121,-2.642112608017
117,122,-32.923292333551
117,123,-49.877997237534
117,124,-26.211573688714
117,125,-51.954954256762
117,126,-59.310966348945
117,127,-48.649160820903
117,128,-45.528963779536
117,129,-54.333295617958
117,130,-50.130530259805
117,131,-37.073261484780
117,132,-2.947987266714
117,133,-51.004226382625
117,134,-15.334737988014
117,135,-45.284527796372
117,136,-64.108237846704
117,137,-14.499994737984
117,138,-58.238457706320
117,139,-38.043289330213
117,140,-4.580006153432
117,141,-34.281549433028
117,142,18.615012603950
117,143,-41.887583637377
117,144,-18.717048686827
117,145,-28.018208734808
117,146,11.788759270617
117,147,-38.013253018762
117,148,-68.656652348822
117,149,-52.116524849873
117,150,-72.305793235711
117,151,-17.672667702362
117,152,-48.598506066512
117,153,-57.852880186976
117,154,14.151867565721
117,155,-0.231774424181
117,156,-27.149290003603
117,157,-23.008064818488
117,158,-40.230176493147
117,159,-53.416511828349
117,160,15.346633781250
117,161,5.768312257766
117,162,8.178663614373
117,163,-6.872180726867
117,164,-8.128094752079
117,165,-58.024187566712
117,166,-3.516617812122
117,167,-0.589973613562
117,168,-31.093488947648
117,169,19.635297884153
117,170,-48.903805274429
117,171,-34.352626770436
117,172,-57.523147644191
117,173,-4.598832097145
117,174,-35.433518123653
117,175,5.049034824391
117,176,4.591431278604
117,177,-36.719985325646
117,178,-52.397187888593
117,179,-31.417170389890
117,180,-6.509643973288
117,181,-53.350879677542
117,182,-32.239762432655
117,183,-54.459853345688
117,184,-59.080236671296
117,185,4.273179077209
117,186,12.557750782784
117,187,14.528696586465
117,188,-47.796374644953
117,189,-14.383244845638
117,190,-5.993018313849
117,191,-14.893217470126
117,192,-43.696962456990
117,193,-17.544379771301
117,194,-45.632854363386
117,195,-61.850126299549
117,196,-2.148626648639
117,197,-2.549912957817
117,198,-13.012491147347
117,199,4.391011241474
118,0,31.485533759304
118,1,57.303023702530
118,2,9.029474642244
118,3,-6.738097739930
118,4,2.767332707386
118,5,12.046177116128
118,6,3.770756687700
118,7,-1.340867869163
118,8,85.969343922188
118,9,10.339768031539
118,10,33.299717616319
118,11,34.309563164352
118,12,12.702608872722
118,13,-9.721915623450
118,14,38.672532499797
118,15,5.161762791169
118,16,4.955319815774
118,17,14.283203736573
118,18,4.302441781139
118,19,64.660447569775
118,20,9.305890578551
118,21,6.411679295867
118,22,9.863952972883
118,23,62.195330361232
118,24,8.498529000506
118,25,-5.008250497813
118,26,59.213355216954
118,27,45.669793557128
118,28,65.911280974644
118,29,7.168194705468
118,30,51.165497537091
118,31,80.201133961549
118,32,3.303188038590
118,33,45.203370067182
118,34,12.365197676831
118,35,-9.398696240285
118,36,39.929010647174
118,37,-6.627356228448
118,38,2.336335085078
118,39,-3.206592394163
118,40,-0.593531636769
118,41,7.548342764814
118,42,49.697356182594
118,43,60.203867718170
118,44,3.115823970940
118,45,45.142573826233
118,46,50.057465111320
118,47,4.050777512857
118,48,39.676244715512
118,49,42.797147144796
118,50,-3.395986670206
118,51,54.993755576754
118,52,1.345760000608
118,53,34.267822583810
118,54,57.935510855285
118,55,9.283240444034
118,56,2.856511545280
118,57,11.976950594268
118,58,6.333621295838
118,59,53.084173434800
118,60,45.142218079374
118,61,62.749591882653
118,62,24.112765392725
118,63,73.275229515697
118,64,48.023540739901
118,65,77.720838755376
118,66,-4.861405053300
118,67,-3.848777123596
118,68,19.158177803445
118,69,51.792384212327
118,70,72.943042213017
118,71,56.550663110342
118,72,52.004884438582
118,73,14.363616261580
118,74,10.560926963088
118,75,58.868215044611
118,76,12.901614422524
118,77,59.066551306598
118,78,1.121557840328
118,79,-2.229794363033
118,80,0.977353495320
118,81,46.283692406498
118,82,55.130385939701
118,83,69.328121448685
118,84,72.702677870810
118,85,15.071558445779
118,86,12.664861520505
118,87,58.774952974891
118,88,21.792798915936
118,89,2.059472912973
118,90,79.250572879384
118,91,10.464469172250
118,92,5.582197263342
118,93,6.321134420432
118,94,38.365933236266
118,95,7.360969761525
118,96,40.693401336917
118,97,26.639800969795
118,98,5.295107288053
118,99,42.655090692009
118,100,66.459515034920
118,101,78.530466205964
118,102,48.310300676152
118,103,63.405857252677
118,104,70.875388456669
118,105,-3.361058553179
118,106,100.426177996254
118,107,0.987552245839
118,108,40.408561983415
118,109,-0.017131485110
118,110,19.725344949067
118,111,8.636362515841
118,112,-2.972002161834
118,113,4.156272154185
118,114,8.064614391165
118,115,66.790804203440
118,116,51.699238897672
118,117,60.319005805170
118,118,60.419240157731
118,119,11.945240484441
118,120,-0.898184920188
118,121,56.765782825802
118,122,26.483504548043
118,123,9.528184590279
118,124,33.195466676167
118,125,7.451152228503
118,126,0.094873296766
118,127,10.757065583668
118,128,13.877375812641
118,129,5.072724592377
118,130,9.275642407236
118,131,22.333384848971
118,132,56.459897070054
118,133,8.401914590671
118,134,44.072696967989
118,135,14.121820662949
118,136,-4.702572219569
118,137,44.907470501370
118,138,1.167420844380
118,139,21.363321814199
118,140,54.827818974307
118,141,25.125198175097
118,142,78.023679260434
118,143,17.518888049817
118,144,40.690263564182
118,145,31.388766089767
118,146,71.197178261711
118,147,21.393359215268
118,148,-9.251151711222
118,149,7.289575774361
118,150,-12.900424966007
118,151,41.734682437069
118,152,10.807722175603
118,153,1.553012350472
118,154,73.560372293003
118,155,59.176208456294
118,156,32.257716343185
118,157,36.399091762571
118,158,19.176355318676
118,159,5.989541638490
118,160,74.755181856170
118,161,65.176512822611
118,162,67.586951628153
118,163,52.535561242032
118,164,51.279601653150
118,165,1.381698756595
118,166,55.891245894920
118,167,58.817996271471
118,168,28.313374313948
118,169,79.044001558272
118,170,10.502411892761
118,171,25.054118259221
118,172,1.882756854255
118,173,54.808992347593
118,174,23.973187694661
118,175,64.457209293541
118,176,63.999589145715
118,177,22.686673823795
118,178,7.008902554495
118,179,27.989681129446
118,180,52.898111148214
118,181,6.055176170114
118,182,27.167059245403
118,183,4.946162273751
118,184,0.325611344073
118,185,63.681325398014
118,186,71.966197673690
118,187,73.937214985570
118,188,11.609882695026
118,189,45.024224629240
118,190,53.414755550526
118,191,44.514233503629
118,192,15.709443592874
118,193,41.862975022210
118,194,13.773481460063
118,195,-2.444378760825
118,196,57.259286688721
118,197,56.857985820978
118,198,46.395028056759
118,199,63.799161837276
119,0,-42.253686675234
119,1,-16.437359308671
119,2,-64.708734642452
119,3,-80.475597076627
119,4,-70.970594615908
119,5,-61.692168001209
119,6,-69.967215815828
119,7,-75.078610217526
119,8,12.227669963933
119,9,-63.398500251431
119,10,-40.439584509586
119,11,-39.429784434309
119,12,-61.035765801811
119,13,-83.459280614348
119,14,-35.067011562132
119,15,-68.576272344064
119,16,-68.782706024111
119,17,-59.455242107695
119,18,-69.435554662123
119,19,-9.080266763944
119,20,-64.432331152246
119,21,-67.326412118528
119,22,-63.874293885645
119,23,-11.545272961659
119,24,-65.239656377475
119,25,-78.745827720973
119,26,-14.527113820499
119,27,-28.070065593842
119,28,-7.829489687712
119,29,-66.569930772137
119,30,-22.574609091069
119,31,6.459719773709
119,32,-70.434763412151
119,33,-28.536468080420
119,34,-61.373161805051
119,35,-83.136075784023
119,36,-33.810589993998
119,37,-80.364860551272
119,38,-71.401572832132
119,39,-76.944250737433
119,40,-74.331307634384
119,41,-66.189799829524
119,42,-24.042684333333
119,43,-13.536645924309
119,44,-70.622119043532
119,45,-28.597261583673
119,46,-23.682591620745
119,47,-69.687207598923
119,48,-34.063344543589
119,49,-30.942582649281
119,50,-77.133636485931
119,51,-18.746523443762
119,52,-72.392103315062
119,53,-39.471523135297
119,54,-15.804900638097
119,55,-64.454980266899
119,56,-70.881419793383
119,57,-61.761391406006
119,58,-67.404466603890
119,59,-20.656019594098
119,60,-28.597617314503
119,61,-10.991036400053
119,62,-49.626123055212
119,63,-0.465872769972
119,64,-25.716424402322
119,65,3.979536266110
119,66,-78.598988888196
119,67,-77.586406552298
119,68,-54.580487548919
119,69,-21.947750645399
119,70,-0.798045113013
119,71,-17.189686020582
119,72,-21.735259988331
119,73,-59.374833203445
119,74,-63.177351277969
119,75,-14.872238450429
119,76,-60.836769212649
119,77,-14.673911119957
119,78,-72.616295380445
119,79,-75.967496687030
119,80,-72.760493232534
119,81,-27.456194388811
119,82,-18.609899233525
119,83,-4.412803084721
119,84,-1.038398630728
119,85,-58.666922895987
119,86,-61.073511454371
119,87,-14.965496320350
119,88,-51.945985068021
119,89,-71.678422538251
119,90,5.509201499561
119,91,-63.273804725621
119,92,-68.155856802499
119,93,-67.416952917054
119,94,-35.373597019519
119,95,-66.377164396057
119,96,-33.046233724868
119,97,-47.099201266741
119,98,-68.442933851191
119,99,-31.084632705206
119,100,-7.281280316049
119,101,4.789127255695
119,102,-25.429677379150
119,103,-10.334800583398
119,104,-2.865605755454
119,105,-77.098709941558
119,106,26.683852960698
119,107,-72.750294941223
119,108,-33.331060252007
119,109,-73.754933435535
119,110,-54.013345941610
119,111,-65.101829068328
119,112,-76.709671067612
119,113,-69.581717707610
119,114,-65.673551449116
119,115,-6.950006066480
119,116,-22.040891765588
119,117,-13.421513022251
119,118,-13.321283183475
119,119,-61.793100088013
119,120,-74.635947200608
119,121,-16.974575992383
119,122,-47.255490650678
119,123,-64.210047149689
119,124,-40.543830755385
119,125,-66.286985989682
119,126,-73.642933696749
119,127,-62.981221488895
119,128,-59.861051758307
119,129,-68.665306533796
119,130,-64.462577961582
119,131,-51.405423476557
119,132,-17.280447973506
119,133,-65.336266437087
119,134,-29.667090264709
119,135,-59.616617914682
119,136,-78.440163205945
119,137,-28.832354321676
119,138,-72.570434441419
119,139,-52.375442831231
119,140,-18.912452573801
119,141,-48.613735861072
119,142,4.282363132967
119,143,-56.219703489071
119,144,-33.049371356312
119,145,-42.350449987411
119,146,-2.543830441733
119,147,-52.345406782690
119,148,-82.988537898105
119,149,-66.448555168608
119,150,-86.637646846240
119,151,-32.004999513854
119,152,-62.930567177871
119,153,-72.184860296904
119,154,-0.180742833727
119,155,-14.564258908358
119,156,-41.481538862128
119,157,-37.340349926708
119,158,-54.562310852176
119,159,-67.748530768578
119,160,1.014012922555
119,161,-8.564224750990
119,162,-6.153894494746
119,163,-21.204607082029
119,164,-22.460510113277
119,165,-72.356166177247
119,166,-17.849073541205
119,167,-14.922454962099
119,168,-45.425703281457
119,169,5.302639481262
119,170,-63.235863713548
119,171,-48.684812576328
119,172,-71.855130640164
119,173,-18.931278352720
119,174,-49.765694468319
119,175,-9.283495887794
119,176,-9.741095427715
119,177,-51.052150409691
119,178,-66.729215750740
119,179,-45.749381890440
119,180,-20.842073502012
119,181,-67.682899192238
119,182,-46.571966732867
119,183,-68.791863153798
119,184,-73.412206038593
119,185,-10.059344843125
119,186,-1.774845661443
119,187,0.196082888178
119,188,-62.128442777284
119,189,-28.715605451318
119,190,-20.325452364996
119,191,-29.225573611708
119,192,-58.029066471201
119,193,-31.876712705765
119,194,-59.964941432816
119,195,-76.182071423063
119,196,-16.481094352908
119,197,-16.882377149290
119,198,-27.344863752078
119,199,-9.941513710364
120,0,-12.630450684650
120,1,13.186343761256
120,2,-35.085904893633
120,3,-50.853052558065
120,4,-41.347878148517
120,5,-32.069283679972
120,6,-40.344481196727
120,7,-45.455968066068
120,8,41.851891687569
120,9,-33.775646799331
120,10,-10.816315698496
120,11,-9.806497353988
120,12,-31.412869605607
120,13,-53.836790070847
120,14,-5.443645550295
120,15,-38.953512561915
120,16,-39.159949976478
120,17,-29.832317318185
120,18,-39.812810424941
120,19,20.543569418842
120,20,-34.809496403053
120,21,-37.703629725540
120,22,-34.251449041083
120,23,18.078518621180
120,24,-35.616836233465
120,25,-49.123251910576
120,26,15.096623811529
120,27,1.553427008854
120,28,21.794369125790
120,29,-36.947134693837
120,30,7.048982938606
120,31,36.083837131417
120,32,-40.812037251264
120,33,1.087016083919
120,34,-31.750271712684
120,35,-53.513579393744
120,36,-4.187201250759
120,37,-50.742314029470
120,38,-41.778864161373
120,39,-47.321642336043
120,40,-44.708651963927
120,41,-36.566996874368
120,42,5.580881134942
120,43,16.087109628323
120,44,-40.999396272018
120,45,1.026221480766
120,46,5.940980362568
120,47,-40.064467914301
120,48,-4.439960373238
120,49,-1.319142017288
120,50,-47.511031510585
120,51,10.877137846641
120,52,-42.769412563517
120,53,-9.848236810103
120,54,13.818813874896
120,55,-34.832145927445
120,56,-41.258701712766
120,57,-32.138508337084
120,58,-37.781685622962
120,59,8.967607148130
120,60,1.025865743497
120,61,18.632765210692
120,62,-20.003020444281
120,63,29.158119277236
120,64,3.907110783657
120,65,33.603608747551
120,66,-48.976410421456
120,67,-47.963809767687
120,68,-24.957474569354
120,69,7.675852725850
120,70,28.825940923984
120,71,12.434003437535
120,72,7.888347227454
120,73,-29.751906959253
120,74,-33.554493825090
120,75,14.751492937241
120,76,-31.213869416402
120,77,14.949823856055
120,78,-42.993608684643
120,79,-46.344870615845
120,80,-43.137809145344
120,81,2.167309320335
120,82,11.013764528805
120,83,25.211117548351
120,84,28.585583057393
120,85,-29.043983844924
120,86,-31.450615941023
120,87,14.658233380003
120,88,-22.322924426771
120,89,-42.055718875854
120,90,35.133301658629
120,91,-33.650949017669
120,92,-38.533089414748
120,93,-37.794172162008
120,94,-5.750236554471
120,95,-36.754364830471
120,96,-3.422831152733
120,97,-17.476052939855
120,98,-38.820171656851
120,99,-1.461194643234
120,100,22.342588416403
120,101,34.413214385793
120,102,4.193862994813
120,103,19.289012900772
120,104,26.758342871894
120,105,-47.476104334382
120,106,56.308336262577
120,107,-43.127610669537
120,108,-3.707662833018
120,109,-44.132267338224
120,110,-24.390322701722
120,111,-35.479006430913
120,112,-47.087058422607
120,113,-39.958976114613
120,114,-36.050739154620
120,115,22.673868659840
120,116,7.582709920476
120,117,16.202244613494
120,118,16.302476265744
120,119,-32.170217592735
120,120,-45.013297041201
120,121,12.649117357709
120,122,-17.632345151324
120,123,-34.587208379191
120,124,-10.920563830310
120,125,-36.664184792702
120,126,-44.020265573308
120,127,-33.358360487851
120,128,-30.238134310326
120,129,-39.042548362333
120,130,-34.839743759578
120,131,-21.782353055780
120,132,12.343239842463
120,133,-35.713448040835
120,134,-0.043626556057
120,135,-29.993696044628
120,136,-48.817581866009
120,137,0.791124489362
120,138,-42.947746915968
120,139,-22.752389959467
120,140,10.711205714470
120,141,-18.990614934512
120,142,33.906441093721
120,143,-26.596720164969
120,144,-3.425968840937
120,145,-12.727215747444
120,146,27.080124007676
120,147,-22.722353367528
120,148,-53.366038838860
120,149,-36.825756894526
120,150,-57.015213799190
120,151,-2.381578103435
120,152,-33.307705260449
120,153,-42.562165796233
120,154,29.443254372534
120,155,15.059478051597
120,156,-11.858288901953
120,157,-7.717025044331
120,158,-24.939297543773
120,159,-38.125756012014
120,160,30.638031746392
120,161,21.059620768698
120,162,23.469994635954
120,163,8.419009734731
120,164,7.163083980755
120,165,-42.733474775581
120,166,11.774603986662
120,167,14.701275517000
120,168,-15.802524678234
120,169,34.926735902809
120,170,-33.613007319218
120,171,-19.061692935662
120,172,-42.232430174503
120,173,10.692379594941
120,174,-20.142594382451
120,175,20.340336617912
120,176,19.882728798511
120,177,-21.429073597705
120,178,-37.106422554025
120,179,-16.126209143105
120,180,8.781549873980
120,181,-38.060123248346
120,182,-16.948808867455
120,183,-39.169107271831
120,184,-43.789533741190
120,185,19.564473624931
120,186,27.849122701671
120,187,29.820086912609
120,188,-32.505566348671
120,189,0.907875471989
120,190,9.298180358113
120,191,0.397898085044
120,192,-28.406115880600
120,193,-2.253288974345
120,194,-30.342025864309
120,195,-46.559449233609
120,196,13.142607925722
120,197,12.741317868953
120,198,2.278641971316
120,199,19.682306889641
121,0,35.095637590974
121,1,60.913184443227
121,2,12.639528977335
121,3,-3.128078157344
121,4,6.377373240248
121,5,15.656238100331
121,6,7.380799432169
121,7,2.269163609031
121,8,89.579567855755
121,9,13.949825254647
121,10,36.909825446841
121,11,37.919673220807
121,12,16.312671303771
121,13,-6.111902617195
121,14,42.282652173279
121,15,8.771808601516
121,16,8.565365171096
121,17,17.893269651438
121,18,7.912485697474
121,19,68.270624528974
121,20,12.915945522887
121,21,10.021727861116
121,22,13.474009147249
121,23,65.805501886367
121,24,12.108582165347
121,25,-1.398227102625
121,26,62.823520168713
121,27,49.279928654461
121,28,69.521460691169
121,29,10.778244938141
121,30,54.775644748632
121,31,83.811345179151
121,32,6.913229752507
121,33,48.813504136386
121,34,15.975259364197
121,35,-5.788682521656
121,36,43.539133090249
121,37,-3.017336401783
121,38,5.946374667998
121,39,0.403434971922
121,40,3.016501488586
121,41,11.158393835365
121,42,53.307500157884
121,43,63.814034853371
121,44,6.725865271903
121,45,48.752707761421
121,46,53.667609880402
121,47,7.660820874509
121,48,43.286366601431
121,49,46.407275910009
121,50,0.214040278450
121,51,58.603911227030
121,52,4.955797400246
121,53,37.877932548261
121,54,61.545672990214
121,55,12.893295338457
121,56,6.466552274702
121,57,15.587011425894
121,58,9.943669689041
121,59,56.694324875716
121,60,48.752352013784
121,61,66.359764629589
121,62,27.722852973391
121,63,76.885425465443
121,64,51.633681025589
121,65,81.331044505241
121,66,-1.251381334456
121,67,-0.238751172910
121,68,22.768254463408
121,69,55.402532805725
121,70,76.553237430482
121,71,60.160822192578
121,72,55.615033500399
121,73,17.973682353688
121,74,14.170984673648
121,75,62.478379235552
121,76,16.511677292212
121,77,62.676715934744
121,78,4.731594745819
121,79,1.380235155935
121,80,4.587390082976
121,81,49.893828857043
121,82,58.740541891159
121,83,72.938308697318
121,84,76.312872558403
121,85,18.681626098281
121,86,16.274923868361
121,87,62.385116960249
121,88,25.402881383008
121,89,5.669511885673
121,90,82.860782001502
121,91,14.074526670207
121,92,9.192244000347
121,93,9.931182786117
121,94,41.976052233927
121,95,10.971020419092
121,96,44.303525464915
121,97,30.249894120498
121,98,8.905153392298
121,99,46.265219144094
121,100,70.069695959974
121,101,82.140673740629
121,102,51.920441593946
121,103,67.016031446270
121,104,74.485579116132
121,105,0.248968472457
121,106,104.036433800567
121,107,4.597588855977
121,108,44.018685483548
121,109,3.592902910648
121,110,23.335422859149
121,111,12.246415984475
121,112,0.638025721288
121,113,7.766315748355
121,114,11.674666599618
121,115,70.400985858789
121,116,55.309387285750
121,117,63.929173194178
121,118,64.029407767695
121,119,15.555301246175
121,120,2.711847533697
121,121,60.375942382234
121,122,30.093597354244
121,123,13.138240024571
121,124,36.805574276899
121,125,11.061203084835
121,126,3.704907939391
121,127,14.367123726537
121,128,17.487440833022
121,129,8.682770206477
121,130,12.885697284910
121,131,25.943468507583
121,132,60.070055952208
121,133,12.011967542567
121,134,47.682828544865
121,135,17.731886222115
121,136,-1.092548150657
121,137,48.517603918328
121,138,4.777457850949
121,139,24.973403334632
121,140,58.437974258799
121,141,28.735287987343
121,142,81.633885677904
121,143,21.128961096547
121,144,44.300387685260
121,145,34.998869708135
121,146,74.807369630536
121,147,25.003440801913
121,148,-5.641137667408
121,149,10.899626274564
121,150,-9.290418965131
121,151,45.344808860318
121,152,14.417780430122
121,153,5.163050206909
121,154,77.170568871326
121,155,62.786373326162
121,156,35.867821876913
121,157,40.009206424831
121,158,22.786432018707
121,159,9.599589273312
121,160,78.365381068383
121,161,68.786690919420
121,162,71.197135038536
121,163,56.145711473633
121,164,54.889749116206
121,165,4.991736235446
121,166,59.501403523565
121,167,62.428160351716
121,168,31.923471153525
121,169,82.654210225010
121,170,14.112469474348
121,171,28.664207914793
121,172,5.492795437465
121,173,58.419147590590
121,174,27.583274967670
121,175,68.067385804716
121,176,67.609764648121
121,177,26.296758261109
121,178,10.618952436074
121,179,31.599777255542
121,180,56.508262178992
121,181,9.665223949603
121,182,30.777153558280
121,183,8.556207608897
121,184,3.935646495258
121,185,67.291500198851
121,186,75.576390737762
121,187,77.547412394626
121,188,15.219942717595
121,189,48.634358303556
121,190,57.024907720159
121,191,48.124366053780
121,192,19.319512651353
121,193,45.473101728254
121,194,17.383546251440
121,195,1.165650285198
121,196,60.869447333011
121,197,60.468145580657
121,198,50.005164752722
121,199,67.409336897865
122,0,-20.308762918554
122,1,5.507910465742
122,2,-42.764111834324
122,3,-58.531185570340
122,4,-49.026055727962
122,5,-39.747504765211
122,6,-48.022663480879
122,7,-53.134126383666
122,8,34.173323962954
122,9,-41.453859883644
122,10,-18.494636439100
122,11,-17.484822829763
122,12,-39.091093768700
122,13,-61.514909093399
122,14,-13.121991484222
122,15,-46.631701368045
122,16,-46.838137814666
122,17,-37.510548892336
122,18,-47.490995201995
122,19,12.865101621996
122,20,-42.487704639781
122,21,-45.381824392141
122,22,-41.929659894413
122,23,10.400062384128
122,24,-43.295040684701
122,25,-56.801393033333
122,26,7.418181557907
122,27,-6.124951735968
122,28,14.115895463321
122,29,-44.625332907512
122,30,-0.629421576552
122,31,28.405296457255
122,32,-48.490217343147
122,33,-6.591360473780
122,34,-39.428494293730
122,35,-61.191699931718
122,36,-11.865553076401
122,37,-58.420447560959
122,38,-49.457039720015
122,39,-54.999791906012
122,40,-52.386813785502
122,41,-44.245196870448
122,42,-2.097516495807
122,43,8.408662729889
122,44,-48.677575485417
122,45,-6.652154791853
122,46,-1.737418956800
122,47,-47.742651511384
122,48,-12.118311013634
122,49,-8.997507291897
122,50,-55.189180192567
122,51,3.198715379898
122,52,-50.447583477704
122,53,-17.526562090163
122,54,6.140377613468
122,55,-42.510354057973
122,56,-48.936879710338
122,57,-39.816729097736
122,58,-45.459879923568
122,59,1.289193635872
122,60,-6.652510527456
122,61,10.954306374522
122,62,-27.681298107702
122,63,21.479611082119
122,64,-3.771278998269
122,65,25.925079704801
122,66,-56.654552232707
122,67,-55.641956326726
122,68,-32.635729001355
122,69,-0.002554728911
122,70,21.147434286635
122,71,4.755573670045
122,72,0.209938776236
122,73,-37.430138910437
122,74,-41.232707946358
122,75,7.073052302090
122,76,-38.892094512579
122,77,7.271382290848
122,78,-50.671778547628
122,79,-54.023024765629
122,80,-50.815978332204
122,81,-5.511072303147
122,82,3.335341421371
122,83,17.532627862958
122,84,20.907077547228
122,85,-36.722219115502
122,86,-39.128839927129
122,87,6.979793182181
122,88,-30.001191212134
122,89,-49.733893136385
122,90,27.454765442155
122,91,-41.329162686670
122,92,-46.211280192161
122,93,-45.472366404072
122,94,-13.428581050728
122,95,-44.432563948016
122,96,-11.101186562664
122,97,-25.154342452333
122,98,-46.498361088190
122,99,-9.139559251722
122,100,14.664112183054
122,101,26.734681546273
122,102,-3.484528131776
122,103,11.610550987149
122,104,19.079845930704
122,105,-55.154253180124
122,106,48.629700739868
122,107,-50.805779904222
122,108,-11.386016907316
122,109,-51.810431862315
122,110,-32.068579793078
122,111,-43.157211528407
122,112,-54.765209092475
122,113,-47.637160206323
122,114,-43.728941571346
122,115,14.995390872951
122,116,-0.095697097502
122,117,8.523797175141
122,118,8.624028357357
122,119,-39.848438204703
122,120,-52.691457434375
122,121,4.970686581459
122,122,-25.310633930938
122,123,-42.265417658200
122,124,-18.598884082079
122,125,-44.342384333082
122,126,-51.698430622549
122,127,-41.036575528764
122,128,-37.916363981632
122,129,-46.720736750991
122,130,-42.517951854483
122,131,-29.460622375889
122,132,4.664810500595
122,133,-43.391652039070
122,134,-7.721997811874
122,135,-37.671926862087
122,136,-56.495724421962
122,137,-6.887250680826
122,138,-50.625916993988
122,139,-30.430654731070
122,140,3.032784025847
122,141,-26.668897345138
122,142,26.227910630798
122,143,-34.274966910612
122,144,-11.104324236156
122,145,-20.405527527604
122,146,19.401625557475
122,147,-30.400618279971
122,148,-61.044160068603
122,149,-44.503955677326
122,150,-64.693317919329
122,151,-10.059938396036
122,152,-40.985920538871
122,153,-50.240337682153
122,154,21.764744840249
122,155,7.381035972168
122,156,-19.536604756613
122,157,-15.395360317969
122,158,-32.617552061005
122,159,-45.803948699344
122,160,22.959516611074
122,161,13.381150551832
122,162,15.791513115611
122,163,0.740598795041
122,164,-0.515321069455
122,165,-50.411645858272
122,166,4.096177311352
122,167,7.022835117335
122,168,-23.480822037985
122,169,27.248200655056
122,170,-41.291221166117
122,171,-26.739975012999
122,172,-49.910603606484
122,173,3.013957994597
122,174,-27.820871391406
122,175,12.661869774121
122,176,12.204264100670
122,177,-29.107344574339
122,178,-44.784620020830
122,179,-23.804504985084
122,180,1.103137234219
122,181,-45.738316243420
122,182,-24.627100852209
122,183,-46.847295067077
122,184,-51.467699872272
122,185,11.886010419541
122,186,20.170620645193
122,187,22.141575613132
122,188,-40.183785388232
122,189,-6.770500245671
122,190,1.619765295683
122,191,-7.280475241198
122,192,-36.084354142098
122,193,-9.931649868522
122,194,-38.020255048476
122,195,-54.237602377289
122,196,5.464174835295
122,197,5.062886660337
122,198,-5.399740174238
122,199,12.003843131672
123,0,-37.374287405662
123,1,-11.557883100511
123,2,-59.829402290132
123,3,-75.596311708214
123,4,-66.091280923618
123,5,-56.812826659574
123,6,-65.087899133534
123,7,-70.199308766758
123,8,17.107231606155
123,9,-58.519163994642
123,10,-35.560179833730
123,11,-34.550376749095
123,12,-56.156422504100
123,13,-78.580004136857
123,14,-30.187590875103
123,15,-63.696951516846
123,16,-63.903385812053
123,17,-54.575894100017
123,18,-64.556236395510
123,19,-4.200768629067
123,20,-59.552997976250
123,21,-62.447087566790
123,22,-58.994959046715
123,23,-6.665782173404
123,24,-60.360325607289
123,25,-73.866537198090
123,26,-9.647631919172
123,27,-23.190624054419
123,28,-2.949987825043
123,29,-61.690603966119
123,30,-17.695151173764
123,31,11.339264224487
123,32,-65.555448123123
123,33,-23.657027930982
123,34,-56.493819512783
123,35,-78.256798343435
123,36,-28.931165562586
123,37,-75.485574852886
123,38,-66.522260424121
123,39,-72.064954846064
123,40,-69.452003956736
123,41,-61.310471890734
123,42,-19.163230791295
123,43,-8.657161071053
123,44,-65.742804312809
123,45,-23.717821615413
123,46,-18.803137005532
123,47,-64.807890082229
123,48,-29.183920865435
123,49,-26.063149670612
123,50,-72.254341158914
123,51,-13.867054117640
123,52,-67.512793858754
123,53,-34.592115574465
123,54,-10.925422545006
123,55,-59.575647158395
123,56,-66.002105835352
123,57,-56.882050270651
123,58,-62.525142284750
123,59,-15.776555958844
123,60,-23.718177347313
123,61,-6.111543959982
123,62,-44.746745756296
123,63,4.413651039315
123,64,-20.836975848462
123,65,8.859073324747
123,66,-73.719697927751
123,67,-72.707112574484
123,68,-49.701125014326
123,69,-17.068290859876
123,70,4.081477706255
123,71,-12.310212054595
123,72,-16.855799569523
123,73,-54.495484956147
123,74,-58.298014362161
123,75,-9.992757577689
123,76,-55.957425321925
123,77,-9.794429656133
123,78,-67.736986592216
123,79,-71.088197885052
123,80,-67.881184874001
123,81,-22.576751019900
123,82,-13.730429500218
123,83,0.466708961038
123,84,3.841123472186
123,85,-53.787572539099
123,86,-56.194168269139
123,87,-10.086015725552
123,88,-47.066614682466
123,89,-66.799110955231
123,90,10.388743117335
123,91,-58.394468097242
123,92,-63.276534722470
123,93,-62.537628635124
123,94,-30.494177246168
123,95,-61.497837015610
123,96,-28.166807015528
123,97,-42.219816437369
123,98,-63.563612626625
123,99,-26.205200149881
123,100,-2.401776819504
123,101,9.668666727302
123,102,-20.550227970714
123,103,-5.455306187505
123,104,2.013910901602
123,105,-72.219414510466
123,106,31.563457690798
123,107,-67.870986552298
123,108,-28.451634391502
123,109,-68.875628040340
123,110,-49.133981716914
123,111,-60.222497887415
123,112,-71.830374477227
123,113,-64.702399876565
123,114,-60.794221971919
123,115,-2.070501582610
123,116,-17.161432257657
123,117,-8.542027825861
123,118,-8.441797688363
123,119,-56.913759047158
123,120,-69.756644430752
123,121,-12.095101385297
123,122,-42.376106287069
123,123,-59.330713311298
123,124,-35.664426390198
123,125,-61.407658340504
123,126,-68.763627967804
123,127,-58.101883988631
123,128,-54.981704959944
123,129,-63.785985971896
123,130,-59.583244875721
123,131,-46.526051480098
123,132,-12.400974278018
123,133,-60.456935954797
123,134,-24.787653484789
123,135,-54.737270387901
123,136,-73.560871772221
123,137,-23.952915054055
123,138,-67.691125516525
123,139,-47.496073725488
123,140,-14.032983742196
123,141,-43.734355545159
123,142,9.161901094172
123,143,-51.340345839410
123,144,-28.169944656314
123,145,-37.471051006207
123,146,2.335687174345
123,147,-47.466037587437
123,148,-78.109260017882
123,149,-61.569228000895
123,150,-81.758379839725
123,151,-27.125569701420
123,152,-58.051229526653
123,153,-67.305550223035
123,154,4.698781825376
123,155,-9.684777117742
123,156,-36.602137291440
123,157,-32.460936014635
123,158,-49.682948263420
123,159,-62.869207474738
123,160,5.893541142563
123,161,-3.684725078114
123,162,-1.274387638143
123,163,-16.325145081726
123,164,-17.581051855923
123,165,-67.476856613852
123,166,-12.969601540404
123,167,-10.042974239026
123,168,-40.546313464889
123,169,10.182180483382
123,170,-58.356526972108
123,171,-43.805432472232
123,172,-66.975819583720
123,173,-14.051809577220
123,174,-44.886317585348
123,175,-4.403998358612
123,176,-4.861599262360
123,177,-46.172777360451
123,178,-61.849889419384
123,179,-40.869993038468
123,180,-15.962610421251
123,181,-62.803575702812
123,182,-41.692580332288
123,183,-63.912542969032
123,184,-68.532899622100
123,185,-5.179849626271
123,186,3.104674246533
123,187,5.075608670391
123,188,-57.249102735739
123,189,-23.836165835753
123,190,-15.445987744555
123,191,-24.346135515967
123,192,-53.149714213490
123,193,-26.997282511009
123,194,-55.085594944045
123,195,-71.302773260490
123,196,-11.601618275097
123,197,-12.002902267421
123,198,-22.465420051376
123,199,-5.062018142329
124,0,-6.354257136220
124,1,19.462636261989
124,2,-28.809797408874
124,3,-44.577005500279
124,4,-35.071794662806
124,5,-25.793164633862
124,6,-34.068393865513
124,7,-39.179900324430
124,8,48.128294066810
124,9,-27.499534292954
124,10,-4.540115196942
124,11,-3.530292982032
124,12,-25.136748043755
124,13,-47.560754447855
124,14,0.832575543558
124,15,-32.677419899825
124,16,-32.883858105561
124,17,-23.556189698742
124,18,-33.536721056109
124,19,26.819890119972
124,20,-28.533387858944
124,21,-31.427532273265
124,22,-27.975338358236
124,23,24.354829873664
124,24,-29.340730783522
124,25,-42.847198223513
124,26,21.372923634350
124,27,7.829674921406
124,28,28.070694621318
124,29,-30.671034342289
124,30,13.325251915092
124,31,42.360217400390
124,32,-34.535951711950
124,33,7.363262208775
124,34,-25.474151443945
124,35,-47.237542532093
124,36,2.089024658817
124,37,-44.466266547293
124,38,-35.502782327399
124,39,-41.045581744467
124,40,-38.432581358247
124,41,-30.290895065933
124,42,11.857144484311
124,43,22.363413247695
124,44,-34.723311450754
124,45,7.302467372603
124,46,12.217245092164
124,47,-33.788379509941
124,48,1.836264567566
124,49,4.957094885096
124,50,-41.234971644830
124,51,17.153421496245
124,52,-36.493334525789
124,53,-3.572032598124
124,54,20.095108799876
124,55,-28.556037470145
124,56,-34.982617885289
124,57,-25.862389556285
124,58,-31.505588469838
124,59,15.243883478579
124,60,7.302111633966
124,61,24.909078587618
124,62,-13.726855152781
124,63,35.434472998764
124,64,10.183367717611
124,65,39.879979509336
124,66,-42.700356171634
124,67,-41.687751637168
124,68,-18.681328266553
124,69,13.952124105082
124,70,35.102293372220
124,71,18.710293054559
124,72,14.164619421172
124,73,-23.475779031629
124,74,-27.278380471136
124,75,21.027791437176
124,76,-24.937747091863
124,77,21.226123116197
124,78,-36.717531506139
124,79,-40.068806280869
124,80,-36.861732519479
124,81,8.443559585823
124,82,17.290048702096
124,83,31.487456140552
124,84,34.861934584311
124,85,-22.767853204117
124,86,-25.174494523832
124,87,20.934531522478
124,88,-16.046768026681
124,89,-35.779638102918
124,90,41.409678284006
124,91,-27.374836033385
124,92,-32.256995141390
124,93,-31.518075056745
124,94,0.525983364285
124,95,-30.478263740129
124,96,2.853397686551
124,97,-11.199877963278
124,98,-32.544078483734
124,99,4.815041714683
124,100,28.618916013293
124,101,40.689588250942
124,102,10.470121027865
124,103,25.565328793127
124,104,33.034687394778
124,105,-41.200044334772
124,106,62.584794058028
124,107,-36.851534004592
124,108,2.568564914553
124,109,-37.856194523578
124,110,-18.114174225237
124,111,-29.202900452721
124,112,-40.810996932007
124,113,-33.682887305957
124,114,-29.774635367612
124,115,28.950197526552
124,116,13.858980942707
124,117,22.478548674182
124,118,22.578780710610
124,119,-25.894098933466
124,120,-38.737227603058
124,121,18.925407799259
124,122,-11.356170773768
124,123,-28.311098983162
124,124,-4.644363728308
124,125,-30.388083356738
124,126,-37.744192329425
124,127,-27.082246382204
124,128,-23.962008246206
124,129,-32.766456041478
124,130,-28.563635331397
124,131,-15.506194583868
124,132,18.619529111587
124,133,-29.437342961159
124,134,6.232615235196
124,135,-23.717569043685
124,136,-42.541527007495
124,137,7.067369480101
124,138,-36.671669561700
124,139,-16.476235205373
124,140,16.987488728060
124,141,-12.714445762787
124,142,40.182813016319
124,143,-20.320580144777
124,144,2.850259986313
124,145,-6.451022569898
124,146,33.356469763989
124,147,-16.446198498314
124,148,-47.090001411787
124,149,-30.549656077797
124,150,-50.739190357017
124,151,3.894654726799
124,152,-27.031590960658
124,153,-36.286086964239
124,154,35.719609187028
124,155,21.335777732042
124,156,-5.582092394026
124,157,-1.440812663888
124,158,-18.663151171306
124,159,-31.849660177548
124,160,36.914391140628
124,161,27.335943447884
124,162,29.746326554276
124,163,14.695283962435
124,164,13.439353394584
124,165,-36.457396600119
124,166,18.050891076222
124,167,20.977573824450
124,168,-9.526343287507
124,169,41.203111736388
124,170,-27.336894189517
124,171,-12.785524036357
124,172,-35.956350078814
124,173,16.968662536368
124,174,-13.866429625894
124,175,26.616656540042
124,176,26.159046966604
124,177,-15.152913771788
124,178,-30.830322812952
124,179,-9.850028992973
124,180,15.057825491283
124,181,-31.784027162343
124,182,-10.672631870104
124,183,-32.893015436006
124,184,-37.513459613030
124,185,25.840790573136
124,186,34.125471405641
124,187,36.096443171555
124,188,-26.229448974649
124,189,7.184120910220
124,190,15.574457955634
124,191,6.674141568597
124,192,-22.129982795108
124,193,4.022944347598
124,194,-24.065900198366
124,195,-40.283385720984
124,196,19.418900258810
124,197,19.017608663904
124,198,8.554892663531
124,199,25.958624289509
125,0,-41.944201473707
125,1,-16.127869227123
125,2,-64.399253685311
125,3,-80.166119099551
125,4,-70.661114842325
125,5,-61.382686473902
125,6,-69.657735852590
125,7,-74.769131220390
125,8,12.537165464346
125,9,-63.089019046638
125,10,-40.130098965150
125,11,-39.120298698996
125,12,-60.726284150427
125,13,-83.149803201202
125,14,-34.757525002147
125,15,-68.266792117931
125,16,-68.473225836991
125,17,-59.145760157575
125,18,-69.126074598396
125,19,-8.770775291639
125,20,-64.122850142856
125,21,-67.016931656159
125,22,-63.564812770783
125,23,-11.235781955329
125,24,-64.930175520683
125,25,-78.436349416967
125,26,-14.217623377845
125,27,-27.760577711240
125,28,-7.519997978961
125,29,-66.260450166781
125,30,-22.265120169664
125,31,6.769214183718
125,32,-70.125283537287
125,33,-28.226980285981
125,34,-61.063680217449
125,35,-82.826598309795
125,36,-33.501103196511
125,37,-80.055382553270
125,38,-71.092093140003
125,39,-76.634772092912
125,40,-74.021828496006
125,41,-65.880319152318
125,42,-23.733195689441
125,43,-13.227155294422
125,44,-70.312639204079
125,45,-28.287773800723
125,46,-23.373102908779
125,47,-69.377727582767
125,48,-33.753857793883
125,49,-30.633095309662
125,50,-76.824157877207
125,51,-18.437033798720
125,52,-72.082623810151
125,53,-39.162037407870
125,54,-15.495410436990
125,55,-64.145499261787
125,56,-70.571940002941
125,57,-61.451909891781
125,58,-67.094986156269
125,59,-20.346530310009
125,60,-28.288129531626
125,61,-10.681545288957
125,62,-49.316639247219
125,63,-0.156379669206
125,64,-25.406936074811
125,65,4.289030207248
125,66,-78.289510556438
125,67,-77.276928029154
125,68,-54.271004677386
125,69,-21.638261605498
125,70,-0.488552075039
125,71,-16.880196081249
125,72,-21.425770908259
125,73,-59.065351238125
125,74,-62.867870031376
125,75,-14.562748073018
125,76,-60.527287523655
125,77,-14.364420705053
125,78,-72.306815917917
125,79,-75.658017857895
125,80,-72.451013797261
125,81,-27.146706390165
125,82,-18.300409562653
125,83,-4.103310730083
125,84,-0.728905638192
125,85,-58.357440796855
125,86,-60.764029810125
125,87,-14.656005960569
125,88,-51.636501698529
125,89,-71.368942898451
125,90,5.818695729875
125,91,-62.964323497261
125,92,-67.846376496906
125,93,-67.107472471798
125,94,-35.064110517487
125,95,-66.067683754271
125,96,-32.736746782903
125,97,-46.789716981111
125,98,-68.133453599854
125,99,-30.775145392443
125,100,-6.971788503666
125,101,5.098621349884
125,102,-25.120188997440
125,103,-10.025309348246
125,104,-2.556113108330
125,105,-76.789231326235
125,106,26.993351194062
125,107,-72.440815504015
125,108,-33.021573363883
125,109,-73.445454188215
125,110,-53.703862962881
125,111,-64.792348185481
125,112,-76.400192378758
125,113,-69.272237671517
125,114,-65.364070674332
125,115,-6.640514191473
125,116,-21.731402743295
125,117,-13.112022370602
125,118,-13.011792512880
125,119,-61.483618579783
125,120,-74.326468119805
125,121,-16.665086012385
125,122,-46.946006394595
125,123,-63.900566098295
125,124,-40.234345230652
125,125,-65.977505330848
125,126,-73.333454428255
125,127,-62.671740205231
125,128,-59.551569884890
125,129,-68.355826324492
125,130,-64.153096957911
125,131,-51.095940004889
125,132,-16.970958051323
125,133,-65.026785598558
125,134,-29.357602683995
125,135,-59.307135995063
125,136,-78.130684844167
125,137,-28.522866583167
125,138,-72.260954970217
125,139,-52.065959542910
125,140,-18.602962960125
125,141,-48.304251861722
125,142,4.591857131352
125,143,-55.910220927377
125,144,-32.739884414936
125,145,-42.040964804168
125,146,-2.234337733782
125,147,-52.035923488693
125,148,-82.679060395989
125,149,-66.139074540311
125,150,-86.328170033819
125,151,-31.695512375067
125,152,-62.621085884639
125,153,-71.875380752826
125,154,0.128750320946
125,155,-14.254768472725
125,156,-41.172053514638
125,157,-37.030863796441
125,158,-54.252827977216
125,159,-67.439050385990
125,160,1.323506303088
125,161,-8.254733181137
125,162,-5.844402469244
125,163,-20.895117901644
125,164,-22.151021170306
125,165,-72.046686665548
125,166,-17.539583726517
125,167,-14.612964594184
125,168,-45.116218679505
125,169,5.612133672534
125,170,-62.926382478021
125,171,-48.375328590417
125,172,-71.545651033761
125,173,-18.621788742603
125,174,-49.456210686716
125,175,-8.974004453907
125,176,-9.431604080331
125,177,-50.742666871251
125,178,-66.419735175492
125,179,-45.439897349672
125,180,-20.532584253102
125,181,-67.373418797244
125,182,-46.262482347585
125,183,-68.482382968417
125,184,-73.102726726494
125,185,-9.749853555906
125,186,-1.465352808125
125,187,0.505576114083
125,188,-61.818961332428
125,189,-28.406117690742
125,190,-20.015963018428
125,191,-28.916085947531
125,192,-57.719584251507
125,193,-31.567225542727
125,194,-59.655459579037
125,195,-75.872592634485
125,196,-16.171604279625
125,197,-16.572887151859
125,198,-27.035375732390
125,199,-9.632022400867
126,0,35.442180879472
126,1,61.259733194544
126,2,12.986067514568
126,3,-2.781542956072
126,4,6.723910452580
126,5,16.002777275826
126,6,7.727336856799
126,7,2.615699952185
126,8,89.926122673067
126,9,14.296364069101
126,10,37.256369119204
126,11,38.266217106837
126,12,16.659210618156
126,13,-5.765368047192
126,14,42.629196982467
126,15,9.118346320436
126,16,8.911902846346
126,17,18.239809300241
126,18,8.259023234590
126,19,68.617174837127
126,20,13.262484118604
126,21,10.368265844496
126,22,13.820547861033
126,23,66.152051672892
126,24,12.455120590246
126,25,-1.051691535373
126,26,63.170069324246
126,27,49.626474944220
126,28,69.868011264007
126,29,11.124783081570
126,30,55.122192201248
126,31,84.157898775833
126,32,7.259767078212
126,33,49.160050327446
126,34,16.321798607190
126,35,-5.442147883281
126,36,43.885678165301
126,37,-2.670801177082
126,38,6.292911789140
126,39,0.749970920348
126,40,3.363037989853
126,41,11.504932059230
126,42,53.654047299846
126,43,64.160584218502
126,44,7.072402557962
126,45,49.099253939625
126,46,54.014157098565
126,47,8.007358358380
126,48,43.632911622997
126,49,46.753821591934
126,50,0.560576186806
126,51,58.950459489701
126,52,5.302334311811
126,53,38.224476425457
126,54,61.892221875358
126,55,13.239833929380
126,56,6.813089505900
126,57,15.933550586735
126,58,10.290207655904
126,59,57.040872734324
126,60,49.098898191907
126,61,66.706314533396
126,62,28.069394701924
126,63,77.231977596537
126,64,51.980227813387
126,65,81.677597577072
126,66,-0.904845736135
126,67,0.107784639651
126,68,23.114795143643
126,69,55.749080390990
126,70,76.899789491283
126,71,60.507370784690
126,72,55.961581130628
126,73,18.320222019494
126,74,14.517523534902
126,75,62.824928318056
126,76,16.858216648696
126,77,63.023265059215
126,78,5.078131609946
126,79,1.726771311027
126,80,4.933926916594
126,81,50.240375276691
126,82,59.087090182744
126,83,73.284859993175
126,84,76.659424568337
126,85,19.028165913878
126,86,16.621463174757
126,87,62.731666023021
126,88,25.749422620684
126,89,6.016048948237
126,90,83.207335397034
126,91,14.421065511051
126,92,9.538781808231
126,93,10.277720750339
126,94,42.322596978243
126,95,11.317558603310
126,96,44.650070701697
126,97,30.596436383712
126,98,9.251691139434
126,99,46.611764795962
126,100,70.416246648820
126,101,82.487226983780
126,102,52.266988442418
126,103,67.362581488946
126,104,74.832130739400
126,105,0.595504388199
126,106,104.382991677216
126,107,4.944125691756
126,108,44.365230660071
126,109,3.939439533868
126,110,23.681963659386
126,111,12.592954438536
126,112,0.984561719350
126,113,8.112853254548
126,114,12.021204932717
126,115,70.747536617739
126,116,55.655934851304
126,117,64.275722583676
126,118,64.375957178396
126,119,15.901840400315
126,120,3.058383970507
126,121,60.722491019864
126,122,30.440139584389
126,123,13.484778667320
126,124,37.152117927202
126,125,11.407741288138
126,126,4.051444586308
126,127,14.713662629292
126,128,17.833980395953
126,129,9.029307906560
126,130,13.232235874224
126,131,26.290009859636
126,132,60.416604525111
126,133,12.358505947021
126,134,48.029374496684
126,135,18.078425836764
126,136,-0.746012518735
126,137,48.864150046778
126,138,5.123994724781
126,139,25.319944481438
126,140,58.784522486356
126,141,29.081829930095
126,142,81.980438813815
126,143,21.475501429952
126,144,44.646932921387
126,145,35.345412976167
126,146,75.153921321900
126,147,25.349981955071
126,148,-5.294602997812
126,149,11.246164443677
126,150,-8.943885067587
126,151,45.691354317431
126,152,14.764319343594
126,153,5.509587162327
126,154,77.517121062760
126,155,63.132922473844
126,156,36.214365328800
126,157,40.355750752984
126,158,23.132972702791
126,159,9.946127167372
126,160,78.711933512648
126,161,69.133241336771
126,162,71.543685965953
126,163,56.492259216153
126,164,55.236296592971
126,165,5.338273154615
126,166,59.847951976146
126,167,62.774709423597
126,168,32.270013770845
126,169,83.000763576827
126,170,14.459008323218
126,171,29.010749842506
126,172,5.839332462645
126,173,58.765695814167
126,174,27.929816666678
126,175,68.413936069868
126,176,67.956314816438
126,177,26.643299687916
126,178,10.965490545801
126,179,31.946319804374
126,180,56.854809998229
126,181,10.011761857553
126,182,31.123695933056
126,183,8.902745282205
126,184,4.282183190990
126,185,67.638050299814
126,186,75.922942591860
126,187,77.893964665804
126,188,15.566481800779
126,189,48.980904456716
126,190,57.371455648718
126,191,48.470912099030
126,192,19.666052601911
126,193,45.819647212513
126,194,17.730085792391
126,195,1.512186394888
126,196,61.215996075065
126,197,60.814694237801
126,198,50.351711195930
126,199,67.755887023770
127,0,-31.992424657241
127,1,-6.175935492232
127,2,-54.447613348486
127,3,-70.214574587742
127,4,-60.709512563153
127,5,-51.431027803104
127,6,-59.706127475234
127,7,-64.817553908157
127,8,22.489273444422
127,9,-53.137370746539
127,10,-30.178311122421
127,11,-29.168504718597
127,12,-50.774621490164
127,13,-73.198276822674
127,14,-24.805704504179
127,15,-58.315175286880
127,16,-58.521610260577
127,17,-49.194087891199
127,18,-59.174462989780
127,19,1.181203163404
127,20,-54.171208126128
127,21,-57.065307228841
127,22,-53.613167362448
127,23,-1.283818483935
127,24,-54.978538410658
127,25,-68.484794392454
127,26,-4.265678031588
127,27,-17.808714684230
127,28,2.431988079021
127,29,-56.308821141793
127,30,-12.313223739489
127,31,16.721287101354
127,32,-60.173678001527
127,33,-18.275120093887
127,34,-51.112019607805
127,35,-72.875069966998
127,36,-23.549275061778
127,37,-70.103837368457
127,38,-61.140493480169
127,39,-66.683206119240
127,40,-64.070246641975
127,41,-55.928687817010
127,42,-13.781308182748
127,43,-3.275203927617
127,44,-60.361034807000
127,45,-18.335913978153
127,46,-13.421213213318
127,47,-59.426117503615
127,48,-23.802031195439
127,49,-20.681249742556
127,50,-66.872593054541
127,51,-8.485114099945
127,52,-62.131030170392
127,53,-29.210243681162
127,54,-5.543472857724
127,55,-54.193857382714
127,56,-60.620337181797
127,57,-51.500251641708
127,58,-57.143362203344
127,59,-10.394622217929
127,60,-18.336269711217
127,61,-0.729578448620
127,62,-39.364907240546
127,63,9.795651149536
127,64,-15.455058741660
127,65,14.241088048409
127,66,-68.337954639508
127,67,-67.325365958211
127,68,-44.319302782977
127,69,-11.686361365042
127,70,9.463476724530
127,71,-6.928266919334
127,72,-11.473869376205
127,73,-49.113678483038
127,74,-52.916220387189
127,75,-4.610804824595
127,76,-50.575623653931
127,77,-4.412476251098
127,78,-62.355223640705
127,79,-65.706445947937
127,80,-62.499422396431
127,81,-17.194839631869
127,82,-8.348489033415
127,83,5.848696096597
127,84,9.223121700343
127,85,-48.405763739218
127,86,-50.812367379272
127,87,-4.704063279009
127,88,-41.684783791847
127,89,-61.417344921210
127,90,15.770762869521
127,91,-53.012674439291
127,92,-57.894757110698
127,93,-57.155848594761
127,94,-25.112291882993
127,95,-56.116053557707
127,96,-22.784914002252
127,97,-36.837969615859
127,98,-58.181835958407
127,99,-20.823300688746
127,100,2.980200886654
127,101,15.050684112357
127,102,-15.168309921348
127,103,-0.073338518952
127,104,7.395903123215
127,105,-66.837666291292
127,106,36.945547053096
127,107,-62.489224041208
127,108,-23.069742314467
127,109,-63.493868831210
127,110,-43.752157621442
127,111,-54.840710237782
127,112,-66.448624979414
127,113,-59.320626951230
127,114,-55.412436201404
127,115,3.311477212526
127,116,-11.779503068989
127,117,-3.160070303958
127,118,-3.059839836991
127,119,-51.531960522429
127,120,-64.374888117243
127,121,-6.713155542937
127,122,-36.994259979270
127,123,-53.948922730575
127,124,-30.282558021543
127,125,-56.025874586208
127,126,-63.381868390563
127,127,-52.720089369017
127,128,-49.599900084948
127,129,-58.404210034561
127,130,-54.201455125010
127,131,-41.144218812711
127,132,-7.019029441108
127,133,-55.075149075703
127,134,-19.405749364123
127,135,-49.355464709493
127,136,-68.179127961965
127,137,-18.571008189552
127,138,-62.309362414286
127,139,-42.114244246448
127,140,-8.651044269936
127,141,-38.352513701786
127,142,14.543916813323
127,143,-45.958528995914
127,144,-22.788051653355
127,145,-32.089188575839
127,146,7.717680453723
127,147,-42.084208009670
127,148,-72.727531156539
127,149,-56.187444777635
127,150,-76.376662971605
127,151,-21.743673265570
127,152,-52.669434740557
127,153,-61.923785853527
127,154,10.080782872901
127,155,-4.302823352256
127,156,-31.220272005005
127,157,-27.079057116185
127,158,-44.301125972321
127,159,-57.487428524189
127,160,11.275546117613
127,161,1.697248410703
127,162,4.107593774002
127,163,-10.943213144084
127,164,-12.199124046594
127,165,-62.095092807373
127,166,-7.587658572658
127,167,-4.661021651002
127,168,-35.164461142711
127,169,15.564199556524
127,170,-52.974733189454
127,171,-38.423590862491
127,172,-61.594054130481
127,173,-8.669870166843
127,174,-39.504479528354
127,175,0.977972765802
127,176,0.520370357830
127,177,-40.790943531902
127,178,-56.468107118599
127,179,-35.488141780203
127,180,-10.580677291917
127,181,-57.421796536546
127,182,-36.310731777798
127,183,-58.530767447650
127,184,-63.151139286529
127,185,0.202118947760
127,186,8.486670053782
127,187,10.457610956655
127,188,-51.867305313222
127,189,-18.454258587495
127,190,-10.064052917020
127,191,-18.964229944009
127,192,-47.767903317079
127,193,-21.615385653480
127,194,-49.703790410516
127,195,-65.921022028619
127,196,-6.219670810577
127,197,-6.620956121988
127,198,-17.083508297394
127,199,0.319950819037
128,0,-6.778594324918
128,1,19.038292383135
128,2,-29.234128778822
128,3,-45.001332784770
128,4,-35.496124410180
128,5,-26.217496785473
128,6,-34.492723872878
128,7,-39.604229007346
128,8,47.703942759086
128,9,-27.923866002413
128,10,-4.964452855740
128,11,-3.954630902510
128,12,-25.561080365449
128,13,-47.985080959239
128,14,0.408236492520
128,15,-33.101750267611
128,16,-33.308188419855
128,17,-23.980522429993
128,18,-33.961051201237
128,19,26.395544334497
128,20,-28.957719300517
128,21,-31.851862964919
128,22,-28.399669944403
128,23,23.930484727003
128,24,-29.765062015889
128,25,-43.271525956203
128,26,20.948579260454
128,27,7.405334057155
128,28,27.646348511691
128,29,-31.095365229958
128,30,12.900909626711
128,31,41.935867587534
128,32,-34.960281598171
128,33,6.938921465393
128,34,-25.898483678211
128,35,-47.661869127223
128,36,1.664685282187
128,37,-44.890593860473
128,38,-35.927111963101
128,39,-41.469909943975
128,40,-38.856910234805
128,41,-30.715226052103
128,42,11.432802576375
128,43,21.939068617110
128,44,-35.147641288422
128,45,6.878126644973
128,46,11.792903090914
128,47,-34.212709589869
128,48,1.411925256427
128,49,4.532754765241
128,50,-41.659299795261
128,51,16.729078215816
128,52,-36.917663904824
128,53,-3.996370507790
128,54,19.670764757124
128,55,-28.980368905846
128,56,-35.406947655763
128,57,-26.286721689954
128,58,-31.929919141265
128,59,14.819540692995
128,60,6.877770906431
128,61,24.484733297330
128,62,-14.151190431032
128,63,35.010124980785
128,64,9.759026243424
128,65,39.455630339267
128,66,-43.124683942377
128,67,-42.112079670282
128,68,-19.105662260983
128,69,13.527781654251
128,70,34.677945440329
128,71,18.285949370671
128,72,13.740276915269
128,73,-23.900111783718
128,74,-27.702712237900
128,75,20.603447152724
128,76,-25.362079465121
128,77,20.801778780347
128,78,-37.141860827083
128,79,-40.493134733464
128,80,-37.286061803061
128,81,8.019218562491
128,82,16.865705386263
128,83,31.063109145463
128,84,34.437586714710
128,85,-23.192186139640
128,86,-25.598826835754
128,87,20.510187262189
128,88,-16.471102703792
128,89,-36.203967666886
128,90,40.985328717499
128,91,-27.799167775156
128,92,-32.681325618112
128,93,-31.942405724934
128,94,0.101644392693
128,95,-30.902594677747
128,96,2.429058111840
128,97,-11.624213896343
128,98,-32.968408886074
128,99,4.390701631644
128,100,28.194569761588
128,101,40.265238871056
128,102,10.045779479362
128,103,25.140983332771
128,104,32.610339998711
128,105,-41.624372494254
128,106,62.160439003623
128,107,-37.275863290815
128,108,2.144225413649
128,109,-38.280523549482
128,110,-18.538508366626
128,111,-29.627231720813
128,112,-41.235325192298
128,113,-34.107217413220
128,114,-30.198966487558
128,115,28.525851188999
128,116,13.434638516010
128,117,22.054204013759
128,118,22.154436024219
128,119,-26.318431058920
128,120,-39.161556400679
128,121,18.501064059623
128,122,-11.780506666328
128,123,-28.735430482331
128,124,-5.068701360098
128,125,-30.812414317727
128,126,-38.168521384352
128,127,-27.506578199791
128,128,-24.386340872305
128,129,-33.190786386192
128,130,-28.987966765133
128,131,-15.930529401056
128,132,18.195185451223
128,133,-29.861674168496
128,134,5.808274784809
128,135,-24.141901733114
128,136,-42.965854819384
128,137,6.643028813392
128,138,-37.095998894532
128,139,-16.900569771191
128,140,16.563145490632
128,141,-13.138781303380
128,142,39.758463767765
128,143,-20.744913714443
128,144,2.425920412417
128,145,-6.875359733516
128,146,32.932122284532
128,147,-16.870533071917
128,148,-47.514328045138
128,149,-30.973986996920
128,150,-51.163516044857
128,151,3.470314882259
128,152,-27.455922791371
128,153,-36.710416396971
128,154,35.295261095147
128,155,20.911433367772
128,156,-6.006429782821
128,157,-1.865151125814
128,158,-19.087485170450
128,159,-32.273990759822
128,160,36.490042739119
128,161,26.911597528677
128,162,29.321980010405
128,163,14.270941319024
128,164,13.015011076634
128,165,-36.881725988467
128,166,17.626547563217
128,167,20.553229553007
128,168,-9.950679654226
128,169,40.778762223410
128,170,-27.761225941111
128,171,-13.209859558534
128,172,-36.380679596987
128,173,16.544319303823
128,174,-14.290764867976
128,175,26.192310807230
128,176,25.734701352390
128,177,-15.577248680514
128,178,-31.254653659351
128,179,-10.274365275814
128,180,14.633482753918
128,181,-32.208357761621
128,182,-11.096967939789
128,183,-33.317345747928
128,184,-37.937788727744
128,185,25.416445041395
128,186,33.701123726896
128,187,35.672094982016
128,188,-26.653781013207
128,189,6.759780213259
128,190,15.150115084383
128,191,6.249801003789
128,192,-22.554315895919
128,193,3.598604469815
128,194,-24.490232797536
128,195,-40.707714117983
128,196,18.994556391292
128,197,18.593264900381
128,198,8.130551611350
128,199,25.534278727231
129,0,23.425993603225
129,1,49.243356494575
129,2,0.970044989394
129,3,-14.797449806305
129,4,-5.292066131391
129,5,3.986732618840
129,6,-4.288647088586
129,7,-9.400246493002
129,8,77.909535633444
129,9,2.280331931084
129,10,25.240168532619
129,11,26.250009111172
129,12,4.643161145286
129,13,-17.781253007881
129,14,30.612956976183
129,15,-2.897647829799
129,16,-3.104089789362
129,17,6.223748231372
129,18,-3.756964611392
129,19,56.600744153329
129,20,1.246459565533
129,21,-1.647737475556
129,22,1.804519213787
129,23,54.135639076580
129,24,0.439101960299
129,25,-13.067611075989
129,26,51.153678607647
129,27,37.610183599099
129,28,57.851571402338
129,29,-0.891225788546
129,30,43.105860533586
129,31,72.141354061736
129,32,-4.756213436951
129,33,37.143762404499
129,34,4.305751609725
129,35,-17.458035215124
129,36,31.869428940314
129,37,-14.686708839727
129,38,-5.723061632911
129,39,-11.265961837526
129,40,-8.652913937956
129,41,-0.511079599797
129,42,41.637726404137
129,43,52.144186234211
129,44,-4.943576582642
129,45,37.082966462738
129,46,41.997833560687
129,47,-4.008627641313
129,48,31.616664252542
129,49,34.737551323502
129,50,-11.455355181643
129,51,46.934099733393
129,52,-6.713631843115
129,53,26.208268736038
129,54,49.875840534667
129,55,1.223809542476
129,56,-5.202887732310
129,57,3.917506437632
129,58,-1.725795091486
129,59,45.024526989007
129,60,37.082610717633
129,61,54.689897870274
129,62,16.053261517707
129,63,65.215483702028
129,64,39.963919198643
129,65,69.661071062510
129,66,-12.920766354036
129,67,-11.908143407047
129,68,11.098698309368
129,69,43.732744123758
129,70,64.883298034212
129,71,48.490999604990
129,72,43.945243304246
129,73,6.304160360691
129,74,2.501489774360
129,75,50.808540133847
129,76,4.842165715832
129,77,51.006875419756
129,78,-6.937832900170
129,79,-10.289168612821
129,80,-7.082036535605
129,81,38.224079427360
129,82,47.070729423947
129,83,61.268395060622
129,84,64.642934874952
129,85,7.012099061249
129,86,4.605413978818
129,87,50.715278523108
129,88,13.733306457238
129,89,-5.999922442672
129,90,71.190797657837
129,91,2.405032458162
129,92,-2.477215426457
129,93,-1.738281905447
129,94,30.306359221453
129,95,-0.698451681077
129,96,32.633815868408
129,97,18.580284659423
129,98,-2.764303989068
129,99,34.595495569789
129,100,58.399802764528
129,101,70.470694528471
129,102,40.250677723692
129,103,55.346160010558
129,104,62.815654453785
129,105,-11.420427236480
129,106,92.366298554705
129,107,-7.071837835269
129,108,32.348977916634
129,109,-8.076516622546
129,110,11.665862664042
129,111,0.576934797384
129,112,-11.031372759520
129,113,-3.903133519096
129,114,0.005189486124
129,115,58.731090302637
129,116,43.639599267495
129,117,52.259323754573
129,118,52.359557613847
129,119,3.885796483846
129,120,-8.957565722303
129,121,48.706118261776
129,122,18.423989006798
129,123,1.468752483408
129,124,25.135918105487
129,125,-0.608269657860
129,126,-7.964512391802
129,127,2.697627429792
129,128,5.817922304443
129,129,-2.986685590462
129,130,1.216211543062
129,131,14.273889730110
129,132,48.400234011380
129,133,0.342488025875
129,134,36.013094869522
129,135,6.062365951890
129,136,-12.761934301852
129,137,36.847864294854
129,138,-6.891970121796
129,139,13.303831468904
129,140,46.768163947563
129,141,17.065689317984
129,142,69.963910077124
129,143,9.459416622420
129,144,32.630678111120
129,145,23.329226409878
129,146,63.137442675157
129,147,13.333868722162
129,148,-17.310491412056
129,149,-0.769845316936
129,150,-20.959746710629
129,151,33.675091844292
129,152,2.748283772460
129,153,-6.506380513056
129,154,65.500625076005
129,155,51.116532029802
129,156,24.198172387187
129,157,28.339527426724
129,158,11.116875735155
129,159,-2.069873055727
129,160,66.695428758896
129,161,57.116806866405
129,162,59.527233809167
129,163,44.475917496107
129,164,43.219964088108
129,165,-6.677693263970
129,166,47.831585634747
129,167,50.758321607856
129,168,20.253849768000
129,169,70.984227353380
129,170,2.442974991973
129,171,16.994609751884
129,172,-6.176637631826
129,173,46.749337413501
129,174,15.913684506493
129,175,56.397506877307
129,176,55.939888981615
129,177,14.627176966438
129,178,-1.050517155687
129,179,19.930158176379
129,180,44.838465618086
129,181,-2.004238847068
129,182,19.107540340417
129,183,-3.113247286317
129,184,-7.733775479872
129,185,55.621626800217
129,186,63.906458302416
129,187,65.877465913938
129,188,3.550440344647
129,189,36.964617848163
129,190,45.355107477859
129,191,36.454629232299
129,192,7.649981069429
129,193,33.803383798091
129,194,5.714028463102
129,195,-10.503751954726
129,196,49.199619696010
129,197,48.798320803187
129,198,38.335414529720
129,199,55.739462659556
130,0,35.229793174454
130,1,61.047342141501
130,2,12.773682721476
130,3,-2.993925704635
130,4,6.511526471491
130,5,15.790392091563
130,6,7.514952745594
130,7,2.403316503791
130,8,89.713727902330
130,9,14.083979106108
130,10,37.043981178926
130,11,38.053829035605
130,12,16.446825348772
130,13,-5.977750408863
130,14,42.416808345450
130,15,8.905962028868
130,16,8.699518581547
130,17,18.027423825901
130,18,8.046639054453
130,19,68.404782829937
130,20,13.050099289678
130,21,10.155881390849
130,22,13.608162959739
130,23,65.939659985394
130,24,12.242735866006
130,25,-1.264074508232
130,26,62.957678023471
130,27,49.414085399803
130,28,69.655619094599
130,29,10.912398529836
130,30,54.909801944144
130,31,83.945504753188
130,32,7.047383027639
130,33,48.947660843514
130,34,16.109413381557
130,35,-5.654530286854
130,36,43.673289365353
130,37,-2.883183940001
130,38,6.080527863938
130,39,0.537587713872
130,40,3.150654444558
130,41,11.292547458193
130,42,53.441657233139
130,43,63.948192789270
130,44,6.860018531683
130,45,48.886864463580
130,46,53.801766985154
130,47,7.794974210876
130,48,43.420522855828
130,49,46.541432420046
130,50,0.348193004887
130,51,58.738068736136
130,52,5.089950515052
130,53,38.012088359639
130,54,61.679830740293
130,55,13.027449103385
130,56,6.600705513243
130,57,15.721165411451
130,58,10.077823212385
130,59,56.828482228404
130,60,48.886508715907
130,61,66.493922774018
130,62,27.857007952967
130,63,77.019584472117
130,64,51.767837963736
130,65,81.465203876098
130,66,-1.117228728042
130,67,-0.104598483551
130,68,22.902409037160
130,69,55.536690052591
130,70,76.687396409936
130,71,60.294979829217
130,72,55.749190764669
130,73,18.107836534728
130,74,14.305138543226
130,75,62.612537062036
130,76,16.645831353504
130,77,62.810873777475
130,78,4.865747842261
130,79,1.514387977892
130,80,4.721543167609
130,81,50.027985652669
130,82,58.874699411455
130,83,73.072467380647
130,84,76.447031518168
130,85,18.815780337311
130,86,16.409077910270
130,87,62.519274779093
130,88,25.537036172558
130,89,5.803665058935
130,90,82.994941497665
130,91,14.208680531883
130,92,9.326397462144
130,93,10.065336308435
130,94,42.110208380989
130,95,11.105174026576
130,96,44.437681802621
130,97,30.384049307067
130,98,9.039306830578
130,99,46.399375642490
130,100,70.203854408312
130,101,82.274833177806
130,102,52.054598555580
130,103,67.150189644461
130,104,74.619737926208
130,105,0.383121201754
130,106,104.170595031486
130,107,4.731741941447
130,108,44.152841797928
130,109,3.727055913834
130,110,23.469577479358
130,111,12.380569696426
130,112,0.772178482453
130,113,7.900469093358
130,114,11.808820264734
130,115,70.535144334266
130,116,55.443544524984
130,117,64.063331139507
130,118,64.163565721232
130,119,15.689455229141
130,120,2.846000464713
130,121,60.510100036496
130,122,30.227752528008
130,123,13.272393809566
130,124,36.939730000442
130,125,11.195356699711
130,126,3.839060951752
130,127,14.501277612188
130,128,17.621594974240
130,129,8.816923626538
130,130,13.019851049212
130,131,26.077623341414
130,132,60.204213581412
130,133,12.146121235310
130,134,47.816985159385
130,135,17.866040383349
130,136,-0.958395531234
130,137,48.651760601220
130,138,4.911610951152
130,139,25.107558089010
130,140,58.572131754314
130,141,28.869443049851
130,142,81.768045073557
130,143,21.263115536036
130,144,44.434544022719
130,145,35.133025283692
130,146,74.941528466974
130,147,25.137595558750
130,148,-5.506985420521
130,149,11.033779876198
130,150,-9.156267017126
130,151,45.478965283321
130,152,14.551934319919
130,153,5.297203338690
130,154,77.304727901355
130,155,62.920531177879
130,156,36.001977523643
130,157,40.143362410789
130,158,22.920586593951
130,159,9.733742768469
130,160,78.499540196288
130,161,68.920849262657
130,162,71.331293579235
130,163,56.279868781377
130,164,55.023906321068
130,165,5.125889353192
130,166,59.635561106195
130,167,62.562318174088
130,168,32.057626477173
130,169,82.788369704249
130,170,14.246623339131
130,171,28.798362971473
130,172,5.626948596255
130,173,58.553305084562
130,174,27.717429935816
130,175,68.201544089032
130,176,67.743922894952
130,177,26.430913123884
130,178,10.753106014723
130,179,31.733932552677
130,180,56.642419516429
130,181,9.799377450137
130,182,30.911308788032
130,183,8.690361018591
130,184,4.069799526507
130,185,67.425658419605
130,186,75.710549637202
130,187,77.681571455527
130,188,15.354096673087
130,189,48.768514996016
130,190,57.159065099921
130,191,48.258522704469
130,192,19.453666942631
130,193,45.607258161763
130,194,17.517700384153
130,195,1.299803089576
130,196,61.003605027698
130,197,60.602303242471
130,198,50.139321557472
130,199,67.543495128273
131,0,-3.016568167543
131,1,22.800377852720
131,2,-25.472154208175
131,3,-41.239394434167
131,4,-31.734164224610
131,5,-22.455515284935
131,6,-30.730761382314
131,7,-35.842278258810
131,8,51.466094090065
131,9,-24.161888421804
131,10,-1.202422530645
131,11,-0.192598257483
131,12,-21.799097356961
131,13,-44.223149462683
131,14,4.170279160680
131,15,-29.339784581702
131,16,-29.546223208177
131,17,-20.218535790576
131,18,-30.199087489316
131,19,30.157646707456
131,20,-25.195744094897
131,21,-28.089894407771
131,22,-24.637693456825
131,23,27.692581436429
131,24,-26.003088664918
131,25,-39.509583632003
131,26,24.710669118918
131,27,11.167392800497
131,28,31.408453758413
131,29,-27.333394934976
131,30,16.662980995818
131,31,45.698005665574
131,32,-31.198320181669
131,33,10.700979137182
131,34,-22.136501444824
131,35,-43.899936888207
131,36,5.426730836902
131,37,-41.128655255496
131,38,-32.165152767586
131,39,-37.707963481196
131,40,-35.094957769550
131,41,-26.953254883862
131,42,15.194870572574
131,43,25.701160751225
131,44,-31.385680302323
131,45,10.640184177093
131,46,15.554971914426
131,47,-30.450746456052
131,48,5.173970230455
131,49,8.294806909063
131,50,-37.897353767541
131,51,20.491158380013
131,52,-33.155706984791
131,53,-0.234337958660
131,54,23.432851679805
131,55,-25.218393752257
131,56,-31.644987265339
131,57,-22.524740348446
131,58,-28.167950763425
131,59,18.581616470088
131,60,10.639828437736
131,61,28.246831280150
131,62,-10.389181210914
131,63,38.772247146233
131,64,13.521090394213
131,65,43.217762718683
131,66,-39.362741280856
131,67,-38.350134682667
131,68,-15.343664422733
131,69,17.289854463568
131,70,38.440066842566
131,71,22.048033111758
131,72,17.502350212788
131,73,-20.138124959580
131,74,-23.940734149241
131,75,24.365536218240
131,76,-21.600095999485
131,77,24.563868301535
131,78,-33.379904422072
131,79,-36.731186026889
131,80,-33.524105729302
131,81,11.781278716189
131,82,20.627785864359
131,83,34.825222242369
131,84,38.199707564709
131,85,-19.430197689224
131,86,-21.836843913981
131,87,24.272276113443
131,88,-12.709098813197
131,89,-32.442009107363
131,90,44.747464611566
131,91,-24.037189908078
131,92,-28.919358966406
131,93,-28.180437375777
131,94,3.863686356490
131,95,-27.140623939929
131,96,6.191105422622
131,97,-7.862198870964
131,98,-29.206442893854
131,99,8.152753449111
131,100,31.956676267881
131,101,44.027373110628
131,102,13.807844288953
131,103,28.903082823337
131,104,36.372456650475
131,105,-37.862426386302
131,106,65.922623551189
131,107,-33.513907193628
131,108,5.906272070060
131,109,-34.518569760170
131,110,-14.776509225463
131,111,-25.865258053207
131,112,-37.473378190647
131,113,-30.345254037064
131,114,-26.436994133350
131,115,32.287958456422
131,116,17.196711111334
131,117,25.816296412399
131,118,25.916528653142
131,119,-22.556449790245
131,120,-35.399604635248
131,121,22.263148294936
131,122,-8.018492000003
131,123,-24.973454766063
131,124,-1.306671274499
131,125,-27.050443372747
131,126,-34.406567337755
131,127,-23.744599660575
131,128,-20.624355165157
131,129,-29.428820904817
131,130,-25.225991628999
131,131,-12.168524268607
131,132,21.957268983781
131,133,-26.099701039457
131,134,9.570329859031
131,135,-20.379915464429
131,136,-39.203911793018
131,137,10.405085805396
131,138,-33.334042384158
131,139,-13.138566867216
131,140,20.325225273606
131,141,-9.376769757444
131,142,43.520596842973
131,143,-16.982919641996
131,144,6.187967715996
131,145,-3.113333798450
131,146,36.694239675613
131,147,-13.108530098936
131,148,-43.752395467207
131,149,-27.212016423109
131,150,-47.401591849506
131,151,7.232364585223
131,152,-23.693944135783
131,153,-32.948459000858
131,154,39.057383915722
131,155,24.673523140889
131,156,-2.244401851509
131,157,1.896886319511
131,158,-15.325487290436
131,159,-28.512023172385
131,160,40.252168304803
131,161,30.673701087282
131,162,33.084089106967
131,163,18.033015835725
131,164,16.777082707886
131,165,-33.119768985882
131,166,21.388629789333
131,167,24.315318503155
131,168,-6.188660784203
131,169,44.540897642866
131,170,-23.999247986882
131,171,-9.447848175885
131,172,-32.618721443403
131,173,20.306399043540
131,174,-10.528755968502
131,175,29.954412713254
131,176,29.496802207039
131,177,-11.815242736484
131,178,-27.492683730285
131,179,-6.512347149401
131,180,18.395558103541
131,181,-28.446390023411
131,182,-7.334951703160
131,183,-29.555380557285
131,184,-34.175834151116
131,185,29.178545164847
131,186,37.463242884813
131,187,39.434218668393
131,188,-22.891800514910
131,189,10.521837473490
131,190,18.912191620955
131,191,10.011857092381
131,192,-18.792325980146
131,193,7.360654467513
131,194,-20.728247329054
131,195,-36.945765904326
131,196,22.756641760396
131,197,22.355349347519
131,198,11.892612020820
131,199,29.296379121406
132,0,19.585694744514
132,1,45.402997095465
132,2,-2.870201214362
132,3,-18.637659039996
132,4,-9.132297652191
132,5,0.146479341696
132,6,-8.128880962118
132,7,-13.240468381366
132,8,74.069109009128
132,9,-1.559917344974
132,10,21.399865419888
132,11,22.409703630481
132,12,0.802906328965
132,13,-21.621455245600
132,14,26.772641264797
132,15,-6.737884964845
132,16,-6.944326440353
132,17,2.383489708933
132,18,-7.597199731572
132,19,52.760367500821
132,20,-2.593787286343
132,21,-5.487977541299
132,22,-2.035728946597
132,23,50.295268204885
132,24,-3.401142998533
132,25,-16.907824365568
132,26,47.313314728781
132,27,33.769851479658
132,28,54.011191816557
132,29,-4.731467628102
132,30,39.265515526939
132,31,68.300940964800
132,32,-8.596446214178
132,33,33.303431378794
132,34,0.465497584548
132,35,-21.298238210671
132,36,28.029110282601
132,37,-18.526918333067
132,38,-9.563292143153
132,39,-15.106179351380
132,40,-12.493137578582
132,41,-4.351322330695
132,42,37.797384840247
132,43,48.303820032568
132,44,-8.783808920554
132,45,33.242635579598
132,46,38.157491152349
132,47,-7.848862171420
132,48,27.776346187544
132,49,30.897225940236
132,50,-15.295572251423
132,51,43.093745749531
132,52,-10.553860030763
132,53,22.367963353223
132,54,46.035479652368
132,55,-2.616437256293
132,56,-9.043119462214
132,57,0.077253322801
132,58,-5.566034974203
132,59,41.184177483105
132,60,33.242279835329
132,61,50.849525698817
132,62,12.212979946977
132,63,61.375086847191
132,64,36.123581559783
132,65,65.820663782200
132,66,-16.760979987914
132,67,-15.748359415185
132,68,7.258428356188
132,69,39.892397647076
132,70,61.042901958383
132,71,44.650641970169
132,72,40.104896329256
132,73,2.463901649702
132,74,-1.338760020248
132,75,46.968177064344
132,76,1.001910432889
132,77,47.166511885152
132,78,-10.778060562137
132,79,-14.129388416943
132,80,-10.922263859458
132,81,34.383745868363
132,82,43.230375119689
132,83,57.428007462113
132,84,60.802539362805
132,85,3.171838690301
132,86,0.765159251008
132,87,46.874915672299
132,88,9.893030326399
132,89,-9.840152303761
132,90,67.350386790094
132,91,-1.435217110280
132,92,-6.317453547301
132,93,-5.578521758885
132,94,26.466044229011
132,95,-4.538693972638
132,96,28.793495418271
132,97,14.739997163226
132,98,-6.604541436762
132,99,30.755170519638
132,100,54.559421893100
132,101,66.630285349478
132,102,36.410339412389
132,103,51.505786300128
132,104,58.975263226799
132,105,-15.260644388160
132,106,88.525838025977
132,107,-10.912065183031
132,108,28.508658134415
132,109,-11.916741614645
132,110,7.825591380977
132,111,-3.263310484625
132,112,-14.871590823408
132,113,-7.743368296549
132,114,-3.835054455289
132,115,54.890708654311
132,116,39.799253009238
132,117,48.418957282927
132,118,48.519190907151
132,119,0.045543443368
132,120,-12.797788648611
132,121,44.865760122499
132,122,14.583701877091
132,123,-2.371494889689
132,124,21.295615237213
132,125,-4.448512160874
132,126,-11.804737646511
132,127,-1.142622824715
132,128,1.977664733575
132,129,-6.826922516739
132,130,-2.624035237895
132,131,10.433612331704
132,132,44.559876589417
132,133,-3.497756706420
132,134,32.172766495183
132,135,2.222107807851
132,136,-16.602148308142
132,137,33.007533963020
132,138,-10.732197891295
132,139,9.463556345108
132,140,42.927810352820
132,141,13.225405373283
132,142,66.123502086608
132,143,5.619150513034
132,144,28.790357668331
132,145,19.488927778075
132,146,59.297050693538
132,147,9.493593527935
132,148,-21.150694753545
132,149,-4.610087441099
132,150,-24.799941495956
132,151,29.834768952431
132,152,-1.091966600827
132,153,-10.346609186650
132,154,61.660227552471
132,155,47.276168238044
132,156,20.357871717817
132,157,24.499217046323
132,158,7.276605739353
132,159,-5.910112131671
132,160,62.855028433405
132,161,53.276429003694
132,162,55.686850293831
132,163,40.635569276688
132,164,39.379618813888
132,165,-10.517921535880
132,166,43.991229546271
132,167,46.917958656115
132,168,16.413558347544
132,169,67.143816970078
132,170,-1.397274665440
132,171,13.154325973854
132,172,-10.016867078572
132,173,42.908983862908
132,174,12.073403263050
132,175,52.557130701411
132,176,52.099513878857
132,177,10.786898739636
132,178,-4.890758621754
132,179,16.089867514936
132,180,40.998116548493
132,181,-5.844478076906
132,182,15.267251607889
132,183,-6.953483915837
132,184,-11.574001275592
132,185,51.781252443805
132,186,60.066064517385
132,187,62.037067506666
132,188,-0.289811909504
132,189,33.124287242550
132,190,41.514757196739
132,191,32.614299822584
132,192,3.809719202793
132,193,29.963060605391
132,194,1.873771135841
132,195,-14.343971255716
132,196,45.359260399469
132,197,44.957962447697
132,198,34.495080709647
132,199,51.899088026810
133,0,35.928369175359
133,1,61.745929154538
133,2,13.472249144586
133,3,-2.295366006278
133,4,7.210090223809
133,5,16.488959801303
133,6,8.213516925876
133,7,3.101878504000
133,8,90.412327143451
133,9,14.782546088063
133,10,37.742557953621
133,11,38.752406241030
133,12,17.145393338484
133,13,-5.279191983056
133,14,43.115387411810
133,15,9.604526802403
133,16,9.398083267035
133,17,18.725992489744
133,18,8.745203461491
133,19,69.103372981321
133,20,13.748665830673
133,21,10.854446697471
133,22,14.306729738761
133,23,66.638249085263
133,24,12.941302062667
133,25,-0.565514072121
133,26,63.656265851365
133,27,50.112667450747
133,28,70.354209779536
133,29,11.610964159110
133,30,55.608386339234
133,31,84.644101533719
133,32,7.745947008494
133,33,49.646242695511
133,34,16.807981227365
133,35,-4.955971723204
133,36,44.371868967639
133,37,-2.184624194422
133,38,6.779091432436
133,39,1.236148918368
133,40,3.849216763490
133,41,11.991113249605
133,42,54.140241001995
133,43,64.646781039672
133,44,7.558582432634
133,45,49.585446289639
133,46,54.500350907612
133,47,8.493538510578
133,48,44.119102350298
133,49,47.240013245697
133,50,1.046754128605
133,51,59.436654764162
133,52,5.788513661078
133,53,38.710665547260
133,54,62.378418023123
133,55,13.726015634726
133,56,7.299269303599
133,57,16.419733091665
133,58,10.776388485712
133,59,57.527067441893
133,60,49.585090541819
133,61,67.192512110312
133,62,28.555580809232
133,63,77.718178298252
133,64,52.466421018638
133,65,82.163799598595
133,66,-0.418668229308
133,67,0.593962447056
133,68,23.600979780225
133,69,56.235274715073
133,70,77.385990094372
133,71,60.993566521342
133,72,56.447775517794
133,73,18.806405232870
133,74,15.003705619507
133,75,63.311124742708
133,76,17.344399428097
133,77,63.509461542752
133,78,5.564310892667
133,79,2.212949598979
133,80,5.420106156518
133,81,50.726567965459
133,82,59.573285497754
133,83,73.771059523082
133,84,77.145625100071
133,85,19.514349337391
133,86,17.107645883880
133,87,63.217862419988
133,88,26.235608039329
133,89,6.502228509358
133,90,83.693537872714
133,91,14.907247567025
133,92,10.024962414995
133,93,10.763901576436
133,94,42.808787316571
133,95,11.803739738069
133,96,45.136261730950
133,97,31.082623241156
133,98,9.737871660982
133,99,47.097956407546
133,100,70.902445327105
133,101,82.973429245671
133,102,52.753181732805
133,103,67.848779260690
133,104,75.318330728653
133,105,1.081682340373
133,106,104.869200439723
133,107,5.430304934700
133,108,44.851421604762
133,109,4.425618478599
133,110,24.168148464327
133,111,13.079135951870
133,112,1.470739787001
133,113,8.599033438055
133,114,12.507386276331
133,115,71.233735394373
133,116,56.142129147738
133,117,64.761919439021
133,118,64.862154063499
133,119,16.388022895830
133,120,3.544562653718
133,121,61.208686820377
133,122,30.926326395434
133,123,13.970960445375
133,124,37.638306730674
133,125,11.893922449664
133,126,4.537623564283
133,127,15.199844772113
133,128,18.320163464996
133,129,9.515488362100
133,130,13.718417577315
133,131,26.776195438746
133,132,60.902800234813
133,133,12.844687390767
133,134,48.515566529102
133,135,18.564608978370
133,136,-0.259834964752
133,137,49.350342327001
133,138,5.610174021116
133,139,25.806129772594
133,140,59.270717711552
133,141,29.568016337937
133,142,82.466640925246
133,143,21.961685579925
133,144,45.133123949701
133,145,35.831601243321
133,146,75.640121406686
133,147,25.836167255147
133,148,-4.808426793948
133,149,11.732345557240
133,150,-8.457709946888
133,151,46.177545655795
133,152,15.250501501454
133,153,5.995766573113
133,154,78.003321849130
133,155,63.619118989933
133,156,36.700553853902
133,157,40.841940507453
133,158,23.619157344772
133,159,10.432307895047
133,160,79.198134653729
133,161,69.619439634174
133,162,72.029884978947
133,163,56.978453760858
133,164,55.722490764827
133,165,5.824452514549
133,166,60.334147517038
133,167,63.260905833340
133,168,32.756201125077
133,169,83.486965991178
133,170,14.945190390456
133,171,29.496936229247
133,172,6.325511971314
133,173,59.251891033768
133,174,28.416002732549
133,175,68.900134153730
133,176,68.442512764435
133,177,27.129485371901
133,178,11.451671576055
133,179,32.432507062520
133,180,57.341004650560
133,181,10.497942604714
133,182,31.609882947014
133,183,9.388925700172
133,184,4.768362237453
133,185,68.124248153341
133,186,76.409142904944
133,187,78.380165564042
133,188,16.052664196752
133,189,49.467096771601
133,190,57.857650454418
133,191,48.957104262518
133,192,20.152236214773
133,193,46.305838588960
133,194,18.216268830598
133,195,1.998364619147
133,196,61.702192022080
133,197,61.300890065679
133,198,50.837903917753
133,199,68.242084912272
134,0,-34.230194757554
134,1,-8.413740876931
134,2,-56.685352760236
134,3,-72.452292452450
134,4,-62.947243417329
134,5,-53.668771337398
134,6,-61.943859700637
134,7,-67.055279148306
134,8,20.251428879259
134,9,-55.375111948895
134,10,-32.416083702075
134,11,-31.406278678362
134,12,-53.012365921524
134,13,-75.435990609963
134,14,-27.043484426635
134,15,-60.552909413163
134,16,-60.759344104743
134,17,-51.431834482566
134,18,-61.412195941761
134,19,-1.056612276989
134,20,-56.408947915617
134,21,-59.303043063206
134,22,-55.850907914566
134,23,-3.521630555137
134,24,-57.216277096835
134,25,-70.722514621033
134,26,-6.503486027206
134,27,-20.046504169688
134,28,0.194170929040
134,29,-58.546558009984
134,30,-14.551020735926
134,31,14.483450420274
134,32,-62.411409587970
134,33,-20.512908941892
134,34,-53.349763578059
134,35,-75.112784195975
134,36,-25.787056701425
134,37,-72.341555384497
134,38,-63.378223745363
134,39,-68.920928809821
134,40,-66.307972903385
134,41,-58.166425204690
134,42,-16.019103172664
134,43,-5.513013277006
134,44,-62.598766137402
134,45,-20.573702743066
134,46,-15.659008695395
134,47,-61.663850111676
134,48,-26.039812489631
134,49,-22.919035302017
134,50,-69.110315486309
134,51,-10.722916328516
134,52,-64.368759081925
134,53,-31.448017583883
134,54,-7.781279106872
134,55,-56.431597141251
134,56,-62.858068157839
134,57,-53.737995081399
134,58,-59.381097931036
134,59,-12.632421836635
134,60,-20.574058475642
134,61,-2.967391277358
134,62,-41.602667265011
134,63,7.557823934731
134,64,-17.692851443971
134,65,12.003254757394
134,66,-70.575675068751
134,67,-69.563087771239
134,68,-46.557056036450
134,69,-13.924159218252
134,70,7.225649963751
134,71,-9.166071275766
134,72,-13.711667519841
134,73,-51.351425184301
134,74,-55.153961891774
134,75,-6.848612348491
134,76,-52.813368357245
134,77,-6.650284046074
134,78,-64.592952245861
134,79,-67.944169973351
134,80,-64.737150804518
134,81,-19.432629956340
134,82,-10.586291448722
134,83,3.610874276608
134,84,6.985295268096
134,85,-50.643511407943
134,86,-53.050111759039
134,87,-6.941870675444
134,88,-43.922540645814
134,89,-63.655074808055
134,90,13.532927487664
134,91,-55.250415812057
134,92,-60.132491811528
134,93,-59.393584305391
134,94,-27.350071386434
134,95,-58.353790689333
134,96,-25.022696686574
134,97,-39.075733093829
134,98,-60.419570266917
134,99,-23.061086054062
134,100,0.742382987373
134,101,12.812849714748
134,102,-17.406103015572
134,103,-2.311152244642
134,104,5.158079188463
134,105,-69.075388770798
134,106,34.707682727632
134,107,-64.726952463236
134,108,-25.307524609503
134,109,-65.731595880294
134,110,-45.989911650009
134,111,-57.078449112320
134,112,-68.686347990573
134,113,-61.558359703457
134,114,-57.650174294606
134,115,1.073658860449
134,116,-14.017300794891
134,117,-5.397879810705
134,118,-5.297649480730
134,119,-53.769703918784
134,120,-66.612613962337
134,121,-8.950960193382
134,122,-39.232023243632
134,123,-56.186662823842
134,124,-32.520330458727
134,125,-58.263611841074
134,126,-65.619595592711
134,127,-54.957831141641
134,128,-51.837646121719
134,129,-60.641944039169
134,130,-56.439194873165
134,131,-43.381976405450
134,132,-9.256833673484
134,133,-57.312887629851
134,134,-21.643536666852
134,135,-51.593211080319
134,136,-70.416848608256
134,137,-20.808796633159
134,138,-64.547091082110
134,139,-44.352000513485
134,140,-10.888846271715
134,141,-40.590275109862
134,142,12.306083108386
134,143,-48.196280009142
134,144,-25.025834333384
134,145,-34.326958543905
134,146,5.479856079161
134,147,-44.321964317751
134,148,-74.965245587133
134,149,-58.425181811697
134,150,-78.614372415468
134,151,-23.981457372982
134,152,-54.907176582405
134,153,-64.161515048276
134,154,7.842955268374
134,155,-6.540631297103
134,156,-33.458043160615
134,157,-29.316833931618
134,158,-46.538879250642
134,159,-59.725163781673
134,160,9.037716880033
134,161,-0.540567735028
134,162,1.869774333783
134,163,-13.181012012996
134,164,-14.436921198976
134,165,-64.332821768017
134,166,-9.825462027846
134,167,-6.898829106263
134,168,-37.402226907834
134,169,13.326364457011
134,170,-55.212474614076
134,171,-40.661352173425
134,172,-63.831783775844
134,173,-10.907672142894
134,174,-41.742239362065
134,175,-1.259842396823
134,176,-1.717444179340
134,177,-43.028701607444
134,178,-58.705843769101
134,179,-37.725907102955
134,180,-12.818476656335
134,181,-59.659531883728
134,182,-38.548495976327
134,183,-60.768501279308
134,184,-65.388866803980
134,185,-2.035695154424
134,186,6.248844628142
134,187,8.219782837063
134,188,-54.105048251280
134,189,-20.692047190663
134,190,-12.301852987541
134,191,-21.202017850177
134,192,-50.005651857529
134,193,-23.853169936221
134,194,-51.941536305305
134,195,-68.158745760789
134,196,-8.457476135511
134,197,-8.858760898445
134,198,-19.321298774019
134,199,-1.917863444192
135,0,24.781051971506
135,1,50.598436224478
135,2,2.325084778429
135,3,-13.442423062115
135,4,-3.937031523215
135,5,5.341774903725
135,6,-2.933611650245
135,7,-8.045215283630
135,8,79.264639083689
135,9,3.635372804179
135,10,26.595228401929
135,11,27.605069816018
135,12,5.998203973264
135,13,-16.426228732205
135,14,31.968021290922
135,15,-1.542611240649
135,16,-1.749053371008
135,17,7.578792367050
135,18,-2.401928733183
135,19,57.955829971077
135,20,2.601499583267
135,21,-0.292699852311
135,22,3.159559693224
135,23,55.490722854571
135,24,1.794141310071
135,25,-11.712582900684
135,26,52.508759918230
135,27,38.965253703398
135,28,59.206658255091
135,29,0.463812460592
135,30,44.460935185125
135,31,73.496452738866
135,32,-3.401178385444
135,33,38.498832122874
135,34,5.660794158546
135,35,-16.103010672050
135,36,33.224494294656
135,37,-13.331682003918
135,38,-4.368027381308
135,39,-9.910932171690
135,40,-7.297882110295
135,41,0.843958963851
135,42,42.992799840904
135,43,53.499268364387
135,44,-3.588541686149
135,45,38.438036130807
135,46,43.352907295419
135,47,-2.653591971313
135,48,32.971729397745
135,49,36.092619050949
135,50,-10.100325672487
135,51,48.289177552535
135,52,-5.358598411040
135,53,27.563329406352
135,54,51.230920787908
135,55,2.578849541467
135,56,-3.847853050356
135,57,5.272548665234
135,58,-0.370757532823
135,59,46.379603228110
135,60,38.437680385410
135,61,56.044982106883
135,62,17.408313785949
135,63,66.570576648155
135,64,41.318991250468
135,65,71.016167687252
135,66,-11.565738057245
135,67,-10.553114272494
135,68,12.453746478364
135,69,45.087819294000
135,70,66.238390705461
135,71,49.846078712362
135,72,45.300318650312
135,73,7.659204562893
135,74,3.856530830431
135,75,52.163621158848
135,76,6.197208708450
135,77,52.361956608867
135,78,-5.582799653581
135,79,-8.934138138866
135,80,-5.727003408319
135,81,39.579150039608
135,82,48.425807356136
135,83,62.623484740659
135,84,65.998027347305
135,85,8.367143849166
135,86,5.960456775567
135,87,52.070359470941
135,88,15.088356806016
135,89,-4.644888420124
135,90,72.545895548392
135,91,3.760073434431
135,92,-1.122178489466
135,93,-0.383244357108
135,94,31.661423282509
135,95,0.656586727549
135,96,33.988881855214
135,97,19.935339018455
135,98,-1.409267289593
135,99,35.950563179700
135,100,59.754890070915
135,101,71.825791823154
135,102,41.605750012786
135,103,56.701244790202
135,104,64.170745414121
135,105,-10.065397698439
135,106,93.721413968087
135,107,-5.716804699543
135,108,33.704043667763
135,109,-6.721484318019
135,110,13.020911302287
135,111,1.931974261191
135,112,-9.676342899606
135,113,-2.548097761814
135,114,1.360228476900
135,115,60.086177883146
135,116,44.994674360663
135,117,53.614405980014
135,118,53.714639922226
135,119,5.240838685218
135,120,-7.602534146681
135,121,50.061197547147
135,122,19.779043236515
135,123,2.823792685049
135,124,26.490977888541
135,125,0.746768825375
135,126,-6.609479994608
135,127,4.052668648139
135,128,7.172966104357
135,129,-1.631649074974
135,130,2.571251535766
135,131,15.628940526149
135,132,49.755313043657
135,133,1.697527295713
135,134,37.368163652369
135,135,7.417409954040
135,136,-11.406905873657
135,137,38.202933768400
135,138,-5.536936837263
135,139,14.658881462354
135,140,48.123241629401
135,141,18.420742423878
135,142,71.319006952450
135,143,10.814463435141
135,144,33.985744095327
135,145,24.684284698094
135,146,64.492533901757
135,147,14.688918740459
135,148,-15.955466746920
135,149,0.585193032624
135,150,-19.604725064528
135,151,35.030158692651
135,152,4.103325032709
135,153,-5.151346909515
135,154,66.855718258070
135,155,52.471613309644
135,156,25.553231394370
135,157,29.694589860424
135,158,12.471923919191
135,159,-0.714835781728
135,160,68.050522929632
135,161,58.471893111164
135,162,60.882322048456
135,163,45.830993281270
135,164,44.575038834053
135,165,-5.322659802157
135,166,49.186664196495
135,167,52.113402591305
135,168,21.608905511705
135,169,72.339325073001
135,170,3.798015999630
135,171,18.349662798966
135,172,-4.821603755481
135,173,48.104415079768
135,174,17.268736659251
135,175,57.752592526886
135,176,57.294974252531
135,177,15.982228054774
135,178,0.304520961661
135,179,21.285213652271
135,180,46.193541703229
135,181,-0.649201518769
135,182,20.462595135694
135,183,-1.758210875538
135,184,-6.378742891786
135,185,56.976711807794
135,186,65.261550165364
135,187,67.232559407828
135,188,4.905482268558
135,189,38.319687418312
135,190,46.710183990486
135,191,37.809698380479
135,192,9.005026385108
135,193,35.158450752599
135,194,7.069072177059
135,195,-9.148721658305
135,196,50.554699389730
135,197,50.153400164854
135,198,39.690485234089
135,199,57.094547764638
136,0,35.148595132188
136,1,60.966142819256
136,2,12.692485792482
136,3,-3.075121851987
136,4,6.430329852927
136,5,15.709195013013
136,6,7.433756077291
136,7,2.322120088887
136,8,89.632527158770
136,9,14.002782112155
136,10,36.962783046722
136,11,37.972630853335
136,12,16.365628237683
136,13,-6.058946408310
136,14,42.335609946880
136,15,8.824765291611
136,16,8.618321854519
136,17,17.946226636450
136,18,7.965442359789
136,19,68.323583142912
136,20,12.968902346976
136,21,10.074684591629
136,22,13.526965989375
136,23,65.858460420590
136,24,12.161538963330
136,25,-1.345270741338
136,26,62.876478606508
136,27,49.332886654323
136,28,69.574419345554
136,29,10.831201693101
136,30,54.828602926194
136,31,83.864304295632
136,32,6.966186382509
136,33,48.866462121157
136,34,16.028216287195
136,35,-5.735726302322
136,36,43.592090904487
136,37,-2.964380092846
136,38,5.999331266736
136,39,0.456391391454
136,40,3.069457992598
136,41,11.211350602622
136,42,53.360458287971
136,43,63.866993323201
136,44,6.778821895845
136,45,48.805665744236
136,46,53.720568022138
136,47,7.713777528683
136,48,43.339324407490
136,49,46.460233816986
136,50,0.266996691862
136,51,58.656869528386
136,52,5.008753966962
136,53,37.930890179443
136,54,61.598631386689
136,55,12.946252161804
136,56,6.519508890262
136,57,15.639968336334
136,58,9.996626417029
136,59,56.747283115328
136,60,48.805309996584
136,61,66.412723181733
136,62,27.775810276216
136,63,76.938384357956
136,64,51.686639101557
136,65,81.384003541520
136,66,-1.198424968425
136,67,-0.185794774137
136,68,22.821211606039
136,69,55.455491003559
136,70,76.606196312248
136,71,60.213780544276
136,72,55.667991705108
136,73,18.026639341297
136,74,14.223941538308
136,75,62.531337662185
136,76,16.564634232549
136,77,62.729674367794
136,78,4.784551305282
136,79,1.433191607051
136,80,4.640346637781
136,81,49.946786876753
136,82,58.793500196931
136,83,72.991267462196
136,84,76.365831432398
136,85,18.734583108780
136,86,16.327880801044
136,87,62.438075383870
136,88,25.455838610826
136,89,5.722468475462
136,90,82.913741087243
136,91,14.127483531745
136,92,9.245200704041
136,93,9.984139513697
136,94,42.029009997619
136,95,11.023977180288
136,96,44.356483303862
136,97,30.302851505039
136,98,8.958110086700
136,99,46.318177046473
136,100,70.122654632083
136,101,82.193632803079
136,102,51.973399679191
136,103,67.068990019638
136,104,74.538537931039
136,105,0.301924886990
136,106,104.089393571092
136,107,4.650545411110
136,108,44.071643313291
136,109,3.645859433302
136,110,23.388380020115
136,111,12.299372786911
136,112,0.690982148408
136,113,7.819272405941
136,114,11.727623383573
136,115,70.453944541616
136,116,55.362345480571
136,117,63.982131667726
136,118,64.082366244489
136,119,15.608258155597
136,120,2.764804027858
136,121,60.428900740888
136,122,30.146554733728
136,123,13.191196855842
136,124,36.858531873404
136,125,11.114159848956
136,126,3.757864465668
136,127,14.420080597542
136,128,17.540397804907
136,129,8.735726893690
136,130,12.938654108009
136,131,25.996425752877
136,132,60.123014300974
136,133,12.064924337421
136,134,47.735786493082
136,135,17.784843201909
136,136,-1.039591779489
136,137,48.570561893532
136,138,4.830414411903
136,139,25.026360548567
136,140,58.490932554792
136,141,28.788245322910
136,142,81.686844723969
136,143,21.181918186179
136,144,44.353345524112
136,145,35.051827246229
136,146,74.860328455849
136,147,25.056398016815
136,148,-5.588181443301
136,149,10.952583033453
136,150,-9.237462859004
136,151,45.397766732938
136,152,14.470737302763
136,153,5.216006780327
136,154,77.223527773065
136,155,62.839331762763
136,156,35.920779443099
136,157,40.062164124924
136,158,22.839389161927
136,159,9.652545990175
136,160,78.418340008757
136,161,68.839649550042
136,162,71.250093747105
136,163,56.198669695499
136,164,54.942707297458
136,165,5.044692803320
136,166,59.554361853945
136,167,62.481118776726
136,168,31.976428592177
136,169,82.707169304071
136,170,14.165426337117
136,171,28.717165248061
136,172,5.545752021550
136,173,58.472105885965
136,174,27.636232265984
136,175,68.120344412084
136,176,67.662723240690
136,177,26.349715517834
136,178,10.671909185890
136,179,31.652734683732
136,180,56.561220412579
136,181,9.718180668584
136,182,30.830110959869
136,183,8.609164292015
136,184,3.988603028993
136,185,67.344458781125
136,186,75.629349587951
136,187,77.600371308545
136,188,15.272899616168
136,189,48.687316282543
136,190,57.077865970452
136,191,48.177324016273
136,192,19.372469682479
136,193,45.526059605021
136,194,17.436503219971
136,195,1.218606729373
136,196,60.922405707621
136,197,60.521103942294
136,198,50.058122776034
136,199,67.462295483951
137,0,28.802365829586
137,1,54.619813475343
137,2,6.346343500707
137,3,-9.421203051774
137,4,0.084211824316
137,5,9.363041032651
137,6,1.087634160860
137,7,-4.023982022380
137,8,83.286086727094
137,9,7.656634743500
137,10,30.616546714460
137,11,31.626390608086
137,12,10.019471713880
137,13,-12.405016047451
137,14,35.989352795696
137,15,2.478637985630
137,16,2.272195348422
137,17,11.600063988401
137,18,1.619318383309
137,19,61.977225288239
137,20,6.622758984195
137,21,3.728552442750
137,22,7.180820464317
137,23,59.512112118551
137,24,5.815398728759
137,25,-7.691358643358
137,26,56.530141859919
137,27,42.986602389297
137,28,63.228056643733
137,29,4.485066613044
137,30,48.482297365423
137,31,77.517886217560
137,32,0.620066277697
137,33,42.520179663508
137,34,9.682061070744
137,35,-12.081797193758
137,36,37.245828884581
137,37,-9.310461721696
137,38,-0.346785091955
137,39,-5.889703491062
137,40,-3.276647014231
137,41,4.865214049642
137,42,47.014158416248
137,43,57.520652738291
137,44,0.432702516984
137,45,42.459383522160
137,46,47.374266754989
137,47,1.367654527297
137,48,36.993063367030
137,49,40.113960683295
137,50,-6.079097456852
137,51,52.310549133013
137,52,-1.337358553705
137,53,31.584650095931
137,54,55.252299591848
137,55,6.600108886785
137,56,0.173390516124
137,57,9.293814624201
137,58,3.650494570589
137,59,50.400970119648
137,60,42.459027775891
137,61,60.066372731875
137,62,21.429609541519
137,63,70.591993119495
137,64,45.340345715842
137,65,75.037595075257
137,66,-7.544513439396
137,67,-6.531887168516
137,68,16.475030069014
137,69,49.109183013592
137,70,70.259806361086
137,71,53.867454115811
137,72,49.321682891699
137,73,11.680476381676
137,74,7.877793312742
137,75,56.185002253042
137,76,10.218476937676
137,77,56.383338190084
137,78,-1.561560346709
137,79,-4.912907060061
137,80,-1.705764455488
137,81,43.600500232897
137,82,52.447179272109
137,83,66.644891519558
137,84,70.019442412697
137,85,12.388417406124
137,86,9.981724423509
137,87,56.091740336131
137,88,19.109646865392
137,89,-0.623646810513
137,90,76.567326692857
137,91,7.781335679916
137,92,2.899071769054
137,93,3.638007715643
137,94,35.682754034475
137,95,4.677841353303
137,96,38.010218322015
137,97,23.956640978671
137,98,2.611982264069
137,99,39.971904463244
137,100,63.776289805770
137,101,75.847221199307
137,102,45.627105182284
137,103,60.722637026665
137,104,68.192155992452
137,105,-6.044169397042
137,106,97.742897113327
137,107,-1.695565721668
137,108,37.725379435171
137,109,-2.700247806803
137,110,17.042196285489
137,111,5.953232018292
137,112,-5.655113643028
137,113,1.473148995807
137,114,5.381484830243
137,115,64.107578431503
137,116,49.016037851543
137,117,57.635790636647
137,118,57.736024824982
137,119,9.262104566325
137,120,-3.581299798585
137,121,54.082573478816
137,122,23.800344812975
137,123,6.845052631761
137,124,30.512295945104
137,125,4.768023672543
137,126,-2.588243208404
137,127,8.073931612016
137,128,11.194236729301
137,129,2.389599932700
137,130,6.592510862429
137,131,19.650231912819
137,132,53.776688224229
137,133,5.718784477191
137,134,41.389508416723
137,135,11.438681179156
137,136,-7.385680865853
137,137,42.224280582472
137,138,-1.515697417788
137,139,18.680170467240
137,140,52.144612802425
137,141,22.442040665279
137,142,75.340435084123
137,143,14.835743000905
137,144,38.007080554424
137,145,28.705598318578
137,146,68.513945270264
137,147,18.710207819102
137,148,-11.934252906387
137,149,4.606447483093
137,150,-15.583520183282
137,151,39.051497716217
137,152,8.124588120962
137,153,-1.130106543351
137,154,70.877135429611
137,155,56.492995160123
137,156,29.574547148419
137,157,33.715915783047
137,158,16.493207554471
137,159,3.306415476902
137,160,72.071943035146
137,161,62.493289695551
137,162,64.903724551797
137,163,49.852358825709
137,164,48.596401294533
137,165,-1.301419856594
137,166,53.208037980752
137,167,56.134783562185
137,168,25.630211581076
137,169,76.360755710200
137,170,7.819278338276
137,171,22.370960865846
137,172,-0.800362579736
137,173,52.125786206561
137,174,21.290032072109
137,175,61.773987344990
137,176,61.316367946929
137,177,20.003520308870
137,178,4.325774723016
137,179,25.306518926875
137,180,50.214908137903
137,181,3.372049901009
137,182,24.483898390492
137,183,2.263037821402
137,184,-2.357505539083
137,185,60.998104720682
137,186,69.282963422258
137,187,71.253977504741
137,188,8.926747326288
137,189,42.341034519064
137,190,50.731551693760
137,191,41.831044228988
137,192,13.026301508224
137,193,39.179790091177
137,194,11.090342546915
137,195,-5.127491106330
137,196,54.576076533194
137,197,54.174776322929
137,198,43.711835700757
137,199,61.115940966876
138,0,33.983262191214
138,1,59.800791508264
138,2,11.527168828805
138,3,-4.240427597695
138,4,5.265017344558
138,5,14.543875903029
138,6,6.268442855020
138,7,1.156810503329
138,8,88.467155449362
138,9,12.837464216238
138,10,35.797448814927
138,11,36.807295903018
138,12,15.200308660656
138,13,-7.224250031191
138,14,41.170271892224
138,15,7.659451079686
138,16,7.453007789474
138,17,16.780905934866
138,18,6.800128759241
138,19,67.158226596650
138,20,11.803585186637
138,21,8.909369490430
138,22,12.361648431986
138,23,64.693105628423
138,24,10.996222377406
138,25,-2.510577717738
138,26,61.711125936206
138,27,48.167543620912
138,28,68.409061909239
138,29,9.665886053670
138,30,53.663255982363
138,31,82.698936690889
138,32,5.800873492903
138,33,47.701119419624
138,34,14.862896950232
138,35,-6.901030155161
138,36,42.426751955813
138,37,-4.129685917338
138,38,4.834019065005
138,39,-0.708916866730
138,40,1.904147875350
138,41,10.046034692728
138,42,52.195112388792
138,43,62.701639948085
138,44,5.613509139541
138,45,47.640323085958
138,46,52.555221866722
138,47,6.548464107196
138,48,42.173985638670
138,49,45.294892827551
138,50,-0.898311431578
138,51,57.491519860559
138,52,3.843442469981
138,53,36.765555258826
138,54,60.433279625649
138,55,11.780935017581
138,56,5.354196318447
138,57,14.474649275602
138,58,8.831311371367
138,59,55.581934806265
138,60,47.639967338560
138,61,65.247367995173
138,62,26.610482581003
138,63,75.773021681620
138,64,50.521294393358
138,65,80.218637701735
138,66,-2.363732049293
138,67,-1.351102575441
138,68,21.655887435983
138,69,54.290143613667
138,70,75.440833872293
138,71,59.048429768627
138,72,54.502644164008
138,73,16.861318582502
138,74,13.058623485049
138,75,61.365985237469
138,76,15.399314513939
138,77,61.564321801947
138,78,3.619239967818
138,79,0.267882653920
138,80,3.475035402909
138,81,48.781443406522
138,82,57.628150431890
138,83,71.825907594539
138,84,75.200469163479
138,85,17.569261846293
138,86,15.162561250880
138,87,61.272723025519
138,88,24.290512566258
138,89,4.557156470706
138,90,81.748374158917
138,91,12.962165547113
138,92,8.079886192994
138,93,8.818824476919
138,94,40.863672161111
138,95,9.858661403705
138,96,43.191143811309
138,97,29.137522011828
138,98,7.792795779911
138,99,45.152836158122
138,100,68.957296805660
138,101,81.028266387177
138,102,50.808054766952
138,103,65.903634366099
138,104,73.373176962385
138,105,-0.863383261298
138,106,102.924011573938
138,107,3.485234168984
138,108,42.906304023403
138,109,2.480548905965
138,110,22.223055446528
138,111,11.134056102921
138,112,-0.474326276679
138,113,6.653958909395
138,114,10.562307106360
138,115,69.288586479452
138,116,54.196998156956
138,117,62.816778210683
138,118,62.917012716120
138,119,14.442939117427
138,120,1.599494127353
138,121,59.263549812174
138,122,28.981225351723
138,123,12.025879537345
138,124,35.693197715787
138,125,9.948844008206
138,126,2.592553858645
138,127,13.254762404729
138,128,16.375077392062
138,129,7.570412745117
138,130,11.773336969192
138,131,24.831099323688
138,132,58.957663589907
138,133,10.899607820233
138,134,46.570444596058
138,135,16.619522615139
138,136,-2.204898973359
138,137,47.405219402543
138,138,3.665103041807
138,139,23.861034809568
138,140,57.325583005040
138,141,27.622916907349
138,142,80.521478668692
138,143,20.016595182460
138,144,43.188006033786
138,145,33.886494374099
138,146,73.694967258220
138,147,23.891072256447
138,148,-6.753485401110
138,149,9.787267307664
138,150,-10.402764220584
138,151,44.232426499482
138,152,13.305419073913
138,153,4.050695135898
138,154,76.058164893824
138,155,61.673979118888
138,156,34.755445952702
138,157,38.896827687873
138,158,21.674064978935
138,159,8.487231189312
138,160,77.252976279306
138,161,67.674292636570
138,162,70.084735118427
138,163,55.033321776798
138,164,53.777360272441
138,165,3.879381280778
138,166,58.389011547508
138,167,61.315766387743
138,168,30.811097908219
138,169,81.541802522734
138,170,13.000108325483
138,171,27.551836883067
138,172,4.380440142515
138,173,57.306756349615
138,174,26.470904670074
138,175,66.954988010439
138,176,66.497367164673
138,177,25.184388837275
138,178,9.506593659789
138,179,30.487404230080
138,180,55.395872235909
138,181,8.552865821031
138,182,29.664781091516
138,183,7.443850233489
138,184,2.823292257803
138,185,66.179102931579
138,186,74.463987843097
138,187,76.435008161148
138,188,14.107580816599
138,189,47.521973708470
138,190,55.912517426164
138,191,47.011981805081
138,192,18.207147966146
138,193,44.360719280281
138,194,16.271182881042
138,195,0.053297928913
138,196,59.757054427755
138,197,59.355752947966
138,198,48.892779226589
138,199,66.296939550557
139,0,10.493605780823
139,1,36.310764796122
139,2,-11.962165512021
139,3,-27.729535807201
139,4,-18.224227186445
139,5,-8.945501702954
139,6,-17.220816066700
139,7,-22.332375109800
139,8,64.976717547172
139,9,-10.651888916604
139,10,12.307766384358
139,11,13.317598988557
139,12,-8.289078359827
139,13,-30.713315449131
139,14,17.680512400650
139,15,-15.829827791371
139,16,-16.036268120843
139,17,-6.708503754468
139,18,-16.689137787718
139,19,43.668094352273
139,20,-11.685753118494
139,21,-14.579927306564
139,22,-11.127697876778
139,23,41.203008743018
139,24,-12.493104348694
139,25,-25.999710735494
139,26,38.221071823144
139,27,24.677683767753
139,28,44.918911723173
139,29,-13.823421593064
139,30,30.173317303233
139,31,59.208581530285
139,32,-17.688378723127
139,33,24.211266256425
139,34,-8.626485231121
139,35,-30.390100208439
139,36,18.936974442717
139,37,-27.618795715018
139,38,-18.655219284803
139,39,-24.198075722714
139,40,-21.585048455679
139,41,-13.443278406005
139,42,28.705194767608
139,43,39.211571627515
139,44,-17.875740389391
139,45,24.150470794761
139,46,29.065299080401
139,47,-16.940798830488
139,48,18.684211750973
139,49,21.805074176918
139,50,-24.387467571389
139,51,34.001526271342
139,52,-19.645781673426
139,53,13.275858943030
139,54,36.943243841415
139,55,-11.708402962708
139,56,-18.135049491524
139,57,-9.014727337533
139,58,-14.657984306141
139,59,32.091968606932
139,60,24.150115052464
139,61,41.757263159612
139,62,3.120931914367
139,63,52.282765867516
139,64,27.031400780070
139,65,56.728318119160
139,66,-25.852867173016
139,67,-24.840252221606
139,68,-1.833592170660
139,69,30.800195942909
139,70,51.950582823105
139,71,35.558413847975
139,72,31.012693445293
139,73,-6.628092260114
139,74,-10.430732819630
139,75,37.875936074946
139,76,-8.090075360669
139,77,38.074269794575
139,78,-19.869980960189
139,79,-23.221290210720
139,80,-20.014183456988
139,81,25.291574748146
139,82,34.138154882916
139,83,48.335708397761
139,84,51.710221562091
139,85,-5.920159149638
139,86,-8.326825228229
139,87,37.782675200709
139,88,0.800995173297
139,89,-18.932077908459
139,90,58.258032633443
139,91,-10.527189374181
139,92,-15.409398707809
139,93,-14.670471021498
139,94,17.373917067045
139,95,-13.630649007770
139,96,19.701355334619
139,97,5.647935101464
139,98,-15.696485003529
139,99,21.663019544998
139,100,45.467138755826
139,101,57.537935191103
139,102,27.318157040609
139,103,42.413520117254
139,104,49.882955571666
139,105,-24.352539902022
139,106,79.433366291814
139,107,-20.003984837174
139,108,19.416519632148
139,109,-21.008655691505
139,110,-1.266432294535
139,111,-12.355272599954
139,112,-23.963488497015
139,113,-16.835305541259
139,114,-12.927013396620
139,115,45.798423677661
139,116,30.707051822210
139,117,39.326708238616
139,118,39.426941306330
139,119,-9.046437040932
139,120,-21.889697834500
139,121,35.773530805949
139,122,5.491640683031
139,123,-11.463461955886
139,124,12.203516780457
139,125,-13.540467696643
139,126,-20.896652345138
139,127,-10.234596712937
139,128,-7.114326476891
139,129,-15.918864848987
139,130,-11.716000902125
139,131,1.341574177495
139,132,35.467648971149
139,133,-12.589717520241
139,134,23.080607650176
139,135,-6.869884759639
139,136,-25.694036374953
139,137,23.915370483453
139,138,-19.824118543947
139,139,0.371523576279
139,140,33.835591795912
139,141,4.133351720033
139,142,57.031154742093
139,143,-3.472860913258
139,144,19.698217602105
139,145,10.396839351612
139,146,50.204741251750
139,147,0.401560592349
139,148,-30.242557570353
139,149,-13.702042079894
139,150,-33.891784055173
139,151,20.742623087761
139,152,-10.183940770272
139,153,-19.438531979831
139,154,52.567904989606
139,155,38.183925538644
139,156,11.265778467190
139,157,15.407100803837
139,158,-1.815414888413
139,159,-15.002059553495
139,160,53.762699236620
139,161,44.184152989867
139,162,46.594560896810
139,163,31.543363446413
139,164,30.287419956680
139,165,-19.609843378050
139,166,34.899005085179
139,167,37.825717945540
139,168,7.321486994682
139,169,58.051463960379
139,170,-10.489247139973
139,171,4.062272715215
139,172,-19.108791702267
139,173,33.816765410527
139,174,2.981356005315
139,175,43.464858681269
139,176,43.007244399494
139,177,1.694858624112
139,178,-13.982711702425
139,179,6.997797959113
139,180,31.905908705339
139,181,-14.936425863096
139,182,6.175186618981
139,183,-16.045425545497
139,184,-20.665917255115
139,185,42.688984731489
139,186,50.973750805802
139,187,52.944742851469
139,188,-9.381790532083
139,189,24.032123114768
139,190,32.422546485177
139,191,23.522138526219
139,192,-5.282282178363
139,193,20.870914028463
139,194,-7.218219497860
139,195,-23.435871858288
139,196,36.267028342954
139,197,35.865732619233
139,198,25.402908971308
139,199,42.806819660254
140,0,24.330744722720
140,1,50.148121876904
140,2,1.874783703810
140,3,-13.892719801734
140,4,-4.387330876154
140,5,4.891472999698
140,6,-3.383911279067
140,7,-8.495513507092
140,8,78.814316853481
140,9,3.185071369306
140,10,26.144920654326
140,11,27.154761790756
140,12,5.547901888756
140,13,-16.876524651503
140,14,31.517712066037
140,15,-1.992911251902
140,16,-2.199353325494
140,17,7.128489847972
140,18,-2.852228508178
140,19,57.505513600416
140,20,2.151198432643
140,21,-0.743000207207
140,22,2.709258389179
140,23,55.040407161752
140,24,1.343840381422
140,25,-12.162880115880
140,26,52.058445045368
140,27,38.514942554553
140,28,58.756341540480
140,29,0.013511897705
140,30,44.010622525166
140,31,73.046132094838
140,32,-3.851477885713
140,33,38.048521102275
140,34,5.210492166807
140,35,-16.553306680202
140,36,32.774184724301
140,37,-13.781978773986
140,38,-4.818326615758
140,39,-10.361229882219
140,40,-7.748180539231
140,41,0.393658296445
140,42,42.542487584637
140,43,53.048953219157
140,44,-4.038841134898
140,45,37.987725126928
140,46,42.902594940126
140,47,-3.103891677114
140,48,32.521419896890
140,49,35.642308691968
140,50,-10.550623330950
140,51,47.838863839934
140,52,-5.808897373143
140,53,27.113021392564
140,54,50.780606266417
140,55,2.128548397071
140,56,-4.298152427815
140,57,4.822246780241
140,58,-0.821057866255
140,59,45.929290040578
140,60,37.987369381633
140,61,55.594666261655
140,62,16.958008564296
140,63,66.120257908624
140,64,40.868679454434
140,65,70.565847725258
140,66,-12.016035312816
140,67,-11.003411806465
140,68,12.003442618952
140,69,44.637506461666
140,70,65.788072057279
140,71,49.395764571658
140,72,44.850005759552
140,73,7.208902021710
140,74,3.406229334760
140,75,51.713306380887
140,76,5.746906569235
140,77,51.911641776373
140,78,-6.033098554050
140,79,-9.384436117944
140,80,-6.177302269134
140,81,39.128838721968
140,82,47.975493605969
140,83,62.173167086497
140,84,65.547708765218
140,85,7.916841113343
140,86,5.510154701435
140,87,51.620044718627
140,88,14.638052222232
140,89,-5.095187578452
140,90,72.095575165753
140,91,3.309771965280
140,92,-1.572478616312
140,93,-0.833544687113
140,94,31.211114141930
140,95,0.206286111657
140,96,33.538572074678
140,97,19.485033101999
140,98,-1.859567337502
140,99,35.500252859783
140,100,59.304573205554
140,101,71.375471638530
140,102,41.155438137903
140,103,56.250928764515
140,104,63.720427334505
140,105,-10.515695366499
140,106,93.271087762347
140,107,-6.167103563166
140,108,33.253733965546
140,109,-7.171782905425
140,110,12.570607286936
140,111,1.481673294649
140,112,-10.126640674629
140,113,-2.998397496616
140,114,0.909927667555
140,115,59.635860926690
140,116,44.544361553941
140,117,53.164090803133
140,118,53.264324717784
140,119,4.790536808941
140,120,-8.052832491856
140,121,49.610883347290
140,122,19.328737363037
140,123,2.373491473314
140,124,26.040670169605
140,125,0.296468184693
140,126,-7.059778612806
140,127,3.602367098538
140,128,6.722663696855
140,129,-2.081949061750
140,130,2.120950393466
140,131,15.178635793738
140,132,49.304998927910
140,133,1.247226393629
140,134,36.917852942664
140,135,6.967107479337
140,136,-11.857203172898
140,137,37.752622829168
140,138,-5.987235750341
140,139,14.208576996651
140,140,47.672927962427
140,141,17.970436923868
140,142,70.868686907190
140,143,10.364160026445
140,144,33.535434315650
140,145,24.233977475917
140,146,64.042215733651
140,147,14.238614266505
140,148,-16.405762795635
140,149,0.134892436363
140,150,-20.055020109969
140,151,34.579848625806
140,152,3.653023469182
140,153,-5.601645928604
140,154,66.405399440133
140,155,52.021298446998
140,156,25.102923933264
140,157,29.244281260639
140,158,12.021620054780
140,159,-1.165136020565
140,160,67.600203783149
140,161,58.021576598599
140,162,60.432004873081
140,163,45.380680244583
140,164,44.124726142720
140,165,-5.772958774141
140,166,48.736350237115
140,167,51.663087827154
140,168,21.158599135109
140,169,71.889004747165
140,170,3.347714520045
140,171,17.899357318500
140,172,-5.271902865228
140,173,47.654101417967
140,174,16.818431475978
140,175,57.302276212111
140,176,56.844658063594
140,177,15.531923225222
140,178,-0.145779557432
140,179,20.834907364675
140,180,45.743228566862
140,181,-1.099501775643
140,182,20.012289074271
140,183,-2.208510827513
140,184,-6.829041573423
140,185,56.526395706365
140,186,64.811231785789
140,187,66.782240486267
140,188,4.455180484489
140,189,37.869376446972
140,190,46.259870712056
140,191,37.359387549368
140,192,8.554723473899
140,193,34.708140650480
140,194,6.618769798122
140,195,-9.599019578382
140,196,50.104385054176
140,197,49.703085939647
140,198,39.240173885832
140,199,56.644231630802
141,0,-26.550910864848
141,1,-0.734335901114
141,2,-49.006174179442
141,3,-64.773187813196
141,4,-55.268094202991
141,5,-45.989578609544
141,6,-54.264705780748
141,7,-59.376149199234
141,8,27.930968308050
141,9,-47.695927223387
141,10,-24.736791301162
141,11,-23.726981541426
141,12,-45.333170115264
141,13,-67.756899962915
141,14,-19.364166827923
141,15,-52.873748970138
141,16,-53.080184629842
141,17,-43.752631263938
141,18,-53.733039528532
141,19,6.622827206280
141,20,-48.729768038545
141,21,-51.623876758676
141,22,-48.171725420427
141,23,4.157797366286
141,24,-49.537101005939
141,25,-63.043401869851
141,26,1.175927908305
141,27,-12.367153754247
141,28,7.873616278979
141,29,-50.867388157749
141,30,-6.871644545572
141,31,22.162962793802
141,32,-54.732257860749
141,33,-12.833560713967
141,34,-45.670569354130
141,35,-67.433692033235
141,36,-18.107733209952
141,37,-64.662450225936
141,38,-55.699076552184
141,39,-61.241807609935
141,40,-58.628839449717
141,41,-50.487253569736
141,42,-8.339733867942
141,43,2.166405304146
141,44,-54.919615288818
141,45,-12.894354800279
141,46,-7.979637701756
141,47,-53.984694878636
141,48,-18.360490183608
141,49,-15.239698359183
141,50,-61.431195174569
141,51,-3.043522183390
141,52,-56.689616534029
141,53,-23.768720642700
141,54,-0.101871164610
141,55,-48.752417370401
141,56,-55.178918525300
141,57,-46.058802678184
141,58,-51.701931992568
141,59,-4.953036647596
141,60,-12.894710534521
141,61,4.712039243648
141,62,-33.923417948921
141,63,15.237303823451
141,64,-10.013489989477
141,65,19.682755497452
141,66,-62.896561628957
141,67,-61.883969582814
141,68,-38.877829955913
141,69,-6.244780087771
141,70,14.905128294420
141,71,-1.486669828599
141,72,-6.032287392729
141,73,-43.672221588560
141,74,-47.474776129129
141,75,0.830799968266
141,76,-45.134171617734
141,77,1.029129200906
141,78,-56.913810749349
141,79,-60.265044192834
141,80,-57.058009984255
141,81,-11.753276661722
141,82,-2.906896662789
141,83,11.290335652317
141,84,14.664772471384
141,85,-42.964304492227
141,86,-45.370916129803
141,87,0.737541203904
141,88,-36.243302209718
141,89,-55.975928913220
141,90,21.212435402718
141,91,-47.571230501759
141,92,-52.453329396878
141,93,-51.714418425472
141,94,-19.670755225641
141,95,-50.674619933074
141,96,-17.343369610171
141,97,-31.396471926579
141,98,-52.740409198574
141,99,-15.381749777465
141,100,8.421830908643
141,101,20.492354252237
141,102,-9.726740216174
141,103,5.368281354371
141,104,12.837547821255
141,105,-61.396268295262
141,106,42.387289966544
141,107,-57.047811595141
141,108,-17.628198868973
141,109,-58.052459723622
141,110,-38.310682909636
141,111,-49.399272375042
141,112,-61.007225690591
141,113,-53.879203975695
141,114,-49.971000238576
141,115,8.753108335542
141,116,-6.337922101273
141,117,2.281539310461
141,118,2.381770110551
141,119,-46.090511664283
141,120,-58.933481937325
141,121,-1.271557737280
141,122,-31.552762809384
141,123,-48.507481904315
141,124,-24.841038546729
141,125,-50.584440661900
141,126,-57.940458910794
141,127,-47.278644459184
141,128,-44.158444806264
141,129,-52.962784013696
141,130,-48.760015137952
141,131,-35.702735434163
141,132,-1.577432652019
141,133,-49.633711992028
141,134,-13.964193741747
141,135,-43.914008618514
141,136,-62.737734423630
141,137,-13.129449792992
141,138,-56.867949370528
141,139,-36.672764091505
141,140,-3.209452904848
141,141,-32.911021045729
141,142,19.985585268871
141,143,-40.517061616323
141,144,-17.346507271701
141,145,-26.647675105021
141,146,13.159326221234
141,147,-36.642727754908
141,148,-67.286152732508
141,149,-50.746011390242
141,150,-70.935296673480
141,151,-16.302125413044
141,152,-47.227989662388
141,153,-56.482371528473
141,154,15.522436494495
141,155,1.138782464186
141,156,-25.778755646505
141,157,-21.637526995088
141,158,-38.859653084852
141,159,-52.045999456772
141,160,16.717203710177
141,161,7.138874168697
141,162,9.549227542986
141,163,-5.501629396982
141,164,-6.757544473476
141,165,-56.653679051582
141,166,-2.146063673412
141,167,0.780582974963
141,168,-29.722957891914
141,169,21.005871403169
141,170,-47.533289125837
141,171,-32.982098442633
141,172,-56.152638709711
141,173,-3.228278864321
141,174,-34.062990700557
141,175,6.419596133230
141,176,5.961992204378
141,177,-35.349458979334
141,178,-51.026674663874
141,179,-30.046639605083
141,180,-5.139092339938
141,181,-51.980367251032
141,182,-30.869232336365
141,183,-53.089341847350
141,184,-57.709729040034
141,185,5.643739736581
141,186,13.928318377126
141,187,15.899265830689
141,188,-46.425857569469
141,189,-13.012699802930
141,190,-4.622466248053
141,191,-13.522672854284
141,192,-42.326441950368
141,193,-16.173837374597
141,194,-44.262335477077
141,195,-60.479620986560
141,196,-0.778071364817
141,197,-1.179358009904
141,198,-11.641944957250
141,199,5.761571999486
142,0,11.027927816242
142,1,36.845095255194
142,2,-11.427850803069
142,3,-27.195226242300
142,4,-17.689914520495
142,5,-8.411186009798
142,6,-16.686503073390
142,7,-21.798063784117
142,8,65.511057360018
142,9,-10.117573780168
142,10,12.842089011683
142,11,13.851921945359
142,12,-7.754762452510
142,13,-30.179006857652
142,14,18.214836780957
142,15,-15.295514344252
142,16,-15.501954741077
142,17,-6.174187331482
142,18,-16.154824620950
142,19,44.202427211996
142,20,-11.151438319364
142,21,-14.045613451664
142,22,-10.593382895582
142,23,41.737340798391
142,24,-11.958789812961
142,25,-25.465400606256
142,26,38.755402905525
142,27,25.212010431096
142,28,45.453244991040
142,29,-13.289107491357
142,30,30.707645759721
142,31,59.742919460921
142,32,-17.154065882358
142,33,24.745592767584
142,34,-8.092169433883
142,35,-29.855791511523
142,36,19.471299232988
142,37,-27.084486113992
142,38,-18.120906759461
142,39,-23.663765005709
142,40,-21.050736886187
142,41,-12.908964180271
142,42,29.239522745062
142,43,39.745903033094
142,44,-17.341427609746
142,45,24.684797286085
142,46,29.599627175361
142,47,-16.406485745822
142,48,19.218536458771
142,49,22.339399902987
142,50,-23.853156916171
142,51,34.535855976923
142,52,-19.111469471252
142,53,13.810181886212
142,54,37.477574506855
142,55,-11.174088170963
142,56,-17.600736796478
142,57,-8.480411666969
142,58,-14.123670476707
142,59,32.626297689450
142,60,24.684441543679
142,61,42.291595395836
142,62,3.655251544318
142,63,52.817101538210
142,64,27.565728211397
142,65,57.262655240462
142,66,-25.318556995866
142,67,-24.305941714105
142,68,-1.299274157194
142,69,31.334524603939
142,70,52.484918385409
142,71,36.092744061556
142,72,31.547022175655
142,73,-6.093775810892
142,74,-9.896417611038
142,75,38.410267044717
142,76,-7.555759388430
142,77,38.608600829066
142,78,-19.335668831161
142,79,-22.686979175043
142,80,-19.479871374999
142,81,25.825901611795
142,82,34.672484633084
142,83,48.870042780516
142,84,52.244557045968
142,85,-5.385842469448
142,86,-7.792509333238
142,87,38.317006140045
142,88,1.335314046330
142,89,-18.397765473441
142,90,58.792370253905
142,91,-9.992874197058
142,92,-14.875085123524
142,93,-14.136157196139
142,94,17.908241347322
142,95,-13.096334843161
142,96,20.235680374288
142,97,6.182255555890
142,98,-15.162171512908
142,99,22.197345224718
142,100,46.001472202573
142,101,58.072272576595
142,102,27.852484565497
142,103,42.947852567617
142,104,50.417290459300
142,105,-23.818229235403
142,106,79.967710822159
142,107,-19.469672751868
142,108,19.950844578882
142,109,-20.474343933965
142,110,-0.732114096019
142,111,-11.820958019256
142,112,-23.429177703467
142,113,-16.300992422170
142,114,-12.392699002456
142,115,46.332757232507
142,116,31.241380452848
142,117,39.861039681768
142,118,39.961272782180
142,119,-8.512121380714
142,120,-21.355386364397
142,121,36.307861089721
142,122,6.025961086460
142,123,-10.929147084229
142,124,12.737839373767
142,125,-13.006153502618
142,126,-20.362340551059
142,127,-9.700281440360
142,128,-6.580010186306
142,129,-15.384551430914
142,130,-11.181686112861
142,131,1.875893226897
142,132,36.001979155117
142,133,-12.055403016027
142,134,23.614933792429
142,135,-6.335568389302
142,136,-25.159726145990
142,137,24.449696898067
142,138,-19.289806399960
142,139,0.905842309192
142,140,34.369921447353
142,141,4.667671680298
142,142,57.565491962217
142,143,-2.938543434611
142,144,20.232542640755
142,145,10.931161355453
142,146,50.739076244383
142,147,0.935879335069
142,148,-29.708248825300
142,149,-13.167727938584
142,150,-33.357476500634
142,151,21.276948467173
142,152,-9.649625481165
142,153,-18.904219710050
142,154,53.102240753346
142,155,38.718256608910
142,156,11.800100754546
142,157,15.941424442390
142,158,-1.281096869010
142,159,-14.467745836315
142,160,54.297035390227
142,161,44.718486017984
142,162,47.128894711437
142,163,32.077692349922
142,164,30.821748450391
142,165,-19.075531164155
142,166,35.433335083602
142,167,38.360048898925
142,168,7.855807995133
142,169,58.585801513436
142,170,-9.954931950480
142,171,4.596592652284
142,172,-18.574479324903
142,173,34.351095055827
142,174,3.515675589726
142,175,43.999191474679
142,176,43.541577043579
142,177,2.229177788780
142,178,-13.448397652683
142,179,7.532118853953
142,180,32.440237727147
142,181,-14.402112124502
142,182,6.709507245425
142,183,-15.511112168715
142,184,-20.131605385759
142,185,43.223317271732
142,186,51.508086049362
142,187,53.479078738172
142,188,-8.847474981274
142,189,24.566449567486
142,190,32.956875675562
142,191,24.056464812536
142,192,-4.747965290058
142,193,21.405239449727
142,194,-6.683903241166
142,195,-22.901560892613
142,196,36.801358787750
142,197,36.400062933084
142,198,25.937235871286
142,199,43.341152238943
143,0,-28.708326451888
143,1,-2.891785504864
143,2,-51.163560180488
143,3,-66.930553041340
143,4,-57.425471953924
143,5,-48.146968585017
143,6,-56.422084853642
143,7,-61.533521537836
143,8,25.773480931508
143,9,-49.853314950713
143,10,-26.894209278471
143,11,-25.884400849260
143,12,-47.490560955579
143,13,-69.914261260135
143,14,-21.521591884222
143,15,-55.031129875621
143,16,-55.237565263342
143,17,-45.910024186662
143,18,-55.890419301890
143,19,4.465367908117
143,20,-50.887154403768
143,21,-53.781259310868
143,22,-50.329112520878
143,23,2.000341316270
143,24,-51.694486307482
143,25,-65.200769376934
143,26,-0.981524212555
143,27,-14.524588029977
143,28,5.716155332651
143,29,-53.024771706623
143,30,-9.029086062423
143,31,20.005483018082
143,32,-56.889636317639
143,33,-14.990994375148
143,34,-47.827959749906
143,35,-69.591053756267
143,36,-20.265159921742
143,37,-66.819815599971
143,38,-57.856453735294
143,39,-63.399177490573
143,40,-60.786212772895
143,41,-52.644637619444
143,42,-10.497173450371
143,43,0.008951878161
143,44,-57.076993498871
143,45,-15.051788381345
143,46,-10.137077758664
143,47,-56.142074320436
143,48,-20.517916562370
143,49,-17.397128849960
143,50,-63.588564805694
143,51,-5.200968744401
143,52,-58.846992412109
143,53,-25.926139895542
143,54,-2.259321601749
143,55,-50.909803705777
143,56,-57.336296393718
143,57,-48.216192562460
143,58,-53.859314441921
143,59,-7.110480692514
143,60,-15.052144115129
143,61,2.554582463315
143,62,-36.080823822122
143,63,13.079833173913
143,64,-12.170927366482
143,65,17.525278989997
143,66,-65.053929329493
143,67,-64.041338617419
143,68,-41.035229301386
143,69,-8.402222430617
143,70,12.747658082590
143,71,-3.644118441021
143,72,-8.189730015562
143,73,-45.829614617229
143,74,-49.632164147821
143,75,-1.326651697826
143,76,-47.291562720231
143,77,-1.128322726516
143,78,-59.071186332054
143,79,-62.422415360335
143,80,-59.215385376978
143,81,-13.910711746321
143,82,-5.064343403828
143,83,9.132870203757
143,84,12.507302576276
143,85,-45.121698453593
143,86,-47.528306920387
143,87,-1.419910339304
143,88,-38.400705026324
143,89,-58.133305731579
143,90,19.054956879540
143,91,-49.728618393376
143,92,-54.610710856257
143,93,-53.871800858375
143,94,-21.828179877979
143,95,-52.832003735923
143,96,-19.500797329099
143,97,-33.553881129206
143,98,-54.897790279727
143,99,-17.539180081068
143,100,6.264369239936
143,101,18.334876677945
143,102,-11.884177971013
143,103,3.210823709313
143,104,10.680080333914
143,105,-63.553637972400
143,106,40.229783539638
143,107,-59.205187001302
143,108,-19.785626212608
143,109,-60.209833806170
143,110,-40.468083002357
143,111,-51.556657858178
143,112,-63.164595880284
143,113,-56.036583556488
143,114,-52.128384968448
143,115,6.595646230307
143,116,-8.495364321388
143,117,0.124085732758
143,118,0.224316400774
143,119,-48.247901506780
143,120,-61.090854859140
143,121,-3.429006633145
143,122,-33.710171806080
143,123,-50.664868562402
143,124,-26.998456386689
143,125,-52.741824583558
143,126,-60.097833140906
143,127,-49.436032736288
143,128,-46.315837194321
143,129,-55.120164801869
143,130,-50.917401463317
143,131,-37.860138962991
143,132,-3.734881144846
143,133,-51.791097166286
143,134,-16.121625913169
143,135,-46.071401328620
143,136,-64.895102333423
143,137,-15.286883064298
143,138,-59.025325013652
143,139,-38.830166342268
143,140,-5.366899247216
143,141,-35.068428252831
143,142,17.828108362366
143,143,-42.674458802030
143,144,-19.503934986496
143,145,-28.805090564565
143,146,11.001858309879
143,147,-38.800130045252
143,148,-69.443514649916
143,149,-52.903395099034
143,150,-73.092653783322
143,151,-18.459554503941
143,152,-49.385378006227
143,153,-58.639747679597
143,154,13.364965469227
143,155,-1.018669607729
143,156,-27.936172250935
143,157,-23.794949055984
143,158,-41.017052454277
143,159,-54.203381452811
143,160,14.559731110530
143,161,4.981414190537
143,162,7.391764388703
143,163,-7.659072719041
143,164,-8.914986140669
143,165,-58.811054977014
143,166,-4.303511416969
143,167,-1.376868624960
143,168,-31.880369299521
143,169,18.848393152199
143,170,-49.690677067440
143,171,-35.139505556086
143,172,-58.310015295254
143,173,-5.385725181884
143,174,-36.220396389857
143,175,4.262137102858
143,176,3.804533776995
143,177,-37.506862973634
143,178,-53.184058002887
143,179,-32.204050586217
143,180,-7.296536139700
143,181,-54.137749333546
143,182,-33.026642233664
143,183,-55.246722468779
143,184,-59.867103574128
143,185,3.486281728554
143,186,11.770849452456
143,187,13.741794308866
143,188,-48.583246970142
143,189,-15.170133228065
143,190,-6.779910728546
143,191,-15.680105607462
143,192,-44.483836752144
143,193,-18.331266634537
143,194,-46.419727728251
143,195,-62.636991871361
143,196,-2.935520910942
143,197,-3.336807027263
143,198,-13.799380188539
143,199,3.604113836191
144,0,21.490112715699
144,1,47.307445088962
144,2,-0.965809355053
144,3,-16.733285514340
144,4,-7.227913074232
144,5,2.050874708737
144,6,-6.224495217430
144,7,-11.336088580189
144,8,75.973590339963
144,9,0.344476037913
144,10,23.304285500664
144,11,24.314124885546
144,12,2.707302459297
144,13,-19.717085189281
144,14,28.677067593315
144,15,-4.833497602755
144,16,-5.039939318303
144,17,4.287887677150
144,18,-5.692813368667
144,19,54.664824050371
144,20,-0.689395105626
144,21,-3.583588725858
144,22,-0.131336116981
144,23,52.199721887693
144,24,-1.496751756582
144,25,-15.003448828567
144,26,49.217764943809
144,27,35.674285945017
144,28,55.915649820730
144,29,-2.827077933020
144,30,41.169956383135
144,31,70.205415587334
144,32,-6.692061013149
144,33,35.207865301767
144,34,2.369893322546
144,35,-19.393867778541
144,36,29.933538072219
144,37,-16.622544678648
144,38,-7.658908066340
144,39,-13.201801719544
144,40,-10.588756908444
144,41,-2.446932193590
144,42,39.701823989162
144,43,50.208271399475
144,44,-6.879423937382
144,45,35.147069431870
144,46,40.061930720032
144,47,-5.944476101133
144,48,29.680773683227
144,49,32.801657065087
144,50,-13.391194839802
144,51,44.998191057581
144,52,-8.649477105733
144,53,24.272384559750
144,54,47.939928381384
144,55,-0.712045101915
144,56,-7.138734780558
144,57,1.981648609355
144,58,-3.661646249529
144,59,43.088620570503
144,60,35.146713687187
144,61,52.753980026180
144,62,14.117389344967
144,63,63.279553415181
144,64,38.028018762256
144,65,67.725135520239
144,66,-14.856604280176
144,67,-13.843982530037
144,68,9.162831992966
144,69,41.796839232273
144,70,62.947368140056
144,71,46.555089088746
144,72,42.009338161566
144,73,4.368299711416
144,74,0.565633619786
144,75,48.872626878008
144,76,2.906306794619
144,77,49.070961929458
144,78,-8.873677897798
144,79,-12.225009649344
144,80,-9.017881362786
144,81,36.288181047610
144,82,45.134820586616
144,83,59.332469439840
144,84,62.707005264951
144,85,5.076237575202
144,86,2.669555337445
144,87,48.779365377508
144,88,11.797437026711
144,89,-7.935768548865
144,90,69.254860307163
144,91,0.469176417602
144,92,-4.413065696346
144,93,-3.674133048728
144,94,28.370470201007
144,95,-2.634304053405
144,96,30.697924096763
144,97,16.644409499684
144,98,-4.700153919621
144,99,32.659601479303
144,100,56.463880534830
144,101,68.534758029084
144,102,38.314776948326
144,103,53.410241390688
144,104,60.879727003907
144,105,-13.356266935931
144,106,90.430336170190
144,107,-9.007682674506
144,108,30.413086481683
144,109,-10.012360274304
144,110,9.729995677248
144,111,-1.358919082406
144,112,-12.967212918804
144,113,-5.838982103596
144,114,-1.930663717882
144,115,56.795167681310
144,116,41.703694486110
144,117,50.323408783734
144,118,50.423642524518
144,119,1.949938693047
144,120,-10.893408332704
144,121,46.770207491238
144,122,16.488114031803
144,123,-0.467102450493
144,124,23.200035196765
144,125,-2.544122136780
144,126,-9.900356175938
144,127,0.761771043391
144,128,3.882062229895
144,129,-4.922535258178
144,130,-0.719643092343
144,131,12.338019660616
144,132,46.464323602435
144,133,-1.593365576809
144,134,34.077199103325
144,135,4.126505588414
144,136,-14.697772415726
144,137,34.911967541899
144,138,-8.827815173630
144,139,11.367962546028
144,140,44.832255467903
144,141,15.129815948530
144,142,68.027974176839
144,143,7.523552243656
144,144,30.694786343178
144,145,21.393345636738
144,146,61.201514844870
144,147,11.397999763780
144,148,-19.246324149855
144,149,-2.705697604877
144,150,-22.895575135313
144,151,31.739198841788
144,152,0.812427326178
144,153,-8.442226020641
144,154,63.564694452070
144,155,49.180618409875
144,156,22.262290586921
144,157,26.403640731180
144,158,9.181009397267
144,159,-4.005723807080
144,160,64.759496722516
144,161,55.180886153386
144,162,57.591310246687
144,163,42.540011726109
144,164,41.284059802769
144,165,-8.613538569065
144,166,45.895675898006
144,167,48.822408411375
144,168,18.317972630059
144,169,69.048290246901
144,170,0.507118906557
144,171,15.058736466446
144,172,-8.112483529148
144,173,44.813428956091
144,174,13.977812498728
144,175,54.461587014601
144,176,54.003969659869
144,177,12.691306479348
144,178,-2.986369111888
144,179,17.994281421059
144,180,42.902559419526
144,181,-3.940089675998
144,182,17.171664557449
144,183,-5.049096804440
144,184,-9.669619536733
144,185,53.685707854704
144,186,61.970529563041
144,187,63.941534844518
144,188,1.614582950235
144,189,35.028720957191
144,190,43.419200668570
144,191,34.518732944176
144,192,5.714118829412
144,193,31.867490643934
144,194,3.778168511359
144,195,-12.439592737632
144,196,47.263708342100
144,197,46.862409923655
144,198,36.399516018362
144,199,53.803543574744
145,0,25.409149392399
145,1,51.226543546880
145,2,2.953173587492
145,3,-12.814340299592
145,4,-3.308945115583
145,5,5.969864869650
145,6,-2.305524857824
145,7,-7.417130451402
145,8,79.892757400914
145,9,4.263462115719
145,10,27.223326518571
145,11,28.233168319952
145,12,6.626294190923
145,13,-15.798147113892
145,14,32.596121468101
145,15,-0.914523914798
145,16,-1.120966124319
145,17,8.206883190855
145,18,-1.773841736867
145,19,58.583940115306
145,20,3.229588498325
145,21,0.335387952866
145,22,3.787648822297
145,23,56.118832053340
145,24,2.422229915515
145,25,-11.084499474811
145,26,53.136867973306
145,27,39.593356564154
145,28,59.834768879067
145,29,1.091900555875
145,30,45.089040153609
145,31,74.124568843668
145,32,-2.773091772324
145,33,39.126934804743
145,34,6.288884246816
145,35,-15.474928929791
145,36,33.852594953722
145,37,-12.703599198932
145,38,-3.739941138956
145,39,-9.282848054929
145,40,-6.669796991489
145,41,1.472047204916
145,42,43.620904246323
145,43,54.127376799355
145,44,-2.960455144879
145,45,39.066138789363
145,46,43.981011838943
145,47,-2.025505071506
145,48,33.599829959865
145,49,36.720720809986
145,50,-9.472241628355
145,51,48.917283989264
145,52,-4.730512548551
145,53,28.191427894271
145,54,51.859028352890
145,55,3.206938447838
145,56,-3.219766608527
145,57,5.900638604617
145,58,0.257330242421
145,59,47.007708932455
145,60,39.065783043829
145,61,56.673091518234
145,62,18.036408379347
145,63,67.198690096520
145,64,41.947095013929
145,65,71.644282840723
145,66,-10.937654575057
145,67,-9.925030401995
145,68,13.081839171689
145,69,45.715924502911
145,70,66.866504026417
145,71,50.474185746214
145,72,45.928423940728
145,73,8.287295417533
145,74,4.484620226787
145,75,52.791729081553
145,76,6.825299002434
145,77,52.990064607642
145,78,-4.954713877072
145,79,-8.306053647524
145,80,-5.098917687108
145,81,40.207253135806
145,82,49.053913845266
145,83,63.251596675138
145,84,66.626140576074
145,85,8.995234975300
145,86,6.588546978754
145,87,52.698467357870
145,88,15.716450509717
145,89,-4.016802283943
145,90,73.174011288604
145,91,4.388162793795
145,92,-0.494091002387
145,93,0.244843413340
145,94,32.289523342108
145,95,1.284674896764
145,96,34.616982807427
145,97,20.563434580981
145,98,-0.781179912607
145,99,36.578664884255
145,100,60.383000905160
145,101,72.453907287163
145,102,42.233853886231
145,103,57.329354453250
145,104,64.798857942049
145,105,-9.437313640912
145,106,94.349537830458
145,107,-5.088718974424
145,108,34.332144510736
145,109,-6.093398978177
145,110,13.649004213119
145,111,2.560062919496
145,112,-9.048258692885
145,113,-1.920010821545
145,114,1.988316915951
145,115,60.714288844458
145,116,45.622779533849
145,117,54.242514459147
145,118,54.342748439805
145,119,5.868928612435
145,120,-6.974449144698
145,121,50.689304663501
145,122,20.407138739101
145,123,3.451881685360
145,124,27.119075965209
145,125,1.374857029172
145,126,-5.981394611808
145,127,4.680758119706
145,128,7.801056772529
145,129,-1.003561783269
145,130,3.199340439227
145,131,16.257034437163
145,132,50.383420042694
145,133,2.325615864109
145,134,37.996265900605
145,135,8.045500715954
145,136,-10.778822330562
145,137,38.831036336785
145,138,-4.908851043168
145,139,15.286975001349
145,140,48.751348002486
145,141,19.048837405549
145,142,71.947122222082
145,143,11.442555499809
145,144,34.613845046333
145,145,25.312382081873
145,146,65.120646553100
145,147,15.317012290972
145,148,-15.327384948076
145,149,1.213281174460
145,150,-18.976644665061
145,151,35.658260044220
145,152,4.731414523703
145,153,-4.523260967551
145,154,67.483831815807
145,155,53.099721350474
145,156,26.181329111394
145,157,30.322689165718
145,158,13.100016619486
145,159,-0.086748138441
145,160,68.678636945639
145,161,59.100003453328
145,162,61.510433315125
145,163,46.459098775209
145,164,45.203143846302
145,165,-4.694573925888
145,166,49.814770977442
145,167,52.741510494750
145,168,22.237001716050
145,169,72.967440733977
145,170,4.426105373539
145,171,18.977757753382
145,172,-4.193517687068
145,173,48.732521445629
145,174,17.896831199119
145,175,58.380702593167
145,176,57.923084143302
145,177,16.610322101275
145,178,0.932608995856
145,179,21.913309732481
145,180,46.821647336219
145,181,-0.021113850307
145,182,21.090690900419
145,183,-1.130123632371
145,184,-5.750657420504
145,185,57.604821576497
145,186,65.889663111659
145,187,67.860673110103
145,188,5.533572067172
145,189,38.947790031474
145,190,47.338289821622
145,191,38.437800798049
145,192,9.633117755860
145,193,35.786552153368
145,194,7.697162805387
145,195,-8.520637249247
145,196,51.182806695353
145,197,50.781507316569
145,198,40.318588372982
145,199,57.722657578532
146,0,-29.127009754215
146,1,-3.310475408740
146,2,-51.582237741117
146,3,-67.349226570615
146,4,-57.844147913464
146,5,-48.565646916963
146,6,-56.840761069732
146,7,-61.952196447026
146,8,25.354783697141
146,9,-50.271992846356
146,10,-27.312893044669
146,11,-26.303084873667
146,12,-47.909239455352
146,13,-70.332934026541
146,14,-21.940277024230
146,15,-55.449806447359
146,16,-55.656241782301
146,17,-46.328703090563
146,18,-56.309095653931
146,19,4.046676122867
146,20,-51.305832035068
146,21,-54.199936202189
146,22,-50.747790294867
146,23,1.581650161381
146,24,-52.113163732356
146,25,-65.619443348478
146,26,-1.400214604917
146,27,-14.943274959180
146,28,5.297463227544
146,29,-53.443448791360
146,30,-9.447774396896
146,31,19.586787258791
146,32,-57.308312414185
146,33,-15.409681185076
146,34,-48.246638163415
146,35,-70.009726605305
146,36,-20.683845383028
146,37,-67.238489157557
146,38,-58.275129584639
146,39,-63.817851922744
146,40,-61.204887873151
146,41,-53.063314801380
146,42,-10.915861409427
146,43,-0.409738767492
146,44,-57.495669547512
146,45,-15.470475175738
146,46,-10.555765809804
146,47,-56.560750608129
146,48,-20.936601959016
146,49,-17.815815044618
146,50,-64.007239189443
146,51,-5.619658057774
146,52,-59.265668008193
146,53,-26.344823909276
146,54,-2.678011667354
146,55,-51.328481331293
146,56,-57.754972376060
146,57,-48.634870876696
146,58,-54.277991313276
146,59,-7.529169517598
146,60,-15.470830909420
146,61,2.135891166690
146,62,-36.499505239299
146,63,12.661139185722
146,64,-12.589614897537
146,65,17.106583864974
146,66,-65.472603338581
146,67,-64.460012885407
146,68,-41.453909451739
146,69,-8.820910925380
146,70,12.328964179345
146,71,-4.062808152514
146,72,-8.608418564669
146,73,-46.248293541692
146,74,-50.050842100012
146,75,-1.745342001937
146,76,-47.710241270892
146,77,-1.547013081341
146,78,-59.489861870818
146,79,-62.841090042253
146,80,-59.634060878867
146,81,-14.329398832495
146,82,-5.483032752141
146,83,8.714177224909
146,84,12.088608734499
146,85,-45.540377559068
146,86,-47.946985410512
146,87,-1.838600619565
146,88,-38.819385850315
146,89,-58.551981510143
146,90,18.636261363332
146,91,-50.147296320902
146,92,-55.029387535491
146,93,-54.290477726543
146,94,-22.246864939581
146,95,-53.250680869947
146,96,-19.919482985839
146,97,-33.972563192518
146,98,-55.316466885561
146,99,-17.957866239405
146,100,5.845676994635
146,101,17.916181345885
146,102,-12.302865575395
146,103,2.792132244875
146,104,10.261386959406
146,105,-63.972312365084
146,106,39.811082608212
146,107,-59.623862505803
146,108,-20.204311796515
146,109,-60.628509053800
146,110,-40.886763297727
146,111,-51.975335318297
146,112,-63.583270372437
146,113,-56.455259871153
146,114,-52.547062282385
146,115,6.176953900293
146,116,-8.914052792337
146,117,-0.294604942334
146,118,-0.194374299950
146,119,-48.666579812911
146,120,-61.509529881507
146,121,-3.847696399651
146,122,-34.128853829432
146,123,-51.083546250535
146,124,-27.417140126228
146,125,-53.160501740647
146,126,-60.516508417168
146,127,-49.854710738626
146,128,-46.734515994460
146,129,-55.538841350848
146,130,-51.336079086883
146,131,-38.278819925203
146,132,-4.153570833128
146,133,-52.209774566465
146,134,-16.540312433986
146,135,-46.490080191259
146,136,-65.313776383118
146,137,-15.705569798571
146,138,-59.444000564145
146,139,-39.248847056449
146,140,-5.785588518163
146,141,-35.487109928872
146,142,17.409413159905
146,143,-43.093138533244
146,144,-19.922620642428
146,145,-29.223773842146
146,146,10.583164853080
146,147,-39.218810767110
146,148,-69.862187536681
146,149,-53.322072214811
146,150,-73.511325737090
146,151,-18.878240426930
146,152,-49.804056021523
146,153,-59.058423328665
146,154,12.946271408116
146,155,-1.437359990596
146,156,-28.354855750702
146,157,-24.213633614680
146,158,-41.435732609280
146,159,-54.622058236200
146,160,14.141036743888
146,161,4.562722273324
146,162,6.973071855100
146,163,-8.077761403845
146,164,-9.333674504313
146,165,-59.229730582287
146,166,-4.722200959841
146,167,-1.795558916230
146,168,-32.299051790746
146,169,18.429697688807
146,170,-50.109355004672
146,171,-35.558187213952
146,172,-58.728691028635
146,173,-5.804414448015
146,174,-36.639077771346
146,175,3.843445369574
146,176,3.385842160729
146,177,-37.925544026177
146,178,-53.602735046901
146,179,-32.622732994678
146,180,-7.715224917207
146,181,-54.556426133713
146,182,-33.445324431792
146,183,-55.665398985402
146,184,-60.285778909383
146,185,3.067590193677
146,186,11.352155799010
146,187,13.323100151392
146,188,-49.001925190525
146,189,-15.588819992190
146,190,-7.198599638163
146,191,-16.098792241188
146,192,-44.902516020717
146,193,-18.749952590326
146,194,-46.838406501825
146,195,-63.055666498411
146,196,-3.354210803634
146,197,-3.755496817343
146,198,-14.218067303176
146,199,3.185422271185
147,0,24.809939602710
147,1,50.627324311077
147,2,2.353972013560
147,3,-13.413536105087
147,4,-3.908144398534
147,5,5.370662192057
147,6,-2.904724507876
147,7,-8.016328231402
147,8,79.293527675960
147,9,3.664260062411
147,10,26.624116065133
147,11,27.633957497033
147,12,6.027091273172
147,13,-16.397341827804
147,14,31.996909048888
147,15,-1.513724073739
147,16,-1.720166207735
147,17,7.607679694833
147,18,-2.373041581428
147,19,57.984718187457
147,20,2.630386823264
147,21,-0.263812663354
147,22,3.188446943073
147,23,55.519611027463
147,24,1.823028535830
147,25,-11.683695913140
147,26,52.537648038524
147,27,38.994141584793
147,28,59.235546493532
147,29,0.492699662886
147,30,44.489823163458
147,31,73.525341229390
147,32,-3.372291251319
147,33,38.527719996040
147,34,5.689681452503
147,35,-16.074123761944
147,36,33.253382074792
147,37,-13.302795044940
147,38,-4.339140264230
147,39,-9.882045152372
147,40,-7.268995044891
147,41,0.872846172853
147,42,43.021687793342
147,43,53.528156502151
147,44,-3.559654555320
147,45,38.466924002903
147,46,43.381795254209
147,47,-2.624704823997
147,48,33.000617173420
147,49,36.121506881675
147,50,-10.071438656516
147,51,48.318065598396
147,52,-5.329711311431
147,53,27.592217086632
147,54,51.259808885661
147,55,2.607736781065
147,56,-3.818965924103
147,57,5.301435952351
147,58,-0.341870345241
147,59,46.408491240283
147,60,38.466568257500
147,61,56.073870289554
147,62,17.437201287110
147,63,66.599465016494
147,64,41.347879173380
147,65,71.045056134019
147,66,-11.536851067118
147,67,-10.524227264505
147,68,12.482633892134
147,69,45.116707283392
147,70,66.267279067943
147,71,49.874966785690
147,72,45.329206643459
147,73,7.688091892094
147,74,3.885418092570
147,75,52.192509273053
147,76,6.226096011873
147,77,52.390844726571
147,78,-5.553912557931
147,79,-8.905251102326
147,80,-5.698116315209
147,81,39.608037931830
147,82,48.454695404413
147,83,62.652373039375
147,84,66.026915705552
147,85,8.396031190860
147,86,5.989344074806
147,87,52.099247583501
147,88,15.117244266257
147,89,-4.616001307935
147,90,72.574784022145
147,91,3.788960694867
147,92,-1.093291315141
147,93,-0.354357169752
147,94,31.690311035076
147,95,0.685473933248
147,96,34.017769648832
147,97,19.964226564189
147,98,-1.380380120332
147,99,35.979451007923
147,100,59.783778319026
147,101,71.854680284203
147,102,41.634637940755
147,103,56.730132984449
147,104,64.199633740136
147,105,-10.036510681850
147,106,93.750302815395
147,107,-5.687917606258
147,108,33.732931456354
147,109,-6.692597242451
147,110,13.049798726061
147,111,1.960861489380
147,112,-9.647455876155
147,113,-2.519210612634
147,114,1.389115695012
147,115,60.115066137107
147,116,45.023562348411
147,117,53.643294119815
147,118,53.743528063795
147,119,5.269725971768
147,120,-7.573647086654
147,121,50.090085624266
147,122,19.807930779491
147,123,2.852679928968
147,124,26.519865549904
147,125,0.775656032667
147,126,-6.580592917067
147,127,4.081555913734
147,128,7.201853424987
147,129,-1.602761909635
147,130,2.600138775233
147,131,15.657827995929
147,132,49.784201115377
147,133,1.726414519770
147,134,37.397051505592
147,135,7.446297278984
147,136,-11.378018880729
147,137,38.231821636349
147,138,-5.508049740805
147,139,14.687768915021
147,140,48.152129672337
147,141,18.449629942901
147,142,71.347895404557
147,143,10.843350820003
147,144,34.014631888887
147,145,24.713172327596
147,146,64.521422233447
147,147,14.717806193657
147,148,-15.926579834209
147,149,0.614080237065
147,150,-19.575838216173
147,151,35.059046504633
147,152,4.132212299199
147,153,-5.122459806254
147,154,66.884606631444
147,155,52.500501429284
147,156,25.582119039187
147,157,29.723477578300
147,158,12.500811333281
147,159,-0.685948600221
147,160,68.079411324085
147,161,58.500781336646
147,162,60.911210316459
147,163,45.859881283766
147,164,44.603926814401
147,165,-5.293772701916
147,166,49.215552258196
147,167,52.142290704622
147,168,21.637793086957
147,169,72.368213543108
147,170,3.826903260735
147,171,18.378550316731
147,172,-4.792716646407
147,173,48.133303122369
147,174,17.297624157945
147,175,57.781480739679
147,176,57.323862457255
147,177,16.011115530782
147,178,0.333408161147
147,179,21.314101221811
147,180,46.222429712128
147,181,-0.620314336098
147,182,20.491482690726
147,183,-1.729323712432
147,184,-6.349855810171
147,185,57.005600006902
147,186,65.290438510616
147,187,67.261447787852
147,188,4.934369549199
147,189,38.348575288321
147,190,46.739072008495
147,191,37.838586241487
147,192,9.033913738051
147,193,35.187338566844
147,194,7.097959495855
147,195,-9.119834625541
147,196,50.583587475550
147,197,50.182288243603
147,198,39.719373128275
147,199,57.123435965819
148,0,-32.788525958807
148,1,-6.972049346412
148,2,-55.243703732420
148,3,-71.010657306200
148,4,-61.505599902688
148,5,-52.227119653660
148,6,-60.502215302586
148,7,-65.613639250463
148,8,21.693145651574
148,9,-53.933461767490
148,10,-30.974413306023
148,11,-29.964607393180
148,12,-51.570713659858
148,13,-73.994358090567
148,14,-25.601809300024
148,15,-59.111263790481
148,16,-59.317698663814
148,17,-49.990180829322
148,18,-59.970551075618
148,19,0.385085731854
148,20,-54.967298644442
148,21,-57.861396340108
148,22,-54.409258152074
148,23,-2.079934716880
148,24,-55.774628536470
148,25,-69.280877951867
148,26,-5.061792814617
148,27,-18.604822882167
148,28,1.635870039281
148,29,-57.104910620845
148,30,-13.109334609500
148,31,15.925162113308
148,32,-60.969765601563
148,33,-19.071228065048
148,34,-51.908111613455
148,35,-73.671151392024
148,36,-24.345380468527
148,37,-70.899920140750
148,38,-61.936580610163
148,39,-67.479290554526
148,40,-64.866332347599
148,41,-56.724777480871
148,42,-14.577418338922
148,43,-4.071319192262
148,44,-61.157122315955
148,45,-19.132021919751
148,46,-14.217323544588
148,47,-60.222205467100
148,48,-24.598136479290
148,49,-21.477356543794
148,50,-67.668677397749
148,51,-9.281226831314
148,52,-62.927116818821
148,53,-30.006346335453
148,54,-6.339587019436
148,55,-54.989947890019
148,56,-61.416424564683
148,57,-52.296343458605
148,58,-57.939451276659
148,59,-11.190734020827
148,60,-19.132377652641
148,61,-1.525694951059
148,62,-40.161004957568
148,63,8.999529529174
148,64,-16.251168084011
148,65,13.444964266404
148,66,-69.134038270313
148,67,-68.121450081308
148,68,-45.115398091184
148,69,-12.482472539850
148,70,8.667355265687
148,71,-7.724380407708
148,72,-12.269980654339
148,73,-49.909771460261
148,74,-53.712311515665
148,75,-5.406919439803
148,76,-51.371715920373
148,77,-5.208590962749
148,78,-63.151310180139
148,79,-66.502530858103
148,80,-63.295508865755
148,81,-17.990948128288
148,82,-9.144601831220
148,83,5.052576395472
148,84,8.427000358381
148,85,-49.201857060616
148,86,-51.608459530609
148,87,-5.500177848873
148,88,-42.480880380950
148,89,-62.213431916607
148,90,14.974638343680
148,91,-53.808765520873
148,92,-58.690845818695
148,93,-57.951937662001
148,94,-25.908396529769
148,95,-56.912143130474
148,96,-23.581019780650
148,97,-37.634068561485
148,98,-58.977924526836
148,99,-21.619407420920
148,100,2.184082580345
148,101,14.254559936671
148,102,-15.964419403128
148,103,-0.869455340486
148,104,6.599782669749
148,105,-67.633750651490
148,106,36.149412230407
148,107,-63.285310515494
148,108,-23.865847954374
148,109,-64.289954817061
148,110,-44.548253205394
148,111,-55.636800430599
148,112,-67.244709528750
148,113,-60.116714966003
148,114,-56.208526116265
148,115,2.515358745128
148,116,-12.575614198511
148,117,-3.956185624585
148,118,-3.855955206345
148,119,-52.328052323915
148,120,-65.170973674773
148,121,-7.509269135902
148,122,-37.790358848906
148,123,-54.745013356966
148,124,-31.078660154461
148,125,-56.821964202820
148,126,-64.177954430867
148,127,-53.516180592844
148,128,-50.395992825775
148,129,-59.200298494878
148,130,-54.997545628627
148,131,-41.940315664637
148,132,-7.815142885345
148,133,-55.871239154541
148,134,-20.201856785541
148,135,-50.151557569159
148,136,-68.975211669989
148,137,-19.367116016845
148,138,-63.105448976014
148,139,-42.910340626746
148,140,-9.447156920622
148,141,-39.148611911041
148,142,13.747792884060
148,143,-46.754623507142
148,144,-23.584157430225
148,145,-32.885289830352
148,146,6.921559843795
148,147,-42.880304404571
148,148,-73.523612653291
148,149,-56.983534315696
148,150,-77.172742694296
148,151,-22.539779550236
148,152,-53.465525989013
148,153,-62.719872602705
148,154,9.284661113896
148,155,-5.098938117226
148,156,-32.016373681996
148,157,-27.875160806689
148,158,-45.097221289368
148,159,-58.283517430224
148,160,10.479423777637
148,161,0.901130728227
148,162,3.311474919494
148,163,-11.739324680238
148,164,-12.995234972084
148,165,-62.891179473270
148,166,-8.383771740402
148,167,-5.457136241792
148,168,-35.960560902007
148,169,14.768075131135
148,170,-53.770824289481
148,171,-39.219689037178
148,172,-62.390141039970
148,173,-9.465982808375
148,174,-40.300577177513
148,175,0.181855433068
148,176,-0.275746752399
148,177,-41.587040555591
148,178,-57.264196520206
148,179,-36.284241382127
148,180,-11.376789004353
148,181,-58.217885474493
148,182,-37.106830979770
148,183,-59.326855846441
148,184,-63.947225438998
148,185,-0.593998007716
148,186,7.690549069921
148,187,9.661489014405
148,188,-52.663396951662
148,189,-19.250366471555
148,190,-10.860164880651
148,191,-19.760337580105
148,192,-48.563996948607
148,193,-22.411492000523
148,194,-50.499883100827
148,195,-66.717106834461
148,196,-7.015784643496
148,197,-7.417069759787
148,198,-17.879616847946
148,199,-0.476166193730
149,0,19.405894103693
149,1,45.223193620157
149,2,-3.049999389892
149,3,-18.817455484597
149,4,-9.312095140274
149,5,-0.033319165013
149,6,-8.308678560352
149,7,-13.420265418448
149,8,73.889302386349
149,9,-1.739715664342
149,10,21.220064579895
149,11,22.229902679617
149,12,0.623107750202
149,13,-21.801251362653
149,14,26.592839834935
149,15,-6.917682715779
149,16,-7.124124168622
149,17,2.203690956652
149,18,-7.776997388173
149,19,52.580563217714
149,20,-2.773585492221
149,21,-5.667775429443
149,22,-2.215527213739
149,23,50.115464192429
149,24,-3.580941115775
149,25,-17.087621000057
149,26,47.133511043729
149,27,33.590049281578
149,28,53.831387396109
149,29,-4.911265599301
149,30,39.085712725479
149,31,68.121134975365
149,32,-8.776243761073
149,33,33.123629231923
149,34,0.285699042826
149,35,-21.478034363201
149,36,27.849308714794
149,37,-18.706714789827
149,38,-9.743089583921
149,39,-15.285976183652
149,40,-12.672934697708
149,41,-4.531120343629
149,42,37.617582199971
149,43,48.124016238762
149,44,-8.963606446887
149,45,33.062833439399
149,46,37.977688472543
149,47,-8.028659800388
149,48,27.596544647487
149,49,30.717424057540
149,50,-15.475369062908
149,51,42.913942527761
149,52,-10.733657362784
149,53,22.188162406943
149,54,45.855676107611
149,55,-2.796235459682
149,56,-9.222916960076
149,57,-0.102545176305
149,58,-5.745832853783
149,59,41.004374470991
149,60,33.062477695166
149,61,50.669721625505
149,62,12.033180115577
149,63,61.195281618209
149,64,35.943779103283
149,65,65.640858065104
149,66,-16.940776638527
149,67,-15.928156176968
149,68,7.078629068717
149,69,39.712594776793
149,70,60.863096765876
149,71,44.470838577465
149,72,39.925093435639
149,73,2.284102888589
149,74,-1.518558363903
149,75,46.788373417185
149,76,0.822111832276
149,77,46.986708216216
149,78,-10.957857869544
149,79,-14.309185356440
149,80,-11.102061151032
149,81,34.203943602879
149,82,43.050571882915
149,83,57.248202666509
149,84,60.622734196688
149,85,2.992039851473
149,86,0.585360676385
149,87,46.695112035384
149,88,9.713230749694
149,89,-10.019949714129
149,90,67.170580905033
149,91,-1.615015443342
149,92,-6.497251344386
149,93,-5.758319637091
149,94,26.286242832815
149,95,-4.718491965003
149,96,28.613693766536
149,97,14.560197054394
149,98,-6.784339202328
149,99,30.575368652542
149,100,54.379617412458
149,101,66.450479543484
149,102,36.230536924406
149,103,51.325982154769
149,104,58.795458261317
149,105,-15.440441203478
149,106,88.346029815802
149,107,-11.091862475725
149,108,28.328856513959
149,109,-12.096538797050
149,110,7.645792031239
149,111,-3.443108617001
149,112,-15.051387681437
149,113,-7.923165937100
149,114,-4.014852524895
149,115,54.710904137297
149,116,39.619450149177
149,117,48.239153476483
149,118,48.339387089698
149,119,-0.134255052253
149,120,-12.977585734290
149,121,44.685956706177
149,122,14.403901785423
149,123,-2.551293119970
149,124,21.115814408658
149,125,-4.628310163134
149,126,-11.984534841213
149,127,-1.322421189900
149,128,1.797866025838
149,129,-7.006720257894
149,130,-2.803833440448
149,131,10.253812695650
149,132,44.380073206674
149,133,-3.677554813054
149,134,31.992964472447
149,135,2.042309073287
149,136,-16.781944976188
149,137,32.827731848636
149,138,-10.911995203736
149,139,9.283756815552
149,140,42.748007149268
149,141,13.045605430729
149,142,65.943696336260
149,143,5.439351405526
149,144,28.610556016953
149,145,19.309127147877
149,146,59.117245692723
149,147,9.313793995083
149,148,-21.330490922272
149,149,-4.789885425620
149,150,-24.979737264090
149,151,29.654967186383
149,152,-1.271764971571
149,153,-10.526406541423
149,154,61.480422292181
149,155,47.096364557066
149,156,20.178070992224
149,157,24.319415866063
149,158,7.096806449888
149,159,-6.089909973482
149,160,62.675223041930
149,161,53.096624663922
149,162,55.507045689403
149,163,40.455766324805
149,164,39.199815999898
149,165,-10.697718871845
149,166,43.811426225962
149,167,46.738155014471
149,168,16.233758054979
149,169,66.964011107695
149,170,-1.577073002671
149,171,12.974526039099
149,172,-10.196664469542
149,173,42.729180661423
149,174,11.893603446966
149,175,52.377326440612
149,176,51.919709668306
149,177,10.607099064793
149,178,-5.070556575462
149,179,15.910067257908
149,180,40.818313556811
149,181,-6.024275925920
149,182,15.087451441177
149,183,-7.133281643102
149,184,-11.753798495622
149,185,51.601448268193
149,186,59.886259432133
149,187,61.857262205005
149,188,-0.469610368309
149,189,32.944485115338
149,190,41.334954148333
149,191,32.434497751368
149,192,3.629920293926
149,193,29.783258825257
149,194,1.693972439512
149,195,-14.523768171661
149,196,45.179456928963
149,197,44.778159021254
149,198,34.315278431939
149,199,51.719283838262
150,0,-16.169251917272
150,1,9.647486733855
150,2,-38.624657598804
150,3,-54.391771191171
150,4,-44.886617321703
150,5,-35.608042904074
150,6,-43.883222538214
150,7,-48.994698361872
150,8,38.312972704589
150,9,-37.314402335971
150,10,-14.355120851680
150,11,-13.345304689516
150,12,-34.951630248230
150,13,-57.375502256378
150,14,-8.982462314561
150,15,-42.492256909245
150,16,-42.698693877704
150,17,-33.371081376412
150,18,-43.351552915352
150,19,17.004696490490
150,20,-38.348249705545
150,21,-41.242376773836
150,22,-37.790203549506
150,23,14.539651020496
150,24,-39.155587791298
150,25,-52.661974281633
150,26,11.557762655517
150,27,-1.985404877269
150,28,18.255493494100
150,29,-40.485883376910
150,30,3.510139175472
150,31,32.544930615426
150,32,-44.350777582382
150,33,-2.451814794207
150,34,-35.289031626169
150,35,-57.052292277702
150,36,-7.726020730392
150,37,-54.281032901868
150,38,-45.317602403215
150,39,-50.860368600246
150,40,-48.247383874637
150,41,-40.105746378911
150,42,2.042040544686
150,43,12.548246331622
150,44,-44.538136198258
150,45,-2.512609265970
150,46,2.402138994061
150,47,-43.603209860892
150,48,-7.978779306613
150,49,-4.857967695272
150,50,-51.049757365530
150,51,7.338285809994
150,52,-46.308148664823
150,53,-13.387044055431
150,54,10.279955480561
150,55,-38.370899180991
150,56,-44.797441078656
150,57,-35.677267411593
150,58,-41.320432502580
150,59,5.428759238421
150,60,-2.512965002476
150,61,15.093896412131
150,62,-23.541805744091
150,63,25.619227730167
150,64,0.368273810760
150,65,30.064707592239
150,66,-52.515133109824
150,67,-51.502534644213
150,68,-28.496249162286
150,69,4.137007607911
150,70,25.287050094856
150,71,8.895148036121
150,72,4.349501650271
150,73,-33.290671191244
150,74,-37.093249839643
150,75,11.212632527153
150,76,-34.752630489063
150,77,11.410963017326
150,78,-46.532344301479
150,79,-49.883598990789
150,80,-46.676544450565
150,81,-1.371523892500
150,82,7.474912196878
150,83,21.672234532023
150,84,25.046692747761
150,85,-32.582749606750
150,86,-34.989376502075
150,87,11.119373171467
150,88,-25.861704713105
150,89,-45.594456519422
150,90,31.594397197092
150,91,-37.189704823781
150,92,-42.071834670605
150,93,-41.332919014654
150,94,-9.289052656139
150,95,-40.293113930122
150,96,-6.961652284292
150,97,-21.014843700650
150,98,-42.358916292331
150,99,-5.000020014217
150,100,18.803711599845
150,101,30.874311480628
150,102,0.655025402186
150,103,15.750142683879
150,104,23.219456511521
150,105,-51.014830264801
150,106,52.769386032865
150,107,-46.666345996797
150,108,-7.246483349008
150,109,-47.671000494469
150,110,-27.929098520290
150,111,-39.017758286594
150,112,-50.625785193726
150,113,-43.497718289167
150,114,-39.589489774793
150,115,19.134991127292
150,116,4.043865003841
150,117,12.663381067956
150,118,12.763612503571
150,119,-35.708976598718
150,120,-48.552028293590
150,121,9.110261491383
150,122,-21.171135574354
150,123,-38.125962162048
150,124,-14.459368758202
150,125,-40.202934087225
150,126,-47.558998971588
150,127,-36.897116926251
150,128,-33.776897491567
150,129,-42.581292517265
150,130,-38.378496996709
150,131,-25.321134510326
150,132,8.804384637209
150,133,-39.252199389892
150,134,-3.582454990654
150,135,-33.532459754111
150,136,-52.356304897592
150,137,-2.747705749287
150,138,-46.486482631903
150,139,-26.291169317708
150,140,7.172354036440
150,141,-22.529402422209
150,142,30.367539283878
150,143,-30.135491215420
150,144,-6.964789965714
150,145,-16.266016770947
150,146,23.541236951838
150,147,-26.261132790678
150,148,-56.904752041642
150,149,-40.364505839898
150,150,-60.553919116508
150,151,-5.920401485317
150,152,-36.846461808309
150,153,-46.100902345388
150,154,25.904362209192
150,155,11.520616975875
150,156,-15.397091803308
150,157,-11.255836895492
150,158,-28.478072175982
150,159,-41.664502148109
150,160,27.099137000725
150,161,17.520746725015
150,162,19.931115382729
150,163,4.880163010661
150,164,3.624239971025
150,165,-46.272210954543
150,166,8.235750010368
150,167,11.162415215440
150,168,-19.341319055675
150,169,31.387831887740
150,170,-37.151763207316
150,171,-22.600480269757
150,172,-45.771167436207
150,173,7.153527957598
150,174,-23.681379380636
150,175,16.801464128803
150,176,16.343857298431
150,177,-24.967855815710
150,178,-40.645170892887
150,179,-19.665002821035
150,180,5.242702366384
150,181,-41.598869526279
150,182,-20.487600767665
150,183,-42.707851153267
150,184,-47.328267638062
150,185,16.025602812690
150,186,24.310233983771
150,187,26.281193934803
150,188,-36.044324629962
150,189,-2.630955018976
150,190,5.759331733956
150,191,-3.140931303773
150,192,-31.944883020878
150,193,-5.792112633477
150,194,-33.880788821036
150,195,-50.098177144857
150,196,9.603750992836
150,197,9.202461803354
150,198,-1.260191482135
150,199,16.143435822727
151,0,-12.273666358633
151,1,13.543133712497
151,2,-34.729125460159
151,3,-50.496276559730
151,4,-40.991100079336
151,5,-31.712503589260
151,6,-39.987702908933
151,7,-45.099190891902
151,8,42.208687885170
151,9,-33.418867080385
151,10,-10.459530977212
151,11,-9.449712412679
151,12,-31.056089371879
151,13,-53.480014722554
151,14,-5.086859658382
151,15,-38.596733971070
151,16,-38.803171430613
151,17,-29.475536740094
151,18,-39.456032021313
151,19,20.900360973217
151,20,-34.452716909356
151,21,-37.346850862385
151,22,-33.894669425797
151,23,18.435309638415
151,24,-35.260056915664
151,25,-48.766475535384
151,26,15.453414179014
151,27,1.910214425356
151,28,22.151160952715
151,29,-36.590355665867
151,30,7.405771552541
151,31,36.440632072095
151,32,-40.455259065340
151,33,1.443803398790
151,34,-31.393491552466
151,35,-53.156803975042
151,36,-3.830415085082
151,37,-50.385538007016
151,38,-41.422086186089
151,39,-46.964865568341
151,40,-44.351874626947
151,41,-36.210217763575
151,42,5.937669428989
151,43,16.443900211634
151,44,-40.642618126913
151,45,1.383008782388
151,46,6.297768735072
151,47,-39.707689565505
151,48,-4.083174262632
151,49,-0.962355226693
151,50,-47.154254784145
151,51,11.233927294714
151,52,-42.412634804037
151,53,-9.491451877890
151,54,14.175603963951
151,55,-34.475366438681
151,56,-40.901923624151
151,57,-31.781728261456
151,58,-37.424906776811
151,59,9.324396180120
151,60,1.382653045039
151,61,18.989556348693
151,62,-19.646237724613
151,63,29.514912708750
151,64,4.263898712998
151,65,33.960403147765
151,66,-48.619634014271
151,67,-47.607033139895
151,68,-24.600692929154
151,69,8.032641476377
151,70,29.182734283109
151,71,12.790793224842
151,72,8.245136024285
151,73,-29.395126363641
151,74,-33.197714057962
151,75,15.108283229521
151,76,-30.857089139317
151,77,15.306614191555
151,78,-42.636830974014
151,79,-45.988093635344
151,80,-42.781031466126
151,81,2.524096870591
151,82,11.370554006651
151,83,25.567910119789
151,84,28.942376364146
151,85,-28.687203095076
151,86,-31.093835715517
151,87,15.015023651962
151,88,-21.966142212557
151,89,-41.698940960887
151,90,35.490096392175
151,91,-33.294169271554
151,92,-38.176310732313
151,93,-37.437393318585
151,94,-5.393450729360
151,95,-36.397585760504
151,96,-3.066044820509
151,97,-17.119269669616
151,98,-38.463393036960
151,99,-1.104407883591
151,100,22.699380362785
151,101,34.770008962427
151,102,4.550650986639
151,103,19.645804181775
151,104,27.115135780477
151,105,-47.119327600332
151,106,56.665135610463
151,107,-42.770832988099
151,108,-3.350876562858
151,109,-43.775489875668
151,110,-24.033540937948
151,111,-35.122227083077
151,112,-46.730281603799
151,113,-39.602197742832
151,114,-35.693959931348
151,115,23.030660678414
151,116,7.939498650710
151,117,16.559035221893
151,118,16.659266895978
151,119,-31.813437524012
151,120,-44.656519770593
151,121,13.005907191888
151,122,-17.275561915136
151,123,-34.230428837065
151,124,-10.563779131742
151,125,-36.307405703083
151,126,-43.663488086357
151,127,-33.001580677992
151,128,-29.881353820652
151,129,-38.685769790893
151,130,-34.482964272473
151,131,-21.425570723797
151,132,12.700029609994
151,133,-35.356668744083
151,134,0.313160512458
151,135,-29.636915501695
151,136,-48.460805424220
151,137,1.147911739761
151,138,-42.590969195342
151,139,-22.395607838829
151,140,11.067995126388
151,141,-18.633831994266
151,142,34.263235559927
151,143,-26.239938881925
151,144,-3.069182509396
151,145,-12.370431442512
151,146,27.436916986386
151,147,-22.365571240349
151,148,-53.009263388012
151,149,-36.468977840115
151,150,-56.658439143357
151,151,-2.024791544332
151,152,-32.950925439553
151,153,-42.205387991598
151,154,29.800047866178
151,155,15.416268410991
151,156,-11.501504407701
151,157,-7.360239647758
151,158,-24.582515899616
151,159,-37.768977240834
151,160,30.994825500384
151,161,21.416412435523
151,162,23.826786827995
151,163,8.775798647184
151,164,7.519872619559
151,165,-42.376697008272
151,166,12.131393630283
151,167,15.058065798337
151,168,-15.445741043361
151,169,35.283530591347
151,170,-33.256227564838
151,171,-18.704910010900
151,172,-41.875652298040
151,173,11.049169002756
151,174,-19.785811693197
151,175,20.697128127998
151,176,20.239520208888
151,177,-21.072291188742
151,178,-36.749643560761
151,179,-15.769425578757
151,180,9.138338865429
151,181,-37.703344462869
151,182,-16.592025482336
151,183,-38.812328727960
151,184,-43.432756203962
151,185,19.921264965960
151,186,28.205915847946
151,187,30.176880488369
151,188,-32.148786353013
151,189,1.264662747824
151,190,9.654969462135
151,191,0.754685249762
151,192,-28.049334991774
151,193,-1.896502387295
151,194,-29.985245397271
151,195,-46.202672299849
151,196,13.499397867432
151,197,13.098107723221
151,198,2.635429545830
151,199,20.039098256348
152,0,25.310145188923
152,1,51.127537782675
152,2,2.854170741462
152,3,-12.913342192536
152,4,-3.407947583088
152,5,5.870861841264
152,6,-2.404527385981
152,7,-7.516132670586
152,8,79.793749903649
152,9,4.164459190484
152,10,27.124322205433
152,11,28.134163945761
152,12,6.527291122860
152,13,-15.897148826480
152,14,32.497116830164
152,15,-1.013526527036
152,16,-1.219968724086
152,17,8.107880027244
152,18,-1.872844297162
152,19,58.484933906315
152,20,3.130585635583
152,21,0.236385265067
152,22,3.688645925824
152,23,56.019825993368
152,24,2.323227101580
152,25,-11.183501472311
152,26,53.037862093610
152,27,39.494351503214
152,28,59.735762594450
152,29,0.992897822354
152,30,44.990034760442
152,31,74.025561695133
152,32,-2.872094272221
152,33,39.027929772004
152,34,6.189881199149
152,35,-15.573930661914
152,36,33.753590239823
152,37,-12.802601098570
152,38,-3.838943580413
152,39,-9.381850161335
152,40,-6.768799255842
152,41,1.373044448417
152,42,43.521898941908
152,43,54.028370859778
152,44,-3.059457633448
152,45,38.967133760299
152,46,43.882006512758
152,47,-2.124507616594
152,48,33.500825261253
152,49,36.621715922709
152,50,-9.571243723316
152,51,48.818278364663
152,52,-4.829514930127
152,53,28.092423522605
152,54,51.760022550450
152,55,3.107935586471
152,56,-3.318769081423
152,57,5.801635580421
152,58,0.158327559344
152,59,46.908703423294
152,60,38.966778014787
152,61,56.574085424756
152,62,17.937404621560
152,63,67.099683366709
152,64,41.848089810708
152,65,71.545275842145
152,66,-11.036656581440
152,67,-10.024032469584
152,68,12.982835713403
152,69,45.616919071843
152,70,66.767497316687
152,71,50.375180027491
152,72,45.829418496818
152,73,8.188292249069
152,74,4.385617288179
152,75,52.692723222724
152,76,6.726295922337
152,77,52.891058736823
152,78,-5.053716245100
152,79,-8.405055812975
152,80,-5.197920046419
152,81,40.108248037759
152,82,48.954908212407
152,83,63.152590183949
152,84,66.527133880882
152,85,8.896231764040
152,86,6.489543912969
152,87,52.599461504680
152,88,15.617446892160
152,89,-4.115804708665
152,90,73.075004197541
152,91,4.289159861022
152,92,-0.593093640040
152,93,0.145840731020
152,94,32.190518722702
152,95,1.185672151587
152,96,34.517978047326
152,97,20.464430670429
152,98,-0.880182532906
152,99,36.479660005571
152,100,60.283994587400
152,101,72.354900239639
152,102,42.134848665672
152,103,57.230348320096
152,104,64.699851357320
152,105,-9.536315737976
152,106,94.250529459132
152,107,-5.187721334347
152,108,34.233139767850
152,109,-6.192401277367
152,110,13.550000720548
152,111,2.461060097230
152,112,-9.147260813472
152,113,-2.019013373007
152,114,1.889314128246
152,115,60.615282506667
152,116,45.523774108420
152,117,54.143508512614
152,118,54.243742487211
152,119,5.769925590153
152,120,-7.073451390643
152,121,50.590298931776
152,122,20.308134838000
152,123,3.352878809179
152,124,27.020071658364
152,125,1.275854278545
152,126,-6.080396917780
152,127,4.581755169245
152,128,7.702053633453
152,129,-1.102564390130
152,130,3.100337578318
152,131,16.158030786937
152,132,50.284414329457
152,133,2.226613056009
152,134,37.897260936217
152,135,7.946497562109
152,136,-10.877824346542
152,137,38.732031321939
152,138,-5.007853413968
152,139,15.187971409759
152,140,48.652342387919
152,141,18.949833586557
152,142,71.848115205190
152,143,11.343552140614
152,144,34.514840286422
152,145,25.213377884254
152,146,65.021639948922
152,147,15.218008697571
152,148,-15.426386689120
152,149,1.114278433597
152,150,-19.075646185527
152,151,35.559255221167
152,152,4.632411570186
152,153,-4.622263361656
152,154,67.384825068752
152,155,53.000715473027
152,156,26.082324861243
152,157,30.223684665209
152,158,13.001013160101
152,159,-0.185750800716
152,160,68.579630126347
152,161,59.000997213137
152,162,61.411426929204
152,163,46.360093299212
152,164,45.104138446237
152,165,-4.793576309639
152,166,49.715765298584
152,167,52.642504638956
152,168,22.137997704340
152,169,72.868433655407
152,170,4.327102438474
152,171,18.878753938683
152,172,-4.292520101109
152,173,48.633515832204
152,174,17.797827449765
152,175,58.281696396458
152,176,57.824077974255
152,177,16.511318429686
152,178,0.833606271961
152,179,21.814305740329
152,180,46.722641838307
152,181,-0.120116516548
152,182,20.991686957997
152,183,-1.229126231578
152,184,-5.849659740416
152,185,57.505815426688
152,186,65.790656460980
152,187,67.761666340266
152,188,5.434569065161
152,189,38.848785009570
152,190,47.239284292475
152,191,38.338795806972
152,192,9.534114506045
152,193,35.687547322559
152,194,7.598159672591
152,195,-8.619639401732
152,196,51.083800933797
152,197,50.682501579271
152,198,40.219583268205
152,199,57.623651421607
153,0,-10.341765303172
153,1,15.475065227081
153,2,-32.797250896481
153,3,-48.564420596456
153,4,-39.059232902953
153,5,-29.780625466810
153,6,-38.055834548846
153,7,-43.167328561802
153,8,44.140653222137
153,9,-31.486990970981
153,10,-8.527627781463
153,11,-7.517808025557
153,12,-29.124210475049
153,13,-51.548162279098
153,14,-3.154950123993
153,15,-36.664863970058
153,16,-36.871301673134
153,17,-27.543655978639
153,18,-37.524163034017
153,19,22.832301168339
153,20,-32.520842019592
153,21,-35.414979386871
153,22,-31.962793877705
153,23,20.367246925089
153,24,-33.328182978337
153,25,-46.834617531509
153,26,17.385347947456
153,27,3.842132214973
153,28,24.083102623626
153,29,-34.658483297906
153,30,9.337695825983
153,31,38.372590603161
153,32,-38.523391256829
153,33,3.375720638127
153,34,-29.461613053674
153,35,-51.224951150303
153,36,-1.898504068333
153,37,-48.453681913103
153,38,-39.490219518142
153,39,-45.033005439145
153,40,-42.420011415248
153,41,-34.278344947168
153,42,7.869591970310
153,43,18.375835148719
153,44,-38.710750539431
153,45,3.314925949999
153,46,8.229691701257
153,47,-37.775820875089
153,48,-2.151263544089
153,49,0.969559173820
153,50,-45.222394878372
153,51,13.165856084779
153,52,-40.480769304639
153,53,-7.559547540011
153,54,16.107536224757
153,55,-32.543491575641
153,56,-38.970056342572
153,57,-29.849850220671
153,58,-35.493035393381
153,59,11.256322717236
153,60,3.314570212235
153,61,20.921494289316
153,62,-17.714345367094
153,63,31.446863068086
153,64,6.195819279557
153,65,35.892358752368
153,66,-46.687775837170
153,67,-45.675173768257
153,68,-22.668806416659
153,69,9.964566489420
153,70,31.114684250504
153,71,14.722723851773
153,72,10.177061288043
153,73,-27.463245507322
153,74,-31.265837687657
153,75,17.040216590758
153,76,-28.925210007714
153,77,17.238547786794
153,78,-40.704965739096
153,79,-44.056232353869
153,80,-40.849166401320
153,81,4.456015384487
153,82,13.302482957915
153,83,27.499855822076
153,84,30.874326047946
153,85,-26.755321403594
153,86,-29.161956863216
153,87,16.946956903164
153,88,-20.034252591955
153,89,-39.767074619544
153,90,37.422053801689
153,91,-31.362293015038
153,92,-36.244440235314
153,93,-35.505521949883
153,94,-3.461541556680
153,95,-34.465713165133
153,96,-1.134132901949
153,97,-15.187374330868
153,98,-36.531522878642
153,99,0.827506349327
153,100,24.631322680536
153,101,36.701965522298
153,102,6.482571891509
153,103,21.577742896676
153,104,29.047083308324
153,105,-45.187467653355
153,106,58.597118005440
153,107,-40.838967911266
153,108,-1.418964980345
153,109,-41.843625984016
153,110,-22.101653756356
153,111,-33.190352983147
153,112,-44.798421197869
153,113,-37.670328927969
153,114,-33.762086505900
153,115,24.962603387030
153,116,9.871423553865
153,117,18.490970294821
153,118,18.591202087162
153,119,-29.881559520640
153,120,-42.724656918283
153,121,14.937838072619
153,122,-15.343666760775
153,123,-32.298553685068
153,124,-8.631876058978
153,125,-34.375533001330
153,126,-41.731624062573
153,127,-31.069704076304
153,128,-27.949473537949
153,129,-36.753899894909
153,130,-32.551089418397
153,131,-19.493680465450
153,132,14.631960129838
153,133,-33.424794920727
153,134,2.245076417850
153,135,-27.705034930623
153,136,-46.528947059756
153,137,3.079828629998
153,138,-40.659103906321
153,139,-20.463718724888
153,140,12.999923720672
153,141,-16.701938442340
153,142,36.195191521845
153,143,-24.308054303314
153,144,-1.137270594540
153,145,-10.438530501211
153,146,29.368864893899
153,147,-20.433682090974
153,148,-51.077410389225
153,149,-34.537105328971
153,150,-54.726590449347
153,151,-0.092878397300
153,152,-31.019048778100
153,153,-40.273522247713
153,154,31.731998561947
153,155,17.348202135603
153,156,-9.569602441254
153,157,-5.428332795498
153,158,-22.650629365671
153,159,-35.837106263309
153,160,32.926777605870
153,161,23.348353239526
153,162,25.758730475951
153,163,10.707724537038
153,164,9.451797027621
153,165,-40.444831466477
153,166,14.063323479226
153,167,16.989999100326
153,168,-13.513843730230
153,169,37.215487757123
153,170,-31.324351263553
153,171,-16.773016542837
153,172,-39.943786165160
153,173,12.981097574833
153,174,-17.853919500332
153,175,22.629068083334
153,176,22.171459624304
153,177,-19.140400513614
153,178,-34.817771380716
153,179,-13.837528647506
153,180,11.070265183022
153,181,-35.771473407913
153,182,-14.660129521559
153,183,-36.880458981279
153,184,-41.500891907992
153,185,21.853204005871
153,186,30.137864662793
153,187,32.108831628764
153,188,-30.216908745264
153,189,3.196579775809
153,190,11.586896389272
153,191,2.686601676061
153,192,-26.117452547784
153,193,0.035410911099
153,194,-28.053365237130
153,195,-44.270811271512
153,196,15.431329330415
153,197,15.030038712735
153,198,4.567348191078
153,199,21.971037435287
154,0,23.752275728919
154,1,49.569643763913
154,2,1.296322641421
154,3,-14.471175295330
154,4,-4.965789726855
154,5,4.313010871840
154,6,-3.962370484158
154,7,-9.073970906866
154,8,78.235828614364
154,9,2.606609844137
154,10,25.566451019746
154,11,26.576291799494
154,12,4.969439529057
154,13,-17.454979091293
154,14,30.939240533720
154,15,-2.571370948273
154,16,-2.777812948952
154,17,6.550026930025
154,18,-3.430687901047
154,19,56.927032888547
154,20,1.572737272625
154,21,-1.321460345025
154,22,2.130797032056
154,23,54.461927320648
154,24,0.765379506556
154,25,-12.741336220417
154,26,51.479966257597
154,27,37.936468550695
154,28,58.177860386779
154,29,-0.564948507308
154,30,43.432146580111
154,31,72.467645893354
154,32,-4.429936925670
154,33,37.470047263167
154,34,4.632029926281
154,35,-17.131761234152
154,36,32.195712748180
154,37,-14.360434306691
154,38,-5.396785314239
154,39,-10.939686623053
154,40,-8.326638202940
154,41,-0.184802242831
154,42,41.964012158161
154,43,52.470474081507
154,44,-4.617300108679
154,45,37.409251309298
154,46,42.324119386460
154,47,-3.682350981107
154,48,31.942948010044
154,49,35.063835702778
154,50,-11.129080004896
154,51,47.260386542643
154,52,-6.387355721774
154,53,26.534551416044
154,54,50.202127930017
154,55,1.550087245058
154,56,-4.876611310014
154,57,4.243784676837
154,58,-1.399517976504
154,59,45.350813417797
154,60,37.408895564120
154,61,55.016186224770
154,62,16.379542174582
154,63,65.541774153680
154,64,40.290204619181
154,65,69.987362399937
154,66,-12.594491469215
154,67,-11.581868320500
154,68,11.424977979193
154,69,44.059030295182
154,70,65.209588419675
154,71,48.817286724428
154,72,44.271529518010
154,73,6.630439075358
154,74,2.827767731476
154,75,51.134827715032
154,76,5.168444139243
154,77,51.333163040457
154,78,-6.611556823489
154,79,-9.962893203759
154,80,-6.755760487649
154,81,38.550364501265
154,82,47.397016260416
154,83,61.594684725838
154,84,64.969225212531
154,85,7.338377916953
154,86,4.931692355072
154,87,51.041566085703
154,88,14.059586651929
154,89,-5.673646179152
154,90,71.517089300054
154,91,2.731310396062
154,92,-2.150938461171
154,93,-1.412004792954
154,94,30.632642717908
154,95,-0.372174361437
154,96,32.960099828560
154,97,18.906565819736
154,98,-2.438027080971
154,99,34.921779920769
154,100,58.726091858196
154,101,70.796986027206
154,102,40.576963201369
154,103,55.672448495818
154,104,63.141944427283
154,105,-11.094152052778
154,106,92.692594416221
154,107,-6.745561785283
154,108,32.675261820041
154,109,-7.750240772708
154,110,11.992142446856
154,111,0.903212371100
154,112,-10.705097498314
154,113,-3.576856837870
154,114,0.331466945943
154,115,59.057379462305
154,116,43.965885420359
154,117,52.585611624811
154,118,52.685845504056
154,119,4.212074716736
154,120,-8.631290047975
154,121,49.032405424070
154,122,18.750270135977
154,123,1.795030234789
154,124,25.462200571848
154,125,-0.281992320255
154,126,-7.638236519648
154,127,3.023905425980
154,128,6.144200922237
154,129,-2.660408726675
154,130,1.542489244130
154,131,14.600170032500
154,132,48.726521112738
154,133,0.668765552880
154,134,36.339379502933
154,135,6.388644618382
154,136,-12.435659385388
154,137,37.174149094579
154,138,-6.565694035984
154,139,13.630111578037
154,140,47.094450723751
154,141,17.391970176563
154,142,70.290201474883
154,143,9.785695965671
154,144,32.956962070646
154,145,23.655508516298
154,146,63.463732712764
154,147,13.660148837283
154,148,-16.984217401689
154,149,-0.443568011520
154,150,-20.633473427217
154,151,34.001376011896
154,152,3.074561778740
154,153,-6.180104350431
154,154,65.826915584468
154,155,51.442819672346
154,156,24.524454666731
154,157,28.665810531333
154,158,11.443155408597
154,159,-1.743596009292
154,160,67.021719505421
154,161,57.443095704446
154,162,59.853523127465
154,163,44.802203815590
154,164,43.546250157364
154,165,-6.351417135462
154,166,48.157872622804
154,167,51.084609179030
154,168,20.580131261733
154,169,71.310518954437
154,170,2.769252937425
154,171,17.320890596297
154,172,-5.850361403507
154,173,47.075624185942
154,174,16.239965135559
154,175,56.723795572034
154,176,56.266177585167
154,177,14.953457339208
154,178,-0.724239906187
154,179,20.256439605626
154,180,45.164752009805
154,181,-1.677961787558
154,182,19.433821605780
154,183,-2.786970447742
154,184,-7.407499561748
154,185,55.947915340359
154,186,64.232748493254
154,187,66.203756497489
154,188,3.876718510728
154,189,37.290902671142
154,190,45.681393972511
154,191,36.780913953677
154,192,7.976260052208
154,193,34.129667991256
154,194,6.040307060204
154,195,-10.177476588418
154,196,49.525906956638
154,197,49.124607983860
154,198,38.661699625809
154,199,56.065751223177
155,0,17.523725954030
155,1,43.340995798724
155,2,-4.932141732555
155,3,-20.699579707667
155,4,-11.194230286594
155,5,-1.915464974452
155,6,-10.190814859787
155,7,-15.302395843770
155,8,72.007071616819
155,9,-3.621859512787
155,10,19.337894345270
155,11,20.347731284426
155,12,-1.259038813616
155,13,-23.683372156891
155,14,24.710663425518
155,15,-8.799820613720
155,16,-9.006261829330
155,17,0.321542576414
155,18,-9.659134298607
155,19,50.698356940127
155,20,-4.655728152538
155,21,-7.549914763775
155,22,-4.097670515373
155,23,48.233260748108
155,24,-5.463082848277
155,25,-18.969747210976
155,26,45.251311026695
155,27,31.707864830329
155,28,51.949179680880
155,29,-6.793405803008
155,30,37.203521958007
155,31,66.238910835804
155,32,-10.658379523193
155,33,31.241445316729
155,34,-1.596447133234
155,35,-23.360155528862
155,36,25.967130861340
155,37,-20.588839140153
155,38,-11.625224234951
155,39,-17.168104464952
155,40,-14.555065981833
155,41,-6.413260984191
155,42,35.735393119852
155,43,46.241815083304
155,44,-10.845741993689
155,45,31.180649594076
155,46,36.095498978546
155,47,-9.910796421616
155,48,25.714367084533
155,49,28.835242907786
155,50,-17.357497126563
155,51,41.031747360423
155,52,-12.615790875476
155,53,20.305991059722
155,54,43.973477559244
155,55,-4.678378093973
155,56,-11.105052208884
155,57,-1.984690906189
155,58,-7.627972098409
155,59,39.122181498366
155,60,31.180293850259
155,61,48.787517544144
155,62,10.151020439022
155,63,59.313065439143
155,64,34.061591946876
155,65,63.758636776358
155,66,-18.822903018197
155,67,-17.810283720297
155,68,5.196475086101
155,69,37.830403288834
155,70,58.980880968615
155,71,42.588641620736
155,72,38.042901703455
155,73,0.401954415938
155,74,-3.400702466497
155,75,44.906173796830
155,76,-1.060034960232
155,77,45.104508367906
155,78,-12.839991124594
155,79,-16.191314760239
155,80,-12.984194240365
155,81,32.321758446080
155,82,41.168376558540
155,83,55.365991024119
155,84,58.740518675695
155,85,1.109890565247
155,86,-1.296785844053
155,87,44.812912522219
155,88,7.831073739311
155,89,-11.902084047004
155,90,65.288357858037
155,91,-3.497159435086
155,92,-8.379389725487
155,93,-7.640458867369
155,94,24.404066775765
155,95,-6.600632390240
155,96,26.731515034589
155,97,12.678034473676
155,98,-8.666477253515
155,99,28.693187666053
155,100,52.497409067117
155,101,64.568257324165
155,102,34.348349438427
155,103,49.443777319138
155,104,56.913244840551
155,105,-17.322569307275
155,106,86.463782429193
155,107,-12.973995576780
155,108,26.446678109365
155,109,-13.978670743556
155,110,5.763637396820
155,111,-5.325250507900
155,112,-16.933516232319
155,113,-9.805302679561
155,114,-5.896993758754
155,115,52.828695411190
155,116,37.737258768277
155,117,46.356952188689
155,118,46.457185686704
155,119,-2.016400745699
155,120,-14.859716668325
155,121,42.803759502203
155,122,12.521739384327
155,123,-4.433436035746
155,124,19.233644293854
155,125,-6.510450692011
155,126,-13.866666916430
155,127,-3.204565517895
155,128,-0.084281888019
155,129,-8.888858053520
155,130,-4.685976066001
155,131,8.371655064009
155,132,42.497876354268
155,133,-5.559696434531
155,134,30.110781856725
155,135,0.160160878506
155,136,-18.664071538384
155,137,30.945548273514
155,138,-12.794128511494
155,139,7.401600298734
155,140,40.865812172648
155,141,11.163444590653
155,142,64.061474699440
155,143,3.557199306815
155,144,26.728377288600
155,145,17.426959109427
155,146,57.235031902106
155,147,7.431637443748
155,148,-23.212612257485
155,149,-6.672025768814
155,150,-26.861854405797
155,151,27.772787257702
155,152,-3.153909357781
155,153,-12.408540292286
155,154,59.598205785383
155,155,45.214164582729
155,156,18.295901955127
155,157,22.437242069442
155,158,5.214652446382
155,159,-7.972048822696
155,160,60.793005161853
155,161,51.214417793199
155,162,53.624836048235
155,163,38.573573982707
155,164,37.317625101292
155,165,-12.579852425843
155,166,41.929230027119
155,167,44.855955451836
155,168,14.351593550920
155,169,65.081788298128
155,170,-3.459217038020
155,171,11.092365280711
155,172,-12.078798599337
155,173,40.846985706441
155,174,10.011443930816
155,175,50.495120396612
155,176,50.037504150270
155,177,8.724941027147
155,178,-6.952696596112
155,179,14.027903125854
155,180,38.936120798026
155,181,-7.906414850557
155,182,13.205288254510
155,183,-9.015419293290
155,184,-13.635930835997
155,185,49.719243115956
155,186,58.004044757632
155,187,59.975045265077
155,188,-2.351755676362
155,189,31.062301406040
155,190,39.452760795764
155,191,30.552314628192
155,192,1.747770274647
155,193,27.901078749135
155,194,-0.188175354953
155,195,-16.405897328870
155,196,43.297259157793
155,197,42.895961711314
155,198,32.433093147185
155,199,49.837078550590
156,0,-16.658987260613
156,1,9.157743668999
156,2,-39.114386226378
156,3,-54.881495103466
156,4,-45.376344076569
156,5,-36.097772433808
156,6,-44.372949593155
156,7,-49.484423888185
156,8,37.823221065635
156,9,-37.804131355391
156,10,-14.844856737596
156,11,-13.835040877450
156,12,-35.441359974277
156,13,-57.865225276393
156,14,-9.472199807344
156,15,-42.981984380167
156,16,-43.188421286890
156,17,-33.860811575141
156,18,-43.841280129294
156,19,16.514951225094
156,20,-38.837978415781
156,21,-41.732104618553
156,22,-38.279932426638
156,23,14.049906492401
156,24,-39.645316260088
156,25,-53.151698711234
156,26,11.068019019309
156,27,-2.475144462791
156,28,17.765747854581
156,29,-40.975611447859
156,30,3.020397946275
156,31,32.055180701791
156,32,-44.840504497493
156,33,-2.941554240220
156,34,-35.778761251313
156,35,-57.542015394371
156,36,-8.215758598963
156,37,-54.770756847283
156,38,-45.807329029187
156,39,-51.350093568617
156,40,-48.737109624439
156,41,-40.595474563546
156,42,1.552299754592
156,43,12.058502399152
156,44,-45.027863057338
156,45,-3.002348693808
156,46,1.912398096261
156,47,-44.092936999572
156,48,-8.468517099587
156,49,-5.347706421642
156,50,-51.539482277265
156,51,6.848543435823
156,52,-46.797874994569
156,53,-13.876780230879
156,54,9.790212226544
156,55,-38.860627884453
156,56,-45.287167860188
156,57,-36.166996920620
156,58,-41.810160323948
156,59,4.939017435376
156,60,-3.002704430204
156,61,14.604151718253
156,62,-24.031538882475
156,63,25.129479888092
156,64,-0.121466478719
156,65,29.574958420475
156,66,-53.004857583335
156,67,-51.992259420542
156,68,-28.985980818929
156,69,3.647266191227
156,70,24.797302352141
156,71,8.405405196296
156,72,3.859760170031
156,73,-33.780401414027
156,74,-37.582978925202
156,75,10.722888994169
156,76,-35.242360274620
156,77,10.921219425021
156,78,-47.022070564170
156,79,-50.373324251268
156,80,-47.166270670132
156,81,-1.861263661631
156,82,6.985169781838
156,83,21.182487870537
156,84,24.556945076947
156,85,-33.072480041250
156,86,-35.479106216830
156,87,10.629629666379
156,88,-26.351437157668
156,89,-46.084183062601
156,90,31.104647567779
156,91,-37.679433880498
156,92,-42.561562267256
156,93,-41.822646832283
156,94,-9.778790057229
156,95,-40.782842058718
156,96,-7.451390381473
156,97,-21.504577594787
156,98,-42.848643803125
156,99,-5.489758698095
156,100,18.313965796347
156,101,30.384562066698
156,102,0.165285026938
156,103,15.260397793718
156,104,22.729709387248
156,105,-51.504555186984
156,106,52.279630069635
156,107,-47.156072219419
156,108,-7.736221361003
156,109,-48.160726416638
156,110,-28.418830346556
156,111,-39.507486796603
156,112,-51.115510232259
156,113,-43.987445459396
156,114,-40.079218113817
156,115,18.645245224710
156,116,3.554123615017
156,117,12.173637101048
156,118,12.273868506687
156,119,-36.198706098265
156,120,-49.041753952290
156,121,8.620518587217
156,122,-21.660869421743
156,123,-38.615690938757
156,124,-14.949104612941
156,125,-40.692662242793
156,126,-48.048724927256
156,127,-37.386846070462
156,128,-34.266627568933
156,129,-43.071019961557
156,130,-38.868225697894
156,131,-25.810867116561
156,132,8.314641824531
156,133,-39.741927829789
156,134,-4.072194098509
156,135,-34.022189904579
156,136,-52.846029418601
156,137,-3.237445106810
156,138,-46.976208908316
156,139,-26.780901633829
156,140,6.682611711898
156,141,-23.019135863375
156,142,29.877790021535
156,143,-30.625222381816
156,144,-7.454528061957
156,145,-16.755752085352
156,146,23.051489731311
156,147,-26.750865115784
156,148,-57.394475202425
156,149,-40.854233947146
156,150,-61.043641186021
156,151,-6.410139893916
156,152,-37.336190967675
156,153,-46.590628737111
156,154,25.414614281835
156,155,11.030873350770
156,156,-15.886827377588
156,157,-11.745573708344
156,158,-28.967803838066
156,159,-42.154229866581
156,160,26.609388715995
156,161,17.031001305259
156,162,19.441369242020
156,163,4.390421371703
156,164,3.134498707703
156,165,-46.761937295036
156,166,7.746007367765
156,167,10.672671697474
156,168,-19.831053450318
156,169,30.898082320215
156,170,-37.641492275376
156,171,-23.090213689662
156,172,-46.260893926541
156,173,6.663785638688
156,174,-24.171112477270
156,175,16.311718924189
156,176,15.854112230685
156,177,-25.457588527599
156,178,-41.134898916192
156,179,-20.154737118872
156,180,4.752960618986
156,181,-42.088597264374
156,182,-20.977334819487
156,183,-43.197578559710
156,184,-47.817993662735
156,185,15.535857840136
156,186,23.820486533237
156,187,25.791445894734
156,188,-36.534054029216
156,189,-3.120694411416
156,190,5.269589832045
156,191,-3.630670543687
156,192,-32.434613646146
156,193,-6.281851080450
156,194,-34.370518867334
156,195,-50.587902341169
156,196,9.114007941069
156,197,8.712718871611
156,198,-1.749931284561
156,199,15.653690814936
157,0,-22.724366554634
157,1,3.092268742861
157,2,-45.179682344460
157,3,-60.946732822100
157,4,-51.441617000855
157,5,-42.163079725316
157,6,-50.438226233906
157,7,-55.549681596654
157,8,31.757639947777
157,9,-43.869432326603
157,10,-20.910242751444
157,11,-19.900430631831
157,12,-41.506669697119
157,13,-63.930451943910
157,14,-15.537605722559
157,15,-49.047266172929
157,16,-49.253702315029
157,17,-39.926127152321
157,18,-49.906558739298
157,19,10.449449044769
157,20,-44.903275557663
157,21,-47.797391040767
157,22,-44.345231635496
157,23,7.984413443693
157,24,-45.710610411639
157,25,-59.216942836712
157,26,5.002537016750
157,27,-8.540576296837
157,28,11.700241040729
157,29,-47.040900672073
157,30,-3.045054244940
157,31,25.989620952336
157,32,-50.905779406472
157,33,-9.006984346561
157,34,-41.844069724430
157,35,-63.607243258986
157,36,-14.281169168309
157,37,-60.835994976078
157,38,-51.872600357150
157,39,-57.415344366935
157,40,-54.802370100864
157,41,-46.660765195760
157,42,-4.513146998310
157,43,5.993016727443
157,44,-51.093137272357
157,45,-9.067778574943
157,46,-4.153049990557
157,47,-50.158214677467
157,48,-14.533926732664
157,49,-11.413127614949
157,50,-57.604732374122
157,51,0.783077063825
157,52,-52.863142653659
157,53,-19.942169830654
157,54,3.724734957490
157,55,-44.925924942443
157,56,-51.352441114774
157,57,-42.232303955723
157,58,-47.875446457052
157,59,-1.126441863053
157,60,-9.068134310022
157,61,8.538656616380
157,62,-30.096890867688
157,63,19.063945795322
157,64,-6.186907031479
157,65,23.509407859201
157,66,-59.070102252692
157,67,-58.057507840393
157,68,-35.051314452576
157,69,-2.418188322117
157,70,18.731769489932
157,71,2.339933057105
157,72,-2.205695130462
157,73,-39.845717289048
157,74,-43.648280715548
157,75,4.657408270112
157,76,-41.307670734561
157,77,4.855737966267
157,78,-53.087337392877
157,79,-56.438578667388
157,80,-53.231536964740
157,81,-7.926697769661
157,82,0.919702903731
157,83,15.116968399445
157,84,18.491413105141
157,85,-39.137798538410
157,86,-41.544415799865
157,87,4.564149287791
157,88,-32.416780549807
157,89,-52.149453365128
157,90,25.039091339655
157,91,-43.744735313579
157,92,-48.626845617226
157,93,-47.887932919140
157,94,-15.844194836762
157,95,-46.848131996936
157,96,-13.516803782215
157,97,-27.569938940105
157,98,-48.913926089772
157,99,-11.555179365205
157,100,12.248456951653
157,101,24.319008506194
157,102,-5.900156588032
157,103,9.194900260816
157,104,16.664184184476
157,105,-57.569805413201
157,106,46.213995394966
157,107,-53.221338551797
157,108,-13.801633706666
157,109,-54.225989027909
157,110,-34.484166080947
157,111,-45.572781458657
157,112,-57.180761899435
157,113,-50.052723528024
157,114,-46.144510658218
157,115,12.579735152794
157,116,-2.511330553294
157,117,6.108151002831
157,118,6.208382037177
157,119,-42.264013015920
157,120,-55.107013300352
157,121,2.555045651163
157,122,-27.726230188142
157,123,-44.680988903987
157,124,-21.014490240639
157,125,-46.757952515029
157,126,-54.113987953358
157,127,-43.452148587283
157,128,-40.331941642973
157,129,-49.136301424536
157,130,-44.933522727748
157,131,-31.876212511001
157,132,2.249170021561
157,133,-45.807221623494
157,134,-10.137620016649
157,135,-40.087504884017
157,136,-58.911274676226
157,137,-9.302874117086
157,138,-53.041475906888
157,139,-32.846243435197
157,140,0.617145954573
157,141,-29.084491598624
157,142,23.812238338403
157,143,-36.690549943654
157,144,-13.519941451079
157,145,-22.821131020944
157,146,16.985963336498
157,147,-32.816207028409
157,148,-63.459703613502
157,149,-46.919523620934
157,150,-67.108856081431
157,151,-12.475557151709
157,152,-43.401493672114
157,153,-52.655897163822
157,154,19.349079132771
157,155,4.965391485821
157,156,-21.952209531810
157,157,-17.810971202511
157,158,-35.033137539038
157,159,-48.219514725279
157,160,20.543849140849
157,161,10.965497213256
157,162,13.375856220882
157,163,-1.675035894543
157,164,-2.930953906172
157,165,-52.827205087240
157,166,1.680537671236
157,167,4.607191159448
157,168,-25.896420994570
157,169,24.832526857324
157,170,-43.706793848993
157,171,-29.155569161630
157,172,-52.326163574551
157,173,0.598319951103
157,174,-30.236463945490
157,175,10.246217496737
157,176,9.788612498407
157,177,-31.522935230612
157,178,-47.200187550421
157,179,-26.220103464162
157,180,-1.312497990220
157,181,-48.153882366169
157,182,-27.042698117773
157,183,-49.262859553928
157,184,-53.883257543435
157,185,9.470359286817
157,186,17.754957289661
157,187,19.725909349690
157,188,-42.599359704749
157,189,-9.186123854168
157,190,-0.795870690941
157,191,-9.696098097345
157,192,-38.499934505970
157,193,-12.347268813457
157,194,-40.435832556563
157,195,-56.653155962522
157,196,3.048533176945
157,197,2.647245594017
157,198,-7.815365805000
157,199,9.588191825103
158,0,-72.454952116408
158,1,-46.639100995366
158,2,-94.909585869573
158,3,-110.676157475988
158,4,-101.171330338511
158,5,-91.893074871703
158,6,-100.167970046350
158,7,-105.279270165782
158,8,-17.974600554779
158,9,-93.599375646983
158,10,-70.640883415348
158,11,-69.631101967832
158,12,-91.236684780306
158,13,-113.659785979420
158,14,-65.268409576151
158,15,-98.777052231453
158,16,-98.983482103693
158,17,-89.656190240632
158,18,-99.636318699471
158,19,-39.282144175777
158,20,-94.633187477863
158,21,-97.527215060487
158,22,-94.075160504755
158,23,-41.747104898277
158,24,-95.440497811287
158,25,-108.946420026259
158,26,-44.728890747559
158,27,-58.271592683006
158,28,-38.031390174372
158,29,-96.770747667964
158,30,-52.776237558413
158,31,-23.742444330950
158,32,-100.635509018473
158,33,-58.737986565618
158,34,-91.574074559940
158,35,-113.336587110614
158,36,-64.012011185507
158,37,-110.565422993190
158,38,-101.602300605096
158,39,-107.144876273291
158,40,-104.531981366948
158,41,-96.390623737170
158,42,-54.244285718029
158,43,-43.738441123664
158,44,-100.822861193970
158,45,-58.798778947385
158,46,-53.884199648317
158,47,-99.887966994378
158,48,-64.264761072474
158,49,-61.144056747835
158,50,-107.334258528514
158,51,-48.948222531035
158,52,-102.592812817158
158,53,-69.672839898856
158,54,-46.006653992423
158,55,-94.655836174730
158,56,-101.082157160861
158,57,-91.962296999605
158,58,-97.605268106076
158,59,-50.857683455200
158,60,-58.799134671652
158,61,-41.192878561385
158,62,-79.827252499206
158,63,-30.667909104981
158,64,-55.917994910429
158,65,-26.222582081609
158,66,-108.799583901964
158,67,-107.787020243406
158,68,-84.781525602586
158,69,-52.149390676881
158,70,-31.000075319862
158,71,-47.391413828344
158,72,-51.936903939793
158,73,-89.575782819607
158,74,-93.378230752824
158,75,-45.074009010590
158,76,-91.037691861842
158,77,-44.875685338877
158,78,-102.817000747207
158,79,-106.168140239439
158,80,-102.961195939497
158,81,-57.657732802370
158,82,-48.811600841233
158,83,-34.614766604129
158,84,-31.240424403353
158,85,-88.867885570347
158,86,-91.274429736608
158,87,-45.167265160082
158,88,-82.147071718711
158,89,-101.879145204570
158,90,-24.692945068942
158,91,-93.474682421300
158,92,-98.356644444750
158,93,-97.617754188919
158,94,-65.574989377899
158,95,-96.577984847616
158,96,-63.247669016666
158,97,-77.300377323852
158,98,-98.643716198101
158,99,-61.286104183309
158,100,-37.483190916319
158,101,-25.413006028146
158,102,-55.631253177067
158,103,-40.536654851159
158,104,-33.067597818503
158,105,-107.299332628369
158,106,-3.518684269598
158,107,-102.950997836291
158,108,-63.532490289530
158,109,-103.955617799569
158,110,-84.214394456954
158,111,-95.302673044484
158,112,-106.910300930373
158,113,-99.782479048896
158,114,-95.874384879375
158,115,-37.151922778248
158,116,-52.242530078831
158,117,-43.623310345596
158,118,-43.523082355881
158,119,-91.994005096712
158,120,-104.836615313958
158,121,-47.176307768495
158,122,-77.456663824771
158,123,-94.410907575533
158,124,-70.745127738119
158,125,-96.487808104655
158,126,-103.843620126667
158,127,-93.182104581552
158,128,-90.061992405645
158,129,-98.866084778892
158,130,-94.663433729271
158,131,-81.606520098692
158,132,-47.482174106888
158,133,-95.537106088850
158,134,-59.868587892794
158,135,-89.817563070857
158,136,-108.640761149283
158,137,-59.033867348517
158,138,-102.771140654106
158,139,-82.576521559960
158,140,-49.114148600027
158,141,-78.814883980136
158,142,-25.919760801597
158,143,-86.420711305298
158,144,-63.250806590222
158,145,-72.551713643603
158,146,-32.745828441104
158,147,-82.546486065476
158,148,-113.189051946043
158,149,-96.649374303306
158,150,-116.838093586521
158,151,-62.206454013620
158,152,-93.131451204892
158,153,-102.385573621708
158,154,-30.382784429028
158,155,-44.766035150162
158,156,-71.682818547022
158,157,-67.541706004122
158,158,-84.763349241133
158,159,-97.949325924252
158,160,-29.188050714554
158,161,-38.766111682962
158,162,-36.355825893559
158,163,-51.406260822878
158,164,-52.662140685490
158,165,-102.556876342220
158,166,-48.050789184599
158,167,-45.124224595864
158,168,-75.626910209074
158,169,-24.899503276371
158,170,-93.436742109086
158,171,-78.885959384272
158,172,-102.055850047000
158,173,-49.132974031651
158,174,-79.966821337715
158,175,-39.485369550377
158,176,-39.942960648346
158,177,-81.253253548472
158,178,-96.930029708441
158,179,-75.950582847247
158,180,-51.043733930819
158,181,-97.883695558528
158,182,-76.773152515700
158,183,-98.992639064469
158,184,-103.612896724393
158,185,-40.261204192582
158,186,-31.976857847570
158,187,-30.005965659097
158,188,-92.329341600256
158,189,-58.917120631886
158,190,-50.527122324354
158,191,-59.427079384652
158,192,-88.230040911556
158,193,-62.078169572087
158,194,-90.165880163797
158,195,-106.382711017570
158,196,-46.682835232787
158,197,-47.084110626281
158,198,-57.546404219422
158,199,-40.143375233609
159,0,-12.151474246595
159,1,13.665327751078
159,2,-34.606935023716
159,3,-50.374087299766
159,4,-40.868910110141
159,5,-31.590312927729
159,6,-39.865512864875
159,7,-44.977001229236
159,8,42.330884063005
159,9,-33.296676546182
159,10,-10.337338729798
159,11,-9.327520089908
159,12,-30.933898661373
159,13,-53.357825685220
159,14,-4.964667010056
159,15,-38.474543823220
159,16,-38.680981298166
159,17,-29.353345911652
159,18,-39.333841937580
159,19,21.022555560834
159,20,-34.330526452293
159,21,-37.224660621272
159,22,-33.772478927094
159,23,18.557504042074
159,24,-35.137866518846
159,25,-48.644286146351
159,26,15.575608360145
159,27,2.032407595827
159,28,22.273355633675
159,29,-36.468165368307
159,30,7.527965133115
159,31,36.562827819464
159,32,-40.333069056163
159,33,1.565996534460
159,34,-31.271300867127
159,35,-53.034614913588
159,36,-3.708222342997
159,37,-50.263348738787
159,38,-41.299896249053
159,39,-46.842676044886
159,40,-44.229684908525
159,41,-36.088027437654
159,42,6.059862900009
159,43,16.566094466682
159,44,-40.520428131720
159,45,1.505201913518
159,46,6.419962232969
159,47,-39.585499500550
159,48,-3.960981539407
159,49,-0.840162270586
159,50,-47.032065274820
159,51,11.356121160963
159,52,-42.290444940918
159,53,-9.369259558240
159,54,14.297798049723
159,55,-34.353175983306
159,56,-40.779733648305
159,57,-31.659537605090
159,58,-37.302716541526
159,59,9.446589903870
159,60,1.504846176147
159,61,19.111750793716
159,62,-19.524046162718
159,63,29.637107939256
159,64,4.386092059118
159,65,34.082598710032
159,66,-48.497444614281
159,67,-47.484843664352
159,68,-24.478501736958
159,69,8.154835103735
159,70,29.304929488826
159,71,12.912987207274
159,72,8.367329667497
159,73,-29.272935529196
159,74,-33.075523507257
159,75,15.230477384903
159,76,-30.734898413953
159,77,15.428808361736
159,78,-42.514641127622
159,79,-45.865904039005
159,80,-42.658841630495
159,81,2.646290086879
159,82,11.492747883094
159,83,25.690105055735
159,84,29.064571551928
159,85,-28.565012207800
159,86,-30.971645007827
159,87,15.137217800380
159,88,-21.843950823772
159,89,-41.576751044508
159,90,35.612292068603
159,91,-33.171978728045
159,92,-38.054120553090
159,93,-37.315203084232
159,94,-5.271258103909
159,95,-36.275395448560
159,96,-2.943852021381
159,97,-16.997077919157
159,98,-38.341202879164
159,99,-0.982214938078
159,100,22.821575084658
159,101,34.892204585114
159,102,4.672844354151
159,103,19.767998675772
159,104,27.237330831893
159,105,-46.997138088402
159,106,56.787332867221
159,107,-42.648643151704
159,108,-3.228683784982
159,109,-43.653300114231
159,110,-23.911349703427
159,111,-35.000036675970
159,112,-46.608092062837
159,113,-39.480007670012
159,114,-35.571769566901
159,115,23.152855425011
159,116,8.061692271112
159,117,16.681229485534
159,118,16.781461167098
159,119,-31.691246870010
159,120,-44.534330074901
159,121,13.128101190370
159,122,-17.153370176340
159,123,-34.108238363413
159,124,-10.441586892106
159,125,-36.185215384408
159,126,-43.541298316566
159,127,-32.879390112648
159,128,-29.759163022485
159,129,-38.563579649686
159,130,-34.360773817665
159,131,-21.303379294674
159,132,12.822223585652
159,133,-35.234478354469
159,134,0.435353563757
159,135,-29.514724685294
159,136,-48.338616012377
159,137,1.270104853349
159,138,-42.468779345530
159,139,-22.273416482087
159,140,11.190188980254
159,141,-18.511640356825
159,142,34.385431144794
159,143,-26.117747812044
159,144,-2.946989710501
159,145,-12.248239337692
159,146,27.559112061812
159,147,-22.243379881365
159,148,-52.887074315557
159,149,-36.346787533497
159,150,-56.536250343175
159,151,-1.902598667504
159,152,-32.828734870425
159,153,-42.083198113010
159,154,29.922243117966
159,155,15.538462589349
159,156,-11.379312238038
159,157,-7.238047169070
159,158,-24.460324706059
159,159,-37.646787031219
159,160,31.117020841331
159,161,21.538607061651
159,162,23.948981634006
159,163,8.897992329999
159,164,7.642066208646
159,165,-42.254507142468
159,166,12.253587563508
159,167,15.180259949964
159,168,-15.323549168017
159,169,35.405726252357
159,170,-33.134037018492
159,171,-18.582718378762
159,172,-41.753462394845
159,173,11.171362855217
159,174,-19.663620141713
159,175,20.819322700452
159,176,20.361714747189
159,177,-20.950099733258
159,178,-36.627453275090
159,179,-15.647233727570
159,180,9.260532575296
159,181,-37.581154248357
159,182,-16.469833692536
159,183,-38.690138596197
159,184,-43.310566416956
159,185,20.043459480512
159,186,28.328110980758
159,187,30.299075768278
159,188,-32.026595724034
159,189,1.386855870129
159,190,9.777163210558
159,191,0.876878334006
159,192,-27.927144056906
159,193,-1.774309500892
159,194,-29.863054606853
159,195,-46.080482719524
159,196,13.621591902745
159,197,13.220301728586
159,198,2.757622770427
159,199,20.161292779696
160,0,-1.246473126746
160,1,24.570500800604
160,2,-23.702083439530
160,3,-39.469340707481
160,4,-29.964100224315
160,5,-20.685441255693
160,6,-28.960696297487
160,7,-34.072218698748
160,8,53.236248026500
160,9,-22.391816236930
160,10,0.567674471124
160,11,1.577499835832
160,12,-20.029022618219
160,13,-42.453098960897
160,14,5.940381970002
160,15,-27.569717993436
160,16,-27.776156843036
160,17,-18.448459343439
160,18,-28.429021829827
160,19,31.927777608573
160,20,-23.425673027494
160,21,-26.319826468542
160,22,-22.867621786238
160,23,29.462709672785
160,24,-24.233018470142
160,25,-37.739528035687
160,26,26.480794131821
160,27,12.937503173373
160,28,33.178586011680
160,29,-25.563326178082
160,30,18.433097309258
160,31,47.468153366353
160,32,-29.428255602208
160,33,12.471089005885
160,34,-20.366427070767
160,35,-42.129886037095
160,36,7.196835004375
160,37,-39.358601409120
160,38,-30.395089233127
160,39,-35.937905937630
160,40,-33.324897401755
160,41,-25.183185716087
160,42,16.964985299026
160,43,27.471286834851
160,44,-29.615615925366
160,45,12.410293980080
160,46,17.325087030134
160,47,-28.680681068567
160,48,6.944074124709
160,49,10.064914176794
160,50,-36.127296428676
160,51,22.261278831655
160,52,-31.385644520960
160,53,1.535760089537
160,54,25.202975311397
160,55,-23.448322709337
160,56,-29.874923168660
160,57,-20.754666394030
160,58,-26.397882908568
160,59,20.351734857541
160,60,12.409938240329
160,61,30.016960115659
160,62,-8.619094139292
160,63,40.542387359950
160,64,15.291203311361
160,65,44.987907738185
160,66,-37.592685525829
160,67,-36.580077833183
160,68,-13.573582706405
160,69,19.059971454655
160,70,40.210206697186
160,71,23.818155246365
160,72,19.272467433577
160,73,-18.368048425524
160,74,-22.170661725337
160,75,26.135660858054
160,76,-19.830021045644
160,77,26.333993155742
160,78,-31.609842200567
160,79,-34.961127427589
160,80,-31.754043663655
160,81,13.551389752654
160,82,22.397906463688
160,83,36.595358189232
160,84,39.969847159489
160,85,-17.660120389985
160,86,-20.066769216035
160,87,26.042400652441
160,88,-10.939014249183
160,89,-30.671945872135
160,90,46.517611284755
160,91,-22.267117588432
160,92,-27.149291923713
160,93,-26.410369534417
160,94,5.633788834399
160,95,-25.370554974681
160,96,7.961210416346
160,97,-6.092109067904
160,98,-27.436376161459
160,99,9.922860563289
160,100,33.726809113781
160,101,45.797519005362
160,102,15.577957516070
160,103,30.673212368260
160,104,38.142594269942
160,105,-36.092369009690
160,106,67.692793116425
160,107,-31.743845116958
160,108,7.676376755895
160,109,-32.748508769386
160,110,-13.006426896100
160,111,-24.095187709463
160,112,-35.703320393535
160,113,-28.575188535564
160,114,-24.666924407575
160,115,34.058091660445
160,116,18.966828001729
160,117,27.586422620487
160,118,27.686654969584
160,119,-20.786375870106
160,120,-33.629544596719
160,121,24.033270662076
160,122,-6.248402365884
160,123,-23.203383458393
160,124,0.463425614580
160,125,-25.280374310023
160,126,-32.636506225914
160,127,-21.974527024671
160,128,-18.854279156658
160,129,-27.658754412783
160,130,-23.455920594286
160,131,-10.398439120283
160,132,23.727391020271
160,133,-24.329630949112
160,134,11.340438505540
160,135,-18.609839191718
160,136,-37.433855866322
160,137,12.175195354248
160,138,-31.563980113089
160,139,-11.368482767408
160,140,22.095345545873
160,141,-7.606681591496
160,142,45.290742189856
160,143,-15.212839697524
160,144,7.958072706329
160,145,-1.343238862246
160,146,38.464377642937
160,147,-11.338445966663
160,148,-41.982344456628
160,149,-25.441947535015
160,150,-45.631544783020
160,151,9.002470704501
160,152,-21.923871445128
160,153,-31.178396313022
160,154,40.827524437678
160,155,26.443648113644
160,156,-0.474305976051
160,157,3.666986671422
160,158,-13.555405554464
160,159,-26.741955689416
160,160,42.022310118373
160,161,32.443832546269
160,162,34.854223171620
160,163,19.803133630150
160,164,18.547199144668
160,165,-31.349706483212
160,166,23.158751211129
160,167,26.085443088683
160,168,-4.418569172187
160,169,46.311044092748
160,170,-22.229175626220
160,171,-7.677760086764
160,172,-30.848658399176
160,173,22.076519295457
160,174,-8.758669047747
160,175,31.724543394674
160,176,31.266932393781
160,177,-10.045157206296
160,178,-25.722615145562
160,179,-4.742255887264
160,180,20.165676289871
160,181,-26.676322469510
160,182,-5.564861330189
160,183,-27.785314202047
160,184,-32.405772789883
160,185,30.948675007545
160,186,39.233381683451
160,187,41.204359597730
160,188,-21.121726957244
160,189,12.291947148544
160,190,20.682310365759
160,191,11.781966216171
160,192,-17.022247991437
160,193,9.130760725464
160,194,-18.958171432852
160,195,-35.175707536953
160,196,24.526764661001
160,197,24.125471814332
160,198,13.662723177637
160,199,31.066509091484
161,0,-35.656405145259
161,1,-9.839973752787
161,2,-58.111543588901
161,3,-73.878469548326
161,4,-64.373428791907
161,5,-55.094964793519
161,6,-63.370045949152
161,7,-68.481460944851
161,8,18.825171032142
161,9,-56.801303918779
161,10,-33.842295669972
161,11,-32.832491525849
161,12,-54.438559949383
161,13,-76.862165107144
161,14,-28.469701074384
161,15,-61.979096873183
161,16,-62.185531384966
161,17,-52.858029887087
161,18,-62.838382653346
161,19,-2.482851561741
161,20,-57.835138985029
161,21,-60.729231611862
161,22,-57.277099470033
161,23,-4.947867692557
161,24,-58.642467463062
161,25,-72.148693223491
161,26,-7.929720567096
161,27,-21.472726912318
161,28,-1.232069445286
161,29,-59.972747217529
161,30,-15.977248265597
161,31,13.057197597984
161,32,-63.837595429257
161,33,-21.939131278246
161,34,-54.775957312042
161,35,-76.538958974648
161,36,-27.213274443609
161,37,-73.767732576824
161,38,-64.804408744560
161,39,-70.347108981427
161,40,-67.734155350816
161,41,-59.592614743342
161,42,-17.445329423506
161,43,-6.939248679708
161,44,-64.024951815503
161,45,-21.999925026466
161,46,-17.085235259910
161,47,-63.090036604081
161,48,-27.466030011652
161,49,-24.345255542452
161,50,-70.536495492961
161,51,-12.149147192838
161,52,-65.794943218381
161,53,-32.874230395013
161,54,-9.207512533663
161,55,-57.857788190937
161,56,-64.284253610087
161,57,-55.164188477225
161,58,-60.807286411706
161,59,-14.058651037594
161,60,-22.000280758737
161,61,-4.393628897589
161,62,-43.028871230978
161,63,6.131577145687
161,64,-19.119076236828
161,65,10.577004095736
161,66,-72.001853799105
161,67,-70.989267383535
161,68,-47.983255686995
161,69,-15.350387293976
161,70,5.799403464080
161,71,-10.592303496262
161,72,-15.137895780674
161,73,-52.777620658861
161,74,-56.580154054289
161,75,-8.274846587738
161,76,-54.239562558432
161,77,-8.076518458089
161,78,-66.019136187046
161,79,-69.370350995683
161,80,-66.163334620112
161,81,-20.858853233702
161,82,-12.012522432058
161,83,2.184630925891
161,84,5.559048977804
161,85,-52.069707499104
161,86,-54.476305754026
161,87,-8.368104833455
161,88,-45.348742591093
161,89,-65.081259566126
161,90,12.106675493429
161,91,-56.676607890557
161,92,-61.558679637732
161,93,-60.819772775183
161,94,-28.776287767127
161,95,-59.779980064784
161,96,-26.448915094566
161,97,-40.501939260852
161,98,-61.845757843075
161,99,-24.487306170762
161,100,-0.683857864526
161,101,11.386598347810
161,102,-18.832328058219
161,103,-3.737390436530
161,104,3.731834489925
161,105,-70.501568807871
161,106,33.281412286487
161,107,-66.153136287707
161,108,-26.733742769393
161,109,-67.157778829736
161,110,-47.416111794555
161,111,-58.504639598592
161,112,-70.112528366488
161,113,-62.984546287742
161,114,-59.076364282912
161,115,-0.352582280022
161,116,-15.443528789488
161,117,-6.824115313706
161,118,-6.723885071042
161,119,-55.195897286998
161,120,-68.038796144436
161,121,-10.377192601263
161,122,-40.658229274522
161,123,-57.612854086867
161,124,-33.946542335812
161,125,-59.689801295070
161,126,-67.045778639702
161,127,-56.384023474980
161,128,-53.263841172775
161,129,-62.068131421642
161,130,-57.865385916237
161,131,-44.808178821579
161,132,-10.683065814919
161,133,-58.739077911931
161,134,-23.069758018341
161,135,-53.019406344276
161,136,-71.843027476949
161,137,-22.235018711770
161,138,-65.973275063239
161,139,-45.778202084693
161,140,-12.315076991501
161,141,-42.016479957660
161,142,10.879832182924
161,143,-49.622478231890
161,144,-26.452052738648
161,145,-35.753168847325
161,146,4.053611100309
161,147,-45.748165915124
161,148,-76.391420494314
161,149,-59.851371124969
161,150,-80.040544144402
161,151,-25.407676687966
161,152,-56.333368959866
161,153,-65.587699365235
161,154,6.416708230936
161,155,-7.966865804636
161,156,-34.884254220902
161,157,-30.743048599135
161,158,-47.965078917019
161,159,-61.151351962661
161,160,7.611468801791
161,161,-1.966807469311
161,162,0.443532499790
161,163,-14.607240736084
161,164,-15.863148828037
161,165,-65.759005935775
161,166,-11.251693673941
161,167,-8.325063301767
161,168,-38.828434532552
161,169,11.900112642732
161,170,-56.638666725623
161,171,-42.087556959312
161,172,-65.257968380000
161,173,-12.333902846272
161,174,-43.168443206458
161,175,-2.686081504529
161,176,-3.143682888425
161,177,-44.454904331287
161,178,-60.132032837915
161,179,-39.152114445729
161,180,-14.244705695222
161,181,-61.085720121882
161,182,-39.974702602594
161,183,-62.194688551550
161,184,-66.815050051940
161,185,-3.461933586274
161,186,4.822598979394
161,187,6.793535471355
161,188,-55.531241327400
161,189,-22.118269370978
161,190,-13.728082476460
161,191,-22.628239586265
161,192,-51.431848504282
161,193,-25.279389362957
161,194,-53.367731265869
161,195,-69.584926596239
161,196,-9.883708973262
161,197,-10.284993386646
161,198,-20.747522148369
161,199,-3.344101978684
162,0,19.542595127481
162,1,45.359896798982
162,2,-2.913300240449
162,3,-18.680757651164
162,4,-9.175396513492
162,5,0.103380236222
162,6,-8.171979849823
162,7,-13.283567134560
162,8,74.026007958171
162,9,-1.603016405541
162,10,21.356765755110
162,11,22.366603939125
162,12,0.759807206217
162,13,-21.664553778253
162,14,26.729541458619
162,15,-6.780983889148
162,16,-6.987425359228
162,17,2.340390544596
162,18,-7.640298633269
162,19,52.717267010703
162,20,-2.636886319706
162,21,-5.531076498497
162,22,-2.078827994643
162,23,50.252167779647
162,24,-3.444242010650
162,25,-16.950923022254
162,26,47.270214382021
162,27,33.726751489332
162,28,53.968091293515
162,29,-4.774566605214
162,30,39.222415391981
162,31,68.257840065657
162,32,-8.639545089572
162,33,33.260331400743
162,34,0.422398470684
162,35,-21.341336751830
162,36,27.986010443361
162,37,-18.570016947153
162,38,-9.606390993111
162,39,-15.149278055476
162,40,-12.536236351436
162,41,-4.394421317804
162,42,37.754284743925
162,43,48.260719659738
162,44,-8.826907791023
162,45,33.199535603148
162,46,38.114391046554
162,47,-7.891961066489
162,48,27.733246354954
162,49,30.854126025515
162,50,-15.338670950536
162,51,43.050645513824
162,52,-10.596958854658
162,53,22.324863662965
162,54,45.992379339237
162,55,-2.659536289058
162,56,-9.086218325858
162,57,0.034154219153
162,58,-5.609133929349
162,59,41.141077297652
162,60,33.199179858893
162,61,50.806425258983
162,62,12.169880523965
162,63,61.331986130332
162,64,36.080481507517
162,65,65.777562948344
162,66,-16.804078648463
162,67,-15.791458102387
162,68,7.215329063562
162,69,39.849297495624
162,70,60.999801250269
162,71,44.607541693491
162,72,40.061796172209
162,73,2.420802483248
162,74,-1.381859086636
162,75,46.925076726664
162,76,0.958811304910
162,77,47.123411542249
162,78,-10.821159380132
162,79,-14.172487146738
162,80,-10.965362673654
162,81,34.340645861885
162,82,43.187274880380
162,83,57.384906849140
162,84,60.759438661022
162,85,3.128739505220
162,86,0.722060129257
162,87,46.831815337078
162,88,9.849930964439
162,89,-9.883251146435
162,90,67.307285915973
162,91,-1.478316174129
162,92,-6.360552482671
162,93,-5.621620713704
162,94,26.422944430909
162,95,-4.581792954821
162,96,28.750395558913
162,97,14.696897673712
162,98,-6.647640364579
162,99,30.712070608657
162,100,54.516321355630
162,101,66.587184494310
162,102,36.367239352578
162,103,51.462685843027
162,104,58.932162573110
162,105,-15.303743088196
162,106,88.482736594509
162,107,-10.955163997496
162,108,28.465558282558
162,109,-11.959840402669
162,110,7.782492073420
162,111,-3.306409500365
162,112,-14.914689533682
162,113,-7.786467194397
162,114,-3.878153455989
162,115,54.847608108124
162,116,39.756152860231
162,117,48.375856907071
162,118,48.476090528653
162,119,0.002444340556
162,120,-12.840887413447
162,121,44.822659840152
162,122,14.540602391695
162,123,-2.414593928901
162,124,21.252515575172
162,125,-4.491611145429
162,126,-11.847836437490
162,127,-1.185721896261
162,128,1.934565579912
162,129,-6.870021438699
162,130,-2.667134270458
162,131,10.390512955521
162,132,44.516776315118
162,133,-3.540855715990
162,134,32.129666546891
162,135,2.179008647763
162,136,-16.645246972868
162,137,32.964433992762
162,138,-10.775296710497
162,139,9.420456994456
162,140,42.884710121478
162,141,13.182305923627
162,142,66.080401244777
162,143,5.576051263546
162,144,28.747257809060
162,145,19.445828163589
162,146,59.253950031380
162,147,9.450494176490
162,148,-21.193793298582
162,149,-4.653186421398
162,150,-24.843039944972
162,151,29.791669065664
162,152,-1.135065673705
162,153,-10.389708015995
162,154,61.617126828110
162,155,47.233067892259
162,156,20.314772080463
162,157,24.456117299982
162,158,7.233506446246
162,159,-5.953211077765
162,160,62.811927677605
162,161,53.233328499991
162,162,55.643749726682
162,163,40.592469105672
162,164,39.336518675926
162,165,-10.561020360721
162,166,43.948129286939
162,167,46.874858319759
162,168,16.370458813988
162,169,67.100716101391
162,170,-1.440373730286
162,171,13.111226526067
162,172,-10.059965916596
162,173,42.865883632061
162,174,12.030303843712
162,175,52.514030216640
162,176,52.056413406128
162,177,10.743799354153
162,178,-4.933857594668
162,179,16.046767989901
162,180,40.955016367938
162,181,-5.887577024725
162,182,15.224152104500
162,183,-6.996582834472
162,184,-11.617100072639
162,185,51.738151979451
162,186,60.022963834985
162,187,61.993966772388
162,188,-0.332911003497
162,189,33.081187269214
162,190,41.471657002585
162,191,32.571199862672
162,192,3.766620000919
162,193,29.919960715255
162,194,1.830671984913
162,195,-14.387069979872
162,196,45.316160104136
162,197,44.914862162928
162,198,34.451980700236
162,199,51.855987559356
163,0,39.029127940797
163,1,64.846736799038
163,2,16.572965397521
163,3,0.805320397791
163,4,10.310794622033
163,5,19.589681765145
163,6,11.314223223642
163,7,6.202575125186
163,8,93.513189064179
163,9,17.883264821503
163,10,40.843320153675
163,11,41.853170352922
163,12,20.246116545022
163,13,-2.178511227386
163,14,46.216159783755
163,15,12.705235733440
163,16,12.498791807258
163,17,21.826718688520
163,18,11.845910765769
163,19,72.204194555852
163,20,16.849382606888
163,21,13.955157994693
163,22,17.407447571430
163,23,69.739065992486
163,24,16.042017310472
163,25,2.535175606579
163,26,66.757077112728
163,27,53.213453070210
163,28,73.455033722341
163,29,14.711676888473
163,30,58.709182363564
163,31,87.744952532732
163,32,10.846652421125
163,33,52.747027431913
163,34,19.908703795147
163,35,-1.855290355677
163,36,47.472643718385
163,37,0.916062419281
163,38,9.879795014756
163,39,4.336842007666
163,40,6.949914799421
163,41,15.091826698619
163,42,57.241034246719
163,43,67.747594176399
163,44,10.659287490569
163,45,52.686230910935
163,46,57.601144834123
163,47,11.594245338441
163,48,47.219876622505
163,49,50.340793426512
163,50,4.147446859373
163,51,62.537458036502
163,52,8.889215368181
163,53,41.811429580128
163,54,65.479226865122
163,55,16.826732368056
163,56,10.399973870641
163,57,19.520454924452
163,58,13.877099635167
163,59,60.627867098832
163,60,52.685875162446
163,61,70.293330066947
163,62,31.656325616721
163,63,80.819016183734
163,64,55.567211094371
163,65,85.264645901385
163,66,2.682021727385
163,67,3.694654320680
163,68,26.701715207942
163,69,59.336071926278
163,70,80.486827350898
163,71,64.094372741383
163,72,59.548573131324
163,73,21.907131583881
163,74,18.104424771620
163,75,66.411935350610
163,76,20.445123011370
163,77,66.610272526166
163,78,8.665012175341
163,79,5.313644537389
163,80,8.520807166205
163,81,53.827354747191
163,82,62.674089028784
163,83,76.871889935195
163,84,80.246461901494
163,85,22.615077028619
163,86,20.208369018954
163,87,66.318672851317
163,88,29.336348454759
163,89,9.602931567562
163,90,86.794387071917
163,91,18.007966536534
163,92,13.125672141941
163,93,13.864612702251
163,94,45.909559108055
163,95,14.904452832372
163,96,48.237037928870
163,97,34.183372832740
163,98,12.838580844451
163,99,50.198736319413
163,100,74.003270307905
163,101,86.074277081410
163,102,55.853972351448
163,103,70.949598459854
163,104,78.419164070314
163,105,4.182375137258
163,106,107.970089734175
163,107,8.531005963698
163,108,47.952197263410
163,109,7.526317605676
163,110,27.268884965772
163,111,16.179851460605
163,112,4.571433320387
163,113,11.699740465629
163,114,15.608100702695
163,115,74.334561002426
163,116,59.242926182589
163,117,67.862732793743
163,118,67.962967608000
163,119,19.488744668590
163,120,6.645260112920
163,121,64.309493447712
163,122,34.027075691120
163,123,17.071677642409
163,124,40.739068733354
163,125,14.994635714691
163,126,7.638322903389
163,127,18.300564295540
163,128,21.420888895489
163,129,12.616197124582
163,130,16.819134296260
163,131,29.876936877590
163,132,64.003606283011
163,133,15.945402455669
163,134,51.616349124852
163,135,21.665334871628
163,136,2.840855292605
163,137,52.451126503191
163,138,8.710875390614
163,139,28.906869374965
163,140,62.371520669731
163,141,32.668763062124
163,142,85.567487801432
163,143,25.062417904250
163,144,48.233900141684
163,145,38.932359825558
163,146,78.740955357622
163,147,28.936906914380
163,148,-1.707745147120
163,149,14.833058516393
163,150,-5.357035208122
163,151,49.278323825107
163,152,18.351221120778
163,153,9.096468672557
163,154,81.104160274495
163,155,66.719930180967
163,156,39.801314081233
163,157,43.942708575269
163,158,26.719892806897
163,159,13.533018393136
163,160,82.298975341335
163,161,72.720262185801
163,162,75.130712094389
163,163,60.079252379110
163,164,58.823287005187
163,165,8.925154289689
163,166,63.434952488606
163,167,66.361716346160
163,168,35.856953885035
163,169,86.587814799255
163,170,18.045909431792
163,171,32.597682818865
163,172,9.426214694977
163,173,62.352693956302
163,174,31.516747275789
163,175,72.000955343457
163,176,71.543333087742
163,177,30.230227479566
163,178,14.552384003873
163,179,35.533259209667
163,180,60.441803955226
163,181,13.598653227047
163,182,34.710633536786
163,183,12.489634223064
163,184,7.869062013357
163,185,71.225067874060
163,186,79.509978311929
163,187,81.481004702917
163,188,19.153385334641
163,189,52.567881168834
163,190,60.958450737242
163,191,52.057887694209
163,192,23.252965113592
163,193,49.406617001157
163,194,21.316994064407
163,195,5.099059151340
163,196,64.802999583771
163,197,64.401696867586
163,198,53.938690910269
163,199,71.342904856094
164,0,-26.461481858758
164,1,-0.644905484973
164,2,-48.916746399744
164,3,-64.683760894572
164,4,-55.178666765278
164,5,-45.900150665097
164,6,-54.175278288239
164,7,-59.286721985867
164,8,28.020400289941
164,9,-47.606499372137
164,10,-24.647362195989
164,11,-23.637552381100
164,12,-45.243742134975
164,13,-67.667473207235
164,14,-19.274737429318
164,15,-52.784321401668
164,16,-52.990757072643
164,17,-43.663203197328
164,18,-53.643612006985
164,19,6.712258024272
164,20,-48.640340243757
164,21,-51.534449121944
164,22,-48.082297595160
164,23,4.247228049637
164,24,-49.447673255236
164,25,-62.953974856762
164,26,1.265358428784
164,27,-12.277723973486
164,28,7.963047165293
164,29,-50.777960479696
164,30,-6.782214464649
164,31,22.252394460622
164,32,-54.642830393765
164,33,-12.744130958679
164,34,-45.581141392264
164,35,-67.344265259904
164,36,-18.018303742720
164,37,-64.573023301265
164,38,-55.609649138001
164,39,-61.152380498454
164,40,-58.539412195540
164,41,-50.397825870932
164,42,-8.250303867208
164,43,2.255835878728
164,44,-54.830187832078
164,45,-12.804925048302
164,46,-7.890207681354
164,47,-53.895267370826
164,48,-18.271060730185
164,49,-15.150268735306
164,50,-61.341768073435
164,51,-2.954091893378
164,52,-56.600189173943
164,53,-23.679291484659
164,54,-0.012440713930
164,55,-48.662989576849
164,56,-55.089491082712
164,57,-45.969374737528
164,58,-51.612504360091
164,59,-4.863606461877
164,60,-12.805280782573
164,61,4.801469957274
164,62,-33.833989345490
164,63,15.326735111979
164,64,-9.924060080157
164,65,19.772187028793
164,66,-62.807134607843
164,67,-61.794542506410
164,68,-38.788401623060
164,69,-6.155349972614
164,70,14.994559564795
164,71,-1.397239453552
164,72,-5.942857265960
164,73,-43.582793517562
164,74,-47.385348265794
164,75,0.920230469892
164,76,-45.044743626568
164,77,1.118559713366
164,78,-56.824383401508
164,79,-60.175617028013
164,80,-56.968582644287
164,81,-11.663846847427
164,82,-2.817466365319
164,83,11.379766725251
164,84,14.754203728633
164,85,-42.874876382557
164,86,-45.281488151573
164,87,0.826971700437
164,88,-36.153873732983
164,89,-55.886501514164
164,90,21.301867017617
164,91,-47.481802643699
164,92,-52.363901805438
164,93,-51.624990793680
164,94,-19.581325843777
164,95,-50.585192244493
164,96,-17.253940101189
164,97,-31.307043185137
164,98,-52.650981622814
164,99,-15.292320161352
164,100,8.511261824897
164,101,20.581785827802
164,102,-9.637310291189
164,103,5.457712103838
164,104,12.926978978699
164,105,-61.306841192221
164,106,42.476722738109
164,107,-56.958384254620
164,108,-17.538769375555
164,109,-57.963032437969
164,110,-38.221254545817
164,111,-49.309844616815
164,112,-60.917798566305
164,113,-53.789776462130
164,114,-49.881572511571
164,115,8.842539269892
164,116,-6.248491991195
164,117,2.370969891330
164,118,2.471200696891
164,119,-46.001083725350
164,120,-58.844054699788
164,121,-1.182127350483
164,122,-31.463334076478
164,123,-48.418054097383
164,124,-24.751609447252
164,125,-50.495012968400
164,126,-57.851031619030
164,127,-47.189216585139
164,128,-44.069016761816
164,129,-52.873356450080
164,130,-48.670587344808
164,131,-35.613306927902
164,132,-1.488002281934
164,133,-49.544284246607
164,134,-13.874764048211
164,135,-43.824580560715
164,136,-62.648307393851
164,137,-13.040020053864
164,138,-56.778522020184
164,139,-36.583335638228
164,140,-3.120022623902
164,141,-32.821592387008
164,142,20.075016816758
164,143,-40.427633373001
164,144,-17.257077762893
164,145,-26.558246104214
164,146,13.248757396250
164,147,-36.553299299994
164,148,-67.196725951122
164,149,-50.656583705568
164,150,-70.845870091376
164,151,-16.212695847200
164,152,-47.138561785578
164,153,-56.392944157073
164,154,15.611867798594
164,155,1.228212982634
164,156,-25.689326598243
164,157,-21.548097720646
164,158,-38.770224751010
164,159,-51.956571843089
164,160,16.806635079542
164,161,7.228305014876
164,162,9.638658520824
164,163,-5.412199241233
164,164,-6.668114386317
164,165,-56.564251689539
164,166,-2.056633334381
164,167,0.870013473846
164,168,-29.633529059072
164,169,21.095303006790
164,170,-47.443861265703
164,171,-32.892669787791
164,172,-56.063211320303
164,173,-3.138848584400
164,174,-33.973562104751
164,175,6.509026940119
164,176,6.051422986275
164,177,-35.260030453785
164,178,-50.937246994523
164,179,-29.957210789922
164,180,-5.049662164383
164,181,-51.890939633762
164,182,-30.779803566125
164,183,-52.999914290645
164,184,-57.620301735660
164,185,5.733170501095
164,186,14.017749594146
164,187,15.988697155371
164,188,-46.336429648851
164,189,-12.923270057421
164,190,-4.533036044282
164,191,-13.433243136635
164,192,-42.237013805869
164,193,-16.084407801747
164,194,-44.172907438304
164,195,-60.390193833453
164,196,-0.688640951070
164,197,-1.089927618072
164,198,-11.552515136871
164,199,5.851002770432
165,0,-47.198049730767
165,1,-21.381800328541
165,2,-69.653029888577
165,3,-85.419844712444
165,4,-75.914870953231
165,5,-66.636472356498
165,6,-74.911495183005
165,7,-80.022874150112
165,8,7.283142370987
165,9,-68.342799454076
165,10,-45.383953043478
165,11,-44.374156017679
165,12,-65.980072139253
165,13,-88.403519240710
165,14,-40.011396320660
165,15,-73.520555911433
165,16,-73.726988968112
165,17,-64.399553217903
165,18,-74.379835634740
165,19,-14.024730002857
165,20,-69.376627233025
165,21,-72.270699460074
165,22,-68.818591651536
165,23,-16.489728755994
165,24,-70.183950020371
165,25,-83.690080579989
165,26,-19.471560609432
165,27,-33.014471482769
165,28,-12.773956704121
165,29,-71.514220398014
165,30,-27.519031576230
165,31,1.515209601406
165,32,-75.379041367494
165,33,-33.480872560824
165,34,-66.317467123656
165,35,-88.080315386323
165,36,-38.754978546822
165,37,-85.309108521469
165,38,-76.345847868040
165,39,-81.888509036493
165,40,-79.275573823550
165,41,-71.134090603278
165,42,-28.987102384897
165,43,-18.481095704534
165,44,-75.566396433125
165,45,-33.541665880475
165,46,-28.627010759788
165,47,-74.631487811632
165,48,-39.007732333106
165,49,-35.886979863317
165,50,-82.077894213122
165,51,-23.690957489845
165,52,-77.336375359919
165,53,-44.415894592617
165,54,-20.749343568030
165,55,-69.399276279284
165,56,-75.825696399974
165,57,-66.705695552257
165,58,-72.348753709732
165,59,-25.600447873432
165,60,-33.542021610236
165,61,-15.935493868245
165,62,-54.570463847158
165,63,-5.410362025599
165,64,-30.660837399191
165,65,-0.964966415500
165,66,-83.543242190608
165,67,-82.530662912308
165,68,-59.524813379699
165,69,-26.892175023684
165,70,-5.742533365417
165,71,-22.134124768381
165,72,-26.679685008334
165,73,-64.319144556466
165,74,-68.121651148424
165,75,-19.816684197060
165,76,-65.781076151012
165,77,-19.618357465552
165,78,-77.560566748325
165,79,-80.911757935515
165,80,-77.704764164992
165,81,-32.400602131609
165,82,-23.554333692213
165,83,-9.357280419979
165,84,-5.982886157224
165,85,-63.611236386714
165,86,-66.017817677828
165,87,-19.909941785336
165,88,-56.890318854443
165,89,-76.622696738174
165,90,0.564694198038
165,91,-68.218104304811
165,92,-73.100141639385
165,93,-72.361239985192
165,94,-40.317980852182
165,95,-71.321454604033
165,96,-37.990624585997
165,97,-52.043549689544
165,98,-73.387217821197
165,99,-36.029029490259
165,100,-12.225748988116
165,101,-0.155377871051
165,102,-30.374091242003
165,103,-15.279260033487
165,104,-7.810087763479
165,105,-82.042967774221
165,106,21.739281705413
165,107,-77.694565904472
165,108,-38.275450252979
165,109,-78.699201365140
165,110,-58.957673485034
165,111,-70.046123127417
165,112,-81.653930075023
165,113,-74.525998238867
165,114,-70.617843781780
165,115,-11.894475739042
165,116,-26.985315862585
165,117,-18.365963150187
165,118,-18.265733614113
165,119,-66.737404138512
165,120,-79.580212469875
165,121,-21.919015389831
165,122,-52.199838601518
165,123,-69.154343901704
165,124,-45.488198974468
165,125,-71.231276469967
165,126,-78.587201964547
165,127,-67.925521951605
165,128,-64.805361643077
165,129,-73.609589832311
165,130,-69.406873951026
165,131,-56.349758895361
165,132,-22.224886447199
165,133,-70.280559788254
165,134,-34.611491330674
165,135,-64.560928537569
165,136,-83.384416987945
165,137,-33.776757908512
165,138,-77.514705947782
165,139,-57.319775320779
165,140,-23.856886118767
165,141,-53.558079710245
165,142,-0.662140463246
165,143,-61.164024369798
165,144,-37.993762207960
165,145,-47.294812750726
165,146,-7.488313421571
165,147,-57.289739362932
165,148,-87.932777945905
165,149,-71.392845160997
165,150,-91.581875875367
165,151,-36.949393519448
165,152,-67.874867793544
165,153,-77.129132967566
165,154,-5.125232950493
165,155,-19.508705585111
165,156,-46.425904249438
165,157,-42.284727819955
165,158,-59.506636737853
165,159,-72.692816835457
165,160,-3.930480802592
165,161,-13.508689548413
165,162,-11.098366571663
165,163,-26.149033704620
165,164,-27.404932943020
165,165,-77.300438330625
165,166,-22.793510297626
165,167,-19.866900557077
165,168,-50.370056757958
165,169,0.358132803602
165,170,-68.180163407313
165,171,-53.629156210867
165,172,-76.799404306490
165,173,-23.875711840832
165,174,-54.710034838790
165,175,-14.227958512929
165,176,-14.685556670855
165,177,-55.996486895310
165,178,-71.673504895633
165,179,-50.693734389482
165,180,-25.786501219460
165,181,-72.627185457299
165,182,-51.516316747831
165,183,-73.736146070150
165,184,-78.356475003107
165,185,-15.003805125118
165,186,-6.719330963744
165,187,-4.748408366671
165,188,-67.072745815138
165,189,-33.660009390733
165,190,-25.269881642656
165,191,-34.169976011035
165,192,-62.973381888092
165,193,-36.821107098775
165,194,-64.909251003861
165,195,-81.126332023610
165,196,-21.425535240698
165,197,-21.826816825182
165,198,-32.289271831090
165,199,-14.885974348217
166,0,31.697872477424
166,1,57.515365767940
166,2,9.241810449057
166,3,-6.525763977195
166,4,2.979667702377
166,5,12.258513314031
166,6,3.983091812777
166,7,-1.128533406751
166,8,86.181689704492
166,9,10.552104008224
166,10,33.512056569642
166,11,34.521902248605
166,12,12.914945155724
166,13,-9.509582247520
166,14,38.884872149705
166,15,5.374098096574
166,16,5.167655094418
166,17,14.495540224489
166,18,4.514776975142
166,19,64.872790589128
166,20,9.518226421205
166,21,6.624014763314
166,22,10.076288887889
166,23,62.407673060967
166,24,8.710864738496
166,25,-4.795916510826
166,26,59.425697530052
166,27,45.882134114239
166,28,66.123624156178
166,29,7.380530270988
166,30,51.377838806744
166,31,80.413478995921
166,32,3.515523103051
166,33,45.415710563822
166,34,12.577533916097
166,35,-9.186362822460
166,36,40.141350459984
166,37,-6.415022451351
166,38,2.548670024196
166,39,-2.994258173610
166,40,-0.381197077470
166,41,7.760678379622
166,42,49.909697261894
166,43,60.416210159696
166,44,3.328159011115
166,45,45.354914314987
166,46,50.269806237309
166,47,4.263112674234
166,48,39.888584495551
166,49,43.009487329466
166,50,-3.183652474210
166,51,55.206097342758
166,52,1.558094811306
166,53,34.480161662650
166,54,58.147853002702
166,55,9.495576283756
166,56,3.068846551840
166,57,12.189286783199
166,58,6.545956753165
166,59,53.296514953210
166,60,45.354558568091
166,61,62.961934654253
166,62,24.325103154988
166,63,73.487573652041
166,64,48.235881602181
166,65,77.933183468143
166,66,-4.649071047272
166,67,-3.636442986302
166,68,19.370514923372
166,69,52.004725563260
166,70,73.155386306295
166,71,56.763005078210
166,72,52.217225817061
166,73,14.575952759922
166,74,10.773262968447
166,75,59.080557312955
166,76,13.113950731335
166,77,59.278893600662
166,78,1.333892621966
166,79,-2.017460015857
166,80,1.189688258266
166,81,46.496033043200
166,82,55.342727723422
166,83,69.540465073245
166,84,72.915021932917
166,85,15.283895035907
166,86,12.877197798618
166,87,58.987295231149
166,88,22.005136377426
166,89,2.271807816200
166,90,79.462917790508
166,91,10.676805165102
166,92,5.794532623251
166,93,6.533469876143
166,94,38.578272846426
166,95,7.573305352038
166,96,40.905741248833
166,97,26.852139059680
166,98,5.507442610746
166,99,42.867430858263
166,100,66.671858287540
166,101,78.742811023716
166,102,48.522641575611
166,103,63.618200109362
166,104,71.087732281849
166,105,-3.148724352657
166,106,100.638525653143
166,107,1.199887010109
166,108,40.620901858405
166,109,0.195203148905
166,110,19.937682142525
166,111,8.848698271693
166,112,-2.759667910876
166,113,4.368607329241
166,114,8.276950072897
166,115,67.003147499017
166,116,51.911580236527
166,117,60.531348261618
166,118,60.631582627182
166,119,12.157576669269
166,120,-0.685850400390
166,121,56.978124821551
166,122,26.695842617664
166,123,9.740520461746
166,124,33.407805615978
166,125,7.663487830709
166,126,0.307207945305
166,127,10.969401614457
166,128,14.089712247951
166,129,5.285059886242
166,130,9.487978245968
166,131,22.545722380550
166,132,56.672239026149
166,133,8.614250316132
166,134,44.285037318034
166,135,14.334157129946
166,136,-4.490238192950
166,137,45.119810959644
166,138,1.379755631962
166,139,21.575659220012
166,140,55.040160718789
166,141,25.337536068626
166,142,78.236024012469
166,143,17.731224957221
166,144,40.902603475690
166,145,31.601104795343
166,146,71.409522128619
166,147,21.605696624974
166,148,-9.038818274268
166,149,7.501911355619
166,150,-12.688092002121
166,151,41.947022483982
166,152,11.020058212955
166,153,1.765347188048
166,154,73.772716466323
166,155,59.388550764575
166,156,32.470055161422
166,157,36.611431117730
166,158,19.388692440967
166,159,6.201877051208
166,160,74.967526184410
166,161,65.388855908881
166,162,67.799295026954
166,163,52.747902689320
166,164,51.491942937588
166,165,1.594033571957
166,166,56.103587777281
166,167,59.030338533310
166,168,28.525712620802
166,169,79.256346442606
166,170,10.714747890532
166,171,25.266456143530
166,172,2.095091734576
166,173,55.021334089637
166,174,24.185525438828
166,175,64.669552286541
166,176,64.211932079379
166,177,22.899011401176
166,178,7.221238099366
166,179,28.202019394339
166,180,53.110452642504
166,181,6.267511591344
166,182,27.379397403645
166,183,5.158497551209
166,184,0.537946022523
166,185,63.893668290424
166,186,72.178541640307
166,187,74.149559207748
166,188,11.822218836372
166,189,45.236565102656
166,190,53.627097111799
166,191,44.726573910921
166,192,15.921780265693
166,193,42.075315085756
166,194,13.985817881898
166,195,-2.232044441465
166,196,57.471628748463
166,197,57.070327828682
166,198,46.607368707904
166,199,64.011504744958
167,0,33.382470257100
167,1,59.199990103385
167,2,10.926385131876
167,3,-4.841205511126
167,4,4.664235944590
167,5,13.943091099565
167,6,5.667661087005
167,7,0.556030610234
167,8,87.866343527974
167,9,12.236680038695
167,10,35.196656215325
167,11,36.206502932982
167,12,14.599523616409
167,13,-7.825026850202
167,14,40.569477321733
167,15,7.058668801445
167,16,6.852225586954
167,17,16.180120310848
167,18,6.199346796202
167,19,66.557422492704
167,20,11.202801388317
167,21,8.308586753723
167,22,11.760864428972
167,23,64.092302428813
167,24,10.395438875232
167,25,-3.111356265661
167,26,61.110323830530
167,27,47.566746483586
167,28,67.808257346420
167,29,9.065103039473
167,30,53.062456829000
167,31,82.098126885685
167,32,5.200091896382
167,33,47.100322453400
167,34,14.262112029748
167,35,-7.501807092718
167,36,41.825956924404
167,37,-4.730463871390
167,38,4.233237823129
167,39,-1.309696075492
167,40,1.303367708133
167,41,9.445251539088
167,42,51.594313774003
167,43,62.100837479047
167,44,5.012727611742
167,45,47.039526142034
167,46,51.954423119831
167,47,5.947682236460
167,48,41.573190699986
167,49,44.694096744017
167,50,-1.499090570869
167,51,56.890719302835
167,52,3.242661591445
167,53,36.164762304099
167,54,59.832477988748
167,55,11.180151227571
167,56,4.753414885767
167,57,13.873864497531
167,58,8.230528663291
167,59,54.981134949056
167,60,47.039170394768
167,61,64.646564592229
167,62,26.009693351371
167,63,75.172214417282
167,64,49.920496392595
167,65,79.617828806469
167,66,-2.964510651087
167,67,-1.951881548652
167,68,21.055100023768
167,69,53.689344230341
167,70,74.840026729820
167,71,58.447628639755
167,72,53.901844702727
167,73,16.260532928980
167,74,12.457839226379
167,75,60.765183258409
167,76,14.798529396692
167,77,60.963519750127
167,78,3.018459171515
167,79,-0.332896913118
167,80,2.874254659502
167,81,48.180646044006
167,82,57.027349824035
167,83,71.225101778233
167,84,74.599662109191
167,85,16.968475933099
167,86,14.561776220478
167,87,60.671921080670
167,88,23.689724187629
167,89,3.956375330381
167,90,81.147564702434
167,91,12.361381323826
167,92,7.479103760539
167,93,8.218041773420
167,94,40.262877703091
167,95,9.257878318793
167,96,42.590348499492
167,97,28.536731855238
167,98,7.192013452761
167,99,44.552040126699
167,100,68.356492041719
167,101,80.427457194884
167,102,50.207256660993
167,103,65.302830722409
167,104,72.772370578452
167,105,-1.464162413402
167,106,102.323194348639
167,107,2.884453421830
167,108,42.305508816084
167,109,1.879768527331
167,110,21.622267826264
167,111,10.533272550194
167,112,-1.075105571479
167,113,6.053176999965
167,114,9.961523763355
167,115,68.687781593981
167,116,53.596198807798
167,117,62.215975699408
167,118,62.316210168072
167,119,13.842154350983
167,120,0.998714071888
167,121,58.662748604380
167,122,28.380435252468
167,123,11.425095657491
167,124,35.092405154428
167,125,9.348060890217
167,126,1.991773438924
167,127,12.653978074115
167,128,15.774291916903
167,129,6.969630499538
167,130,11.172553181976
167,131,24.230310746760
167,132,58.356862494329
167,133,10.298824353500
167,134,45.969648044607
167,135,16.018737050319
167,136,-2.805677633405
167,137,46.804422544861
167,138,3.064322228682
167,139,23.260246588477
167,140,56.724782508179
167,141,27.022127306336
167,142,79.920669662315
167,143,19.415808371552
167,144,42.587210723126
167,145,33.285702475485
167,146,73.094160756234
167,147,23.290284024333
167,148,-7.354262392786
167,149,9.186484248938
167,150,-11.003539873760
167,151,43.631630805692
167,152,12.704634724716
167,153,3.449914181343
167,154,75.457357524872
167,155,61.073177026839
167,156,34.154653735335
167,157,38.296033951345
167,158,21.073277560055
167,159,7.886448607445
167,160,76.652168472028
167,161,67.073488343303
167,162,69.483929940885
167,163,54.432522120842
167,164,53.176561077220
167,165,3.278600389058
167,166,57.788210660539
167,167,60.714964427105
167,168,30.210307137728
167,169,80.940993142045
167,170,12.399324088277
167,171,26.951047308132
167,172,3.779659067011
167,173,56.705955859659
167,174,25.870115491649
167,175,66.354183981057
167,176,65.896563303162
167,177,24.583600130762
167,178,8.905810704018
167,179,29.886613578325
167,180,54.795072446956
167,181,7.952083215088
167,182,29.063990741517
167,183,6.843068034330
167,184,2.222511753454
167,185,65.578299186825
167,186,73.863181058987
167,187,75.834200653953
167,188,13.506796173169
167,189,46.921176807969
167,190,55.311717447687
167,191,46.411185091660
167,192,17.606361818966
167,193,43.759923539430
167,194,15.670397443995
167,195,-0.547481559421
167,196,59.156253038920
167,197,58.754951706353
167,198,48.291981823219
167,199,65.696135762570
168,0,-44.640041119259
168,1,-18.823751381336
168,2,-67.095056359001
168,3,-82.861895814574
168,4,-73.356907206333
168,5,-64.078494114197
168,6,-72.353529868575
168,7,-77.464916820936
168,8,9.841236107706
168,9,-65.784823877548
168,10,-42.825941597686
168,11,-41.816142994205
168,12,-63.422092871464
168,13,-85.845575003979
168,14,-37.453376480873
168,15,-70.962588423987
168,16,-71.169021803173
168,17,-61.841571480873
168,18,-71.821869489715
168,19,-11.466669560396
168,20,-66.818653271628
168,21,-69.712730020023
168,22,-66.260616818334
168,23,-13.931672165061
168,24,-67.625977320247
168,25,-81.132128979843
168,26,-16.913508677542
168,27,-30.456440710943
168,28,-10.215894307323
168,29,-68.956249776129
168,30,-24.960992218163
168,31,4.073294325368
168,32,-72.821076783490
168,33,-30.922842517706
168,34,-63.759488382973
168,35,-85.522370644685
168,36,-36.196956744017
168,37,-82.751159450607
168,38,-73.787884794438
168,39,-79.330554621883
168,40,-76.717615326910
168,41,-68.576119387537
168,42,-26.429065320604
168,43,-15.923042225069
168,44,-73.008432141818
168,45,-30.983635932353
168,46,-26.068973132868
168,47,-72.073522059756
168,48,-36.449710925204
168,49,-33.328953579534
168,50,-79.519940094375
168,51,-21.132912150606
168,52,-74.778413833774
168,53,-41.857881634351
168,54,-18.191293632641
168,55,-66.841302353270
168,56,-73.267732513763
168,57,-64.147717418105
168,58,-69.790784391618
168,59,-23.042405517685
168,60,-30.983991662666
168,61,-13.377436411327
168,62,-52.012466753957
168,63,-2.852288123104
168,64,-28.102802949994
168,65,1.593114433068
168,66,-80.985290361066
168,67,-79.972709500886
168,68,-56.966824026822
168,69,-24.334134686185
168,70,-3.184459981952
168,71,-19.576076996658
168,72,-24.121644338840
168,73,-61.761162693816
168,74,-65.563675226404
168,75,-17.258632804420
168,76,-63.223096572328
168,77,-17.060305763029
168,78,-75.002605572423
168,79,-78.353801994985
168,80,-75.146803214353
168,81,-29.842570400659
168,82,-20.996288139511
168,83,-6.799212684622
168,84,-3.424813149315
168,85,-61.053253418097
168,86,-63.459838469011
168,87,-17.351890538404
168,88,-54.332325385629
168,89,-74.064734097083
168,90,3.122777436773
168,91,-65.660128533476
168,92,-70.542173495145
168,93,-69.803270686585
168,94,-37.759961491400
168,95,-68.763483681003
168,96,-35.432601588967
168,97,-49.485548648438
168,98,-70.829250125440
168,99,-33.471003428422
168,100,-9.667685734748
168,101,2.402704242537
168,102,-27.816056344782
168,103,-12.721201551212
168,104,-5.252017610612
168,105,-79.485013600904
168,106,24.297398031318
168,107,-75.136604937907
168,108,-35.717427700954
168,109,-76.141241968064
168,110,-56.399683246098
168,111,-67.488150211968
168,112,-79.095975293938
168,113,-71.968032322191
168,114,-68.059871759513
168,115,-9.336411968063
168,116,-24.427275670620
168,117,-15.807909490832
168,118,-15.707679798150
168,119,-64.179426053903
168,120,-77.022254449148
168,121,-19.360967282002
168,122,-49.641837804586
168,123,-66.596369593040
168,124,-42.930187691542
168,125,-68.673305406053
168,126,-76.029242392498
168,127,-65.367545723173
168,128,-62.247380540044
168,129,-71.051622483967
168,130,-66.848900036886
168,131,-53.791764582013
168,132,-19.666838817291
168,133,-67.722587239055
168,134,-32.053463054057
168,135,-62.002947052657
168,136,-80.826464910286
168,137,-31.218728327694
168,138,-74.956744700226
168,139,-54.761782522910
168,140,-21.298841038792
168,141,-51.000081035352
168,142,1.895940858507
168,143,-58.606037577883
168,144,-35.435739215827
168,145,-44.736804290398
168,146,-4.930242765928
168,147,-54.731746518148
168,148,-85.374832973786
168,149,-68.834874349501
168,150,-89.023936603873
168,151,-34.391368895587
168,152,-65.316891485978
168,153,-74.571171117655
168,154,-2.567158602476
168,155,-16.950653711261
168,156,-43.867894431562
168,157,-39.726711531999
168,158,-56.948647356570
168,159,-70.134848054870
168,160,-1.372404587746
168,161,-10.950628299637
168,162,-8.540301556764
168,163,-23.590992206002
168,164,-24.846893406677
168,165,-74.742476748332
168,166,-20.235463556164
168,167,-17.308849242894
168,168,-47.812053102265
168,169,2.916215719575
168,170,-65.622187576708
168,171,-51.071157647020
168,172,-74.241441941456
168,173,-21.317666790266
168,174,-52.152037963649
168,175,-11.669898388012
168,176,-12.127497260924
168,177,-53.438492030036
168,178,-69.115534522592
168,179,-48.135731239490
168,180,-23.228459154408
168,181,-70.069216574171
168,182,-48.958314883006
168,183,-71.178178919523
168,184,-75.798515070608
168,185,-12.445746212448
168,186,-4.161259106550
168,187,-2.190333429855
168,188,-64.514768254427
168,189,-31.101979627507
168,190,-22.711838770418
168,191,-31.611947044592
168,192,-60.415397922952
168,193,-34.263082274483
168,194,-62.351270063133
168,195,-78.568376418298
168,196,-18.867486361829
168,197,-19.268768573296
168,198,-29.731239926201
168,199,-12.327915251437
169,0,20.512847189246
169,1,46.330164156374
169,2,-1.943061482038
169,3,-17.710528233292
169,4,-8.205161464750
169,5,1.073620781739
169,6,-7.201744206657
169,7,-12.313334519466
169,8,74.996292300115
169,9,-0.632776870902
169,10,22.327018891665
169,11,23.336857673952
169,12,1.730048140613
169,13,-20.694326127923
169,14,27.699797778245
169,15,-5.810747421958
169,16,-6.017189014332
169,17,3.310632415349
169,18,-6.670062675134
169,19,53.687538727194
169,20,-1.666647397542
169,21,-4.560839290862
169,22,-1.108588741881
169,23,51.222438035598
169,24,-2.474003566764
169,25,-15.980692579651
169,26,48.240482871232
169,27,34.697011954479
169,28,54.938363751098
169,29,-3.804328949416
169,30,40.192679113097
169,31,69.228120989894
169,32,-7.669309723395
169,33,34.230591589556
169,34,1.392639205194
169,35,-20.371108910032
169,36,28.956267507376
169,37,-17.599787463681
169,38,-8.636156199689
169,39,-14.179046545607
169,40,-11.566003293636
169,41,-3.424183436815
169,42,38.724547595222
169,43,49.230988735799
169,44,-7.856672535832
169,45,34.169795755937
169,46,39.084654111204
169,47,-6.921725257438
169,48,28.703503269222
169,49,31.824384788750
169,50,-14.368439552862
169,51,44.020911503045
169,52,-9.626724648035
169,53,23.295117373062
169,54,46.962647071356
169,55,-1.689297380311
169,56,-8.115983224285
169,57,1.004394723663
169,58,-4.638896767952
169,59,42.111342155513
169,60,34.169440011472
169,61,51.776695843328
169,62,13.140128217899
169,63,62.302262950972
169,64,37.050743367145
169,65,66.747842402990
169,66,-15.833848118877
169,67,-14.821226972941
169,68,8.185573822309
169,69,40.819561588141
169,70,61.970077874095
169,71,45.577808605129
169,72,41.032060390629
169,73,3.391044401629
169,74,-0.411619420986
169,75,47.895345011391
169,76,1.929052357191
169,77,48.093679944483
169,78,-9.850925306324
169,79,-13.202255058233
169,80,-9.995128685274
169,81,35.310906690735
169,82,44.157540950553
169,83,58.355181331157
169,84,61.729715142428
169,85,4.098981842995
169,86,1.692301041287
169,87,47.802083566545
169,88,10.820177283982
169,89,-8.913016517014
169,90,68.277566276993
169,91,-0.508076565617
169,92,-5.390315766417
169,93,-4.651383559700
169,94,27.393200568891
169,95,-3.611555184827
169,96,29.720653075790
169,97,15.667146864726
169,98,-5.677403818394
169,99,31.682329287731
169,100,55.486594138034
169,101,67.557464428661
169,102,37.337501382106
169,103,52.432956816199
169,104,59.902437971861
169,105,-14.333511669829
169,106,89.453029502452
169,107,-9.984930003076
169,108,29.435815630677
169,109,-10.989607003416
169,110,8.752737168164
169,111,-2.336170974828
169,112,-13.944457884842
169,113,-6.816231322853
169,114,-2.907915269156
169,115,55.817881086812
169,116,40.726416897567
169,117,49.346126051350
169,118,49.446359732319
169,119,0.972684826280
169,120,-11.870654536120
169,121,45.792926879250
169,122,15.510851490108
169,123,-1.444354875050
169,124,22.222768649968
169,125,-3.521373322008
169,126,-10.877602971879
169,127,-0.215482114414
169,128,2.904807210245
169,129,-5.899785024252
169,130,-1.696895366214
169,131,11.360759595307
169,132,45.487043172987
169,133,-2.570617329344
169,134,33.099926065828
169,135,3.149250422903
169,136,-15.675016349196
169,137,33.934694006261
169,138,-9.805062609521
169,139,10.390703059558
169,140,43.854976012393
169,141,14.152554217348
169,142,67.050680878863
169,143,6.546295051150
169,144,29.717515324075
169,145,20.416080168026
169,146,60.224225620790
169,147,10.420740259389
169,148,-20.223565369386
169,149,-3.682948693699
169,150,-23.872814177499
169,151,30.761927199448
169,152,-0.164825861852
169,153,-9.419473686605
169,154,62.587403817699
169,155,48.203336359460
169,156,21.285024599696
169,157,25.426372272719
169,158,8.203751215762
169,159,-4.982974120197
169,160,63.782205375108
169,161,54.203600522240
169,162,56.614023177077
169,163,41.562733638501
169,164,40.306782464642
169,165,-9.590786132809
169,166,44.918395807894
169,167,47.845126574728
169,168,17.340708996475
169,169,68.070996340015
169,170,-0.470134099298
169,171,14.081474777682
169,172,-9.089731391861
169,173,43.836149511822
169,174,13.000551454956
169,175,53.484301812714
169,176,53.026684731070
169,177,11.714046203240
169,178,-3.963620033239
169,179,17.017017980615
169,180,41.925281115560
169,181,-4.917340028282
169,182,16.194401607878
169,183,-6.026346495004
169,184,-10.646866470343
169,185,52.708423115830
169,186,60.993239880030
169,187,62.964243985254
169,188,0.637329283563
169,189,34.051447351885
169,190,42.441922056307
169,191,33.541459643195
169,192,4.736862716585
169,193,30.890218925044
169,194,2.800913553700
169,195,-13.416838018478
169,196,46.286427435618
169,197,45.885129256647
169,198,35.422241595050
169,199,52.826258765555
170,0,29.600443035451
170,1,55.417903262147
170,2,7.144409764311
170,3,-8.623144470934
170,4,0.882275036653
170,5,10.161108766188
170,6,1.885697862119
170,7,-3.225920811768
170,8,84.084190484005
170,9,8.454701645562
170,10,31.414624804362
170,11,32.424469190068
170,12,10.817539767275
170,13,-11.606958920442
170,14,36.787433503727
170,15,3.276702364667
170,16,3.070259626860
170,17,12.398132811963
170,18,2.417382343636
170,19,62.775318660475
170,20,7.420825382491
170,21,4.526617430813
170,22,7.978887134537
170,23,60.310204289475
170,24,6.613464733658
170,25,-6.893299219664
170,26,57.328232577660
170,27,43.784686507097
170,28,64.026150625534
170,29,5.283131969729
170,30,49.280384161313
170,31,78.315987163332
170,32,1.418129751131
170,33,43.318263554014
170,34,10.480128959724
170,35,-11.283739909268
170,36,38.043910204891
170,37,-8.512403086897
170,38,0.451277910375
170,39,-5.091643189517
170,40,-2.478585439480
170,41,5.663279591558
170,42,47.812244496701
170,43,58.318743938726
170,44,1.230765899127
170,45,43.257467383039
170,46,48.172353010930
170,47,2.165718364995
170,48,37.791144564166
170,49,40.912043401244
170,50,-5.281037247587
170,51,53.108637794467
170,52,-0.539296034032
170,53,32.382728657569
170,54,56.050389686869
170,55,7.398175274044
170,56,0.971453771912
170,57,10.091882324006
170,58,4.448559520621
170,59,51.199057850536
170,60,43.257111636594
170,61,60.864465172905
170,62,22.227683154757
170,63,71.390090689994
170,64,46.138430980631
170,65,75.835694812282
170,66,-6.746453944150
170,67,-5.733827179873
170,68,17.273101268009
170,69,49.907270114978
170,70,71.057903769695
170,71,54.665543535972
170,72,50.119770096637
170,73,12.478545244419
170,74,8.675860322575
170,75,56.983092802591
170,76,11.016545088038
170,77,57.181428836280
170,78,-0.763497936277
170,79,-4.114846282580
170,80,-0.907702115321
170,81,44.398584649847
170,82,53.245268000144
170,83,67.442987166491
170,84,70.817539704170
170,85,13.186486613820
170,86,10.779792458503
170,87,56.889830840228
170,88,19.907719348164
170,89,0.174416056914
170,90,77.365427175384
170,91,8.579402642747
170,92,3.697136352952
170,93,4.436072659591
170,94,36.480834593094
170,95,5.475906803920
170,96,38.808300014811
170,97,24.754715823285
170,98,3.410046708079
170,99,40.769987111969
170,100,64.574384054744
170,101,76.645321330892
170,102,46.425190586815
170,103,61.520729787509
170,104,68.990252393422
170,105,-5.246109170766
170,106,98.541007915934
170,107,-0.897503376538
170,108,38.523460989163
170,109,-1.902185951199
170,110,17.840267760846
170,111,6.751298090356
170,112,-4.857053227177
170,113,2.271212884909
170,114,6.179550623718
170,115,64.905672841924
170,116,49.814124907534
170,117,58.433881893194
170,118,58.534116130380
170,119,10.060172250684
170,120,-2.783238372278
170,121,54.880663003809
170,122,24.598419581424
170,123,7.643119138367
170,124,31.310373984197
170,125,5.566089167100
170,126,-1.790181298224
170,127,8.871998717412
170,128,11.992305355117
170,129,3.187664268349
170,130,7.390577245991
170,131,20.448304659010
170,132,54.574777600152
170,133,6.516850435015
170,134,42.187591756250
170,135,12.236749924086
170,136,-6.587621293220
170,137,43.022364328790
170,138,-0.717634985012
170,139,19.478242740741
170,140,52.942701383021
170,141,23.240114771856
170,142,76.138534968733
170,143,15.633813401117
170,144,38.805162245691
170,145,29.503675477288
170,146,69.312041828052
170,147,19.508280107235
170,148,-11.136195550011
170,149,5.404512898916
170,150,-14.785464604960
170,151,39.849579916430
170,152,8.922655251044
170,153,-0.332043922695
170,154,71.675233139067
170,155,57.291085859761
170,156,30.372624730560
170,157,34.513995383240
170,158,17.291278762321
170,159,4.104480259281
170,160,72.870041326882
170,161,63.291383319280
170,162,65.701819350208
170,163,50.650446289248
170,164,49.394488146027
170,165,-0.503357319409
170,166,54.006127079570
170,167,56.932874087259
170,168,26.428287241193
170,169,77.158856092057
170,170,8.617345319588
170,171,23.169034937782
170,172,-0.002299798412
170,173,52.923874777975
170,174,22.088105617338
170,175,62.572080618185
170,176,62.114460997116
170,177,20.801593227210
170,178,5.123840002081
170,179,26.104594429256
170,180,51.012995778117
170,181,4.170114715365
170,182,25.281973492027
170,183,3.061102095380
170,184,-1.559443516475
170,185,61.796197615768
170,186,70.081060354816
170,187,72.052075397849
170,188,9.724814847235
170,189,43.139118322273
170,190,51.529639585751
170,191,42.629127783679
170,192,13.824371026749
170,193,39.977872353906
170,194,11.888411122112
170,195,-4.329430433405
170,196,55.374166298679
170,197,54.972865892851
170,198,44.509920171957
170,199,61.914033919391
171,0,-32.998677060554
171,1,-7.182203761746
171,2,-55.453851952181
171,3,-71.220803502452
171,4,-61.715747318791
171,5,-52.437268260568
171,6,-60.712362847466
171,7,-65.823786139357
171,8,21.482987556767
171,9,-54.143610155406
171,10,-31.184564640607
171,11,-30.174758857371
171,12,-51.780862351006
171,13,-74.204503903908
171,14,-25.811961324172
171,15,-59.321411513876
171,16,-59.527846360717
171,17,-50.200329723324
171,18,-60.180698688731
171,19,0.174930372181
171,20,-55.177446899674
171,21,-58.071544223909
171,22,-54.619406478923
171,23,-2.290089760143
171,24,-55.984776688085
171,25,-69.491024370116
171,26,-5.271947475143
171,27,-18.814975804387
171,28,1.425714519057
171,29,-57.315058601729
171,30,-13.319488237081
171,31,15.715004758902
171,32,-61.179913086438
171,33,-19.281380927408
171,34,-52.118260261304
171,35,-73.881297246844
171,36,-24.555532653940
171,37,-71.110066351219
171,38,-62.146727970961
171,39,-67.689437203982
171,40,-65.076479332398
171,41,-56.934925510548
171,42,-14.787571778077
171,43,-4.281473979921
171,44,-61.367269776783
171,45,-19.342174774305
171,46,-14.427477029953
171,47,-60.432353047916
171,48,-24.808288632259
171,49,-21.687509097326
171,50,-67.878824022904
171,51,-9.491380950254
171,52,-63.137264052493
171,53,-30.216497794288
171,54,-6.549741515955
171,55,-55.200096142347
171,56,-61.626571992238
171,57,-52.506492056629
171,58,-58.149599150442
171,59,-11.400887894670
171,60,-19.342530507151
171,61,-1.735850065466
171,62,-40.371155113084
171,63,8.789373063759
171,64,-16.461321308328
171,65,13.234807230358
171,66,-69.344184707406
171,67,-68.331596648350
171,68,-45.325547610824
171,69,-12.692626247896
171,70,8.457198842909
171,71,-7.934534726475
171,72,-12.480134389662
171,73,-50.119920364581
171,74,-53.922459931964
171,75,-5.617074056034
171,76,-51.581864637061
171,77,-5.418745604431
171,78,-63.361457385035
171,79,-66.712677632910
171,80,-63.505656052148
171,81,-18.201101129300
171,82,-9.354755967695
171,83,4.842420436682
171,84,8.216843966453
171,85,-49.412006055791
171,86,-51.818608216912
171,87,-5.710332453134
171,88,-42.691030238719
171,89,-62.423579241869
171,90,14.764481111291
171,91,-54.018913924789
171,92,-58.900993596049
171,93,-58.162085534183
171,94,-26.118548514576
171,95,-57.122291136104
171,96,-23.791172064171
171,97,-37.844219041326
171,98,-59.188072267345
171,99,-21.829559956219
171,100,1.973926989755
171,101,14.044402796710
171,102,-16.174572664248
171,103,-1.079610539135
171,104,6.389626512362
171,105,-67.843897281127
171,106,35.939252279895
171,107,-63.495457703189
171,108,-24.076000201334
171,109,-64.500101875827
171,110,-44.758402797823
171,111,-55.846948599909
171,112,-67.454856208315
171,113,-60.326862560360
171,114,-56.418674212189
171,115,2.305203112017
171,116,-12.785767894602
171,117,-4.166340427022
171,118,-4.066110021653
171,119,-52.538200917865
171,120,-65.381120620470
171,121,-7.719423482282
171,122,-38.000509308680
171,123,-54.955161640726
171,124,-31.288811475664
171,125,-57.032112220026
171,126,-64.388101504010
171,127,-53.726329034318
171,128,-50.606141667689
171,129,-59.410446206843
171,130,-55.207693879973
171,131,-42.150465591782
171,132,-8.025297192464
171,133,-56.081387293765
171,134,-20.412009502783
171,135,-50.361706442447
171,136,-69.185358127463
171,137,-19.577268841225
171,138,-63.315596186796
171,139,-43.120490429392
171,140,-9.657311018265
171,141,-39.358762196491
171,142,13.537635809153
171,143,-46.964772816405
171,144,-23.794309713347
171,145,-33.095440919686
171,146,6.711403645102
171,147,-43.090454211073
171,148,-73.733758527043
171,149,-57.193682312165
171,150,-77.382888099746
171,151,-22.749931967403
171,152,-53.675674436978
171,153,-62.930019862979
171,154,9.074504611875
171,155,-5.309092772986
171,156,-32.226524882841
171,157,-28.085312539064
171,158,-45.307370811344
171,159,-58.493665259848
171,160,10.269267122254
171,161,0.690975302314
171,162,3.101319184192
171,163,-11.949478483672
171,164,-13.205388614311
171,165,-63.101326711556
171,166,-8.593925974536
171,167,-5.667290851576
171,168,-36.170711596635
171,169,14.557917925260
171,170,-53.980972698271
171,171,-39.429839313510
171,172,-62.600288342561
171,173,-9.676136903603
171,174,-40.510727315115
171,175,-0.028299900521
171,176,-0.485902027249
171,177,-41.797190528079
171,178,-57.474344480652
171,179,-36.494392035202
171,180,-11.586942854316
171,181,-58.428033312543
171,182,-37.316981527270
171,183,-59.537003542166
171,184,-64.157372541755
171,185,-0.804153241712
171,186,7.480392772530
171,187,9.451332464021
171,188,-52.873545502574
171,189,-19.460519310916
171,190,-11.070318796927
171,191,-19.970490354019
171,192,-48.774146025644
171,193,-22.621644434155
171,194,-50.710031929411
171,195,-66.927253581736
171,196,-7.225939053220
171,197,-7.627224117998
171,198,-18.089769863247
171,199,-0.686321442852
172,0,7.411935634220
172,1,33.229046066284
172,2,-15.043793403413
172,3,-30.811134030380
172,4,-21.305843294875
172,5,-12.027135270691
172,6,-20.302434063182
172,7,-25.413983488266
172,8,61.894944869593
172,9,-13.733519273490
172,10,9.226092823927
172,11,10.235923527849
172,12,-11.370713162738
172,13,-33.794908058102
172,14,14.598828729882
172,15,-18.911448405190
172,16,-19.117888346213
172,17,-9.790141531514
172,18,-19.770756784623
172,19,40.586361776710
172,20,-14.767381530000
172,21,-17.661550272242
172,22,-14.209327338358
172,23,38.121280806510
172,24,-15.574731241046
172,25,-29.081312213493
172,26,35.139349498328
172,27,21.595986929649
172,28,41.837176793677
172,29,-16.905045982225
172,30,27.091610123243
172,31,56.126819708326
172,32,-20.769995839830
172,33,21.129570296034
172,34,-11.708119399140
172,35,-33.471693425563
172,36,15.855288407554
172,37,-30.700394146566
172,38,-21.736834582269
172,39,-27.279680590669
172,40,-24.666658240327
172,41,-16.524903510457
172,42,25.623490350394
172,43,36.129847438693
172,44,-20.957357153544
172,45,21.068774948784
172,46,25.983593985533
172,47,-20.022417353859
172,48,15.602526191455
172,49,18.723382744545
172,50,-27.469072082982
172,51,30.919811887194
172,52,-22.727395107024
172,53,10.194183560874
172,54,33.861523921325
172,55,-14.790031331591
172,56,-21.216665767752
172,57,-12.096360775016
172,58,-17.739607124946
172,59,29.010257816321
172,60,21.068419207157
172,61,38.675534180053
172,62,0.039275641240
172,63,49.201017079722
172,64,23.949699512676
172,65,53.646560965004
172,66,-28.934468927313
172,67,-27.921855881243
172,68,-4.915239120790
172,69,27.718487583224
172,70,48.868834660461
172,71,32.476696533966
172,72,27.930984685721
172,73,-9.709730188464
172,74,-13.512363592657
172,75,34.794214399641
172,76,-11.171710538045
172,77,34.992547746027
172,78,-22.951593971928
172,79,-26.302896916597
172,80,-23.095796197391
172,81,22.209876754809
172,82,31.056440241657
172,83,45.253967038101
172,84,48.628473851801
172,85,-9.001798410092
172,86,-11.408459960119
172,87,34.700953700907
172,88,-2.280656734358
172,89,-22.013692684981
172,90,55.176272600402
172,91,-13.608819965710
172,92,-18.491020112720
172,93,-17.752093816809
172,94,14.292233973232
172,95,-16.712273759658
172,96,16.619667861043
172,97,2.566274073193
172,98,-18.778105868252
172,99,18.581328379943
172,100,42.385402794607
172,101,54.456176513275
172,102,24.236455233586
172,103,39.331789902688
172,104,46.801211300190
172,105,-27.434144479339
172,106,76.351566406192
172,107,-23.085597596772
172,108,16.334832694578
172,109,-24.090266560692
172,110,-4.348080311887
172,111,-15.436899751658
172,112,-27.045093806366
172,113,-19.916924263125
172,114,-16.008639472508
172,115,42.716687092994
172,116,27.625343637810
172,117,36.244983833116
172,118,36.345216712201
172,119,-12.128070418745
172,120,-24.971307045911
172,121,32.691813087120
172,122,2.409979948861
172,123,-14.545090785665
172,124,9.121843416200
172,125,-16.622092618221
172,126,-23.978263425081
172,127,-13.316227855030
172,128,-10.195963490303
172,129,-19.000485295262
172,130,-14.797629256711
172,131,-1.740078747382
172,132,32.385931827957
172,133,-15.671344230796
172,134,19.998913817486
172,135,-9.951522233016
172,136,-28.775638428109
172,137,20.833675079892
172,138,-22.905731641986
172,139,-2.710127523234
172,140,30.753877724041
172,141,1.051693541805
172,142,53.949397018005
172,143,-6.554504778775
172,144,16.616530134437
172,145,7.315169387097
172,146,47.122996374688
172,147,-2.680090563685
172,148,-33.324151065084
172,149,-16.783666697440
172,150,-36.973370683656
172,151,17.660933654719
172,152,-13.265572007680
172,153,-22.520145803399
172,154,49.486155665196
172,155,35.102203283735
172,156,8.184106867542
172,157,12.325421411158
172,158,-4.897061872747
172,159,-18.083681724878
172,160,50.680947663663
172,161,41.102419443130
172,162,43.512822813871
172,163,28.461653688188
172,164,27.205712561961
172,165,-22.691456879271
172,166,31.817289012099
172,167,34.743996364741
172,168,4.239822817224
172,169,54.969704316092
172,170,-13.570877802900
172,171,0.980614670734
172,172,-22.190406146277
172,173,30.735051374082
172,174,-0.100300005171
172,175,40.383126488181
172,176,39.925513067588
172,177,-1.386794965547
172,178,-17.064335791852
172,179,3.916134390747
172,180,28.824198264861
172,181,-18.018048157966
172,182,3.093524598553
172,183,-19.127045753630
172,184,-23.747528769207
172,185,39.607253998518
172,186,47.892004481510
172,187,49.862992817863
172,188,-12.463423278874
172,189,20.950427491502
172,190,29.340835072457
172,191,20.440443862652
172,192,-8.363922639102
172,193,17.789224353997
172,194,-10.299856315782
172,195,-26.517478160400
172,196,33.185309695422
172,197,32.784014726887
172,198,22.321210768459
172,199,39.725088705527
173,0,-40.748944213607
173,1,-14.932593120044
173,2,-63.204012817347
173,3,-78.970889740827
173,4,-69.465878545350
173,5,-60.187443403898
173,6,-68.462498823181
173,7,-73.573897922106
173,8,13.732462499465
173,9,-61.893777222227
173,10,-38.934840380716
173,11,-37.925039377391
173,12,-59.531040601272
173,13,-81.954576020406
173,14,-33.562262495601
173,15,-67.071554073169
173,16,-67.277987942922
173,17,-57.950515454657
173,18,-67.930837180887
173,19,-7.575493813369
173,20,-62.927609073129
173,21,-65.821692699035
173,22,-62.369571293697
173,23,-10.040502276694
173,24,-63.734935040280
173,25,-77.241118795595
173,26,-13.022345876168
173,27,-26.565310096667
173,28,-6.324715587521
173,29,-65.065210657442
173,30,-21.069848543142
173,31,7.964507007593
173,32,-68.930046849171
173,33,-27.031713011893
173,34,-59.868436914578
173,35,-81.631370893076
173,36,-32.305839772736
173,37,-78.860153113710
173,38,-69.896857157626
173,39,-75.439540156469
173,40,-72.826594652222
173,41,-64.685079365503
173,42,-22.537925134689
173,43,-12.031877069632
173,44,-69.117402652730
173,45,-27.092506571018
173,46,-22.177832091140
173,47,-68.182490348954
173,48,-32.558594554626
173,49,-29.437829792143
173,50,-75.628926079014
173,51,-17.241759377481
173,52,-70.887388550829
173,53,-37.966778116730
173,54,-14.300133868179
173,55,-62.950258208592
173,56,-69.376703640868
173,57,-60.256666872308
173,58,-65.899747256124
173,59,-19.151257282814
173,60,-27.092862302183
173,61,-9.486265205691
173,62,-48.121387369079
173,63,1.038908098308
173,64,-24.211666741969
173,65,5.484321220341
173,66,-77.094279827877
173,67,-76.081696561458
173,68,-53.075756415936
173,69,-20.442989521325
173,70,0.706735449952
173,71,-15.684920523418
173,72,-20.230498668963
173,73,-57.870106476512
173,74,-61.672628045540
173,75,-13.367470823301
173,76,-59.332043829228
173,77,-13.169143310544
173,78,-71.111580822238
173,79,-74.462785208467
173,80,-71.255778806844
173,81,-25.951438327436
173,82,-17.105135041667
173,83,-2.908025844183
173,84,0.466381711325
173,85,-57.162195518475
173,86,-59.568786288517
173,87,-13.460728778933
173,88,-50.441251513897
173,89,-70.173707118163
173,90,7.013987859777
173,91,-61.769081581828
173,92,-66.651138145251
173,93,-65.912233580762
173,94,-33.868848234750
173,95,-64.872444104221
173,96,-31.541482801120
173,97,-45.594463258305
173,98,-66.938215457754
173,99,-29.579879978621
173,100,-5.776505711990
173,101,6.293912954054
173,102,-23.924919455261
173,103,-8.830028785880
173,104,-1.360827092845
173,105,-75.593999502540
173,106,28.188658784042
173,107,-71.245580506155
173,108,-31.826309590033
173,109,-72.250219923699
173,110,-52.508614287421
173,111,-63.597107604466
173,112,-75.204960271083
173,113,-68.077000360703
173,114,-64.168830510665
173,115,-5.445231157944
173,116,-20.536130727123
173,117,-11.916744061753
173,118,-11.816514130856
173,119,-60.288375583463
173,120,-73.131234498396
173,121,-15.469810297509
173,122,-45.750752785876
173,123,-62.705324866300
173,124,-39.039086722325
173,125,-64.782265614973
173,126,-72.138220081993
173,127,-61.476498076219
173,128,-58.356325478206
173,129,-67.160588344726
173,130,-62.957855910259
173,131,-49.900689425645
173,132,-15.775682559753
173,133,-63.831545188681
173,134,-28.162336235306
173,135,-58.111891409942
173,136,-76.935453999671
173,137,-27.327599525095
173,138,-71.065719841063
173,139,-50.870709671784
173,140,-17.407688660023
173,141,-47.108999244534
173,142,5.787148365540
173,143,-54.714973862545
173,144,-31.544620435445
173,145,-40.845707614710
173,146,-1.039051483371
173,147,-50.840673595638
173,148,-81.483832871578
173,149,-64.943834942373
173,150,-85.132945173042
173,151,-30.500247633143
173,152,-61.425843718651
173,153,-70.680145342223
173,154,1.324038296625
173,155,-13.059490998166
173,156,-39.976795690854
173,157,-35.835602949497
173,158,-53.057579702494
173,159,-66.243811737004
173,160,2.518795151052
173,161,-7.059451326109
173,162,-4.649118854482
173,163,-19.699845274939
173,164,-20.955749460481
173,165,-70.851451379989
173,166,-16.344308650085
173,167,-13.417687381130
173,168,-43.920963735029
173,169,6.807425651619
173,170,-61.731140534888
173,171,-47.180076025114
173,172,-70.350415382469
173,173,-17.426514456238
173,174,-48.260958910461
173,175,-7.778723124007
173,176,-8.236323084515
173,177,-49.547416034118
173,178,-65.224495782437
173,179,-44.244642641483
173,180,-19.337311361727
173,181,-66.178180100345
173,182,-45.067228239888
173,183,-67.287145081027
173,184,-71.907492211802
173,185,-8.554572792433
173,186,-0.270065996287
173,187,1.700864364888
173,188,-60.623718580908
173,189,-27.210850547439
173,190,-18.820689749889
173,191,-27.720819176524
173,192,-56.524338507494
173,193,-30.371960707154
173,194,-58.460215248189
173,195,-74.677360141686
173,196,-14.976328204481
173,197,-15.377611369673
173,198,-25.840107588388
173,199,-8.436741551370
174,0,28.432549828241
174,1,54.249991644181
174,2,5.976532569832
174,3,-9.791010422567
174,4,-0.285597692644
174,5,8.993229420637
174,6,0.717824417341
174,7,-4.393790611772
174,8,82.916258422403
174,9,7.286823516770
174,10,30.246730303472
174,11,31.256573969069
174,12,9.649659953655
174,13,-12.774822744555
174,14,35.619535171500
174,15,2.108827928037
174,16,1.902385337438
174,17,11.230251871282
174,18,1.249508519744
174,19,61.607401795642
174,20,6.252947990906
174,21,3.358742102944
174,22,6.811009345030
174,23,59.142289182622
174,24,5.445587917769
174,25,-8.061166404717
174,26,56.160319597373
174,27,42.616783185069
174,28,62.858232868668
174,29,4.115256102428
174,30,48.112476920200
174,31,77.148059215499
174,32,0.250256639752
174,33,42.150360564599
174,34,9.312249386698
174,35,-12.451603963840
174,36,36.876010976666
174,37,-9.680269117489
174,38,-0.716594511599
174,39,-6.259511659206
174,40,-3.646455772359
174,41,4.495403453191
174,42,46.644338302547
174,43,57.150830252067
174,44,0.062892921342
174,45,42.089564436981
174,46,47.004446559979
174,47,0.997844720550
174,48,36.623245516188
174,49,39.744142127733
174,50,-6.448905582227
174,51,51.940727823319
174,52,-1.707167749701
174,53,31.214833466336
174,54,54.882477617859
174,55,6.230297898612
174,56,-0.196419020976
174,57,8.924003027816
174,58,3.280684248413
174,59,50.031149241164
174,60,42.089208690792
174,61,59.696549670785
174,62,21.059795204936
174,63,70.222167681488
174,64,44.970525980112
174,65,74.667768633321
174,66,-7.914321233911
174,67,-6.901695191664
174,68,16.105216851160
174,69,48.739362426815
174,70,69.889980998094
174,71,53.497632454542
174,72,48.951862256930
174,73,11.310664246404
174,74,7.507982036084
174,75,55.815180068435
174,76,9.848665132515
174,77,56.013515960687
174,78,-1.931369492071
174,79,-5.282715448753
174,80,-2.075573568291
174,81,43.230680890039
174,82,52.077357931565
174,83,66.275066972899
174,84,69.649617103983
174,85,12.018605110999
174,86,9.611912671797
174,87,55.721918172581
174,88,18.739833052656
174,89,-0.993456167649
174,90,76.197499905458
174,91,7.411524425042
174,92,2.529261616539
174,93,3.268197396283
174,94,35.312936479510
174,95,4.308030799162
174,96,37.640400241493
174,97,23.586826071492
174,98,2.242172176375
174,99,39.602085939761
174,100,63.406465906904
174,101,75.477394574526
174,102,45.257285381798
174,103,60.352813817379
174,104,67.822331096388
174,105,-6.413977530312
174,106,97.373065543768
174,107,-2.065374836784
174,108,37.355561418968
174,109,-3.070056695076
174,110,16.672382939571
174,111,5.583421176176
174,112,-6.024921864133
174,113,1.103339165245
174,114,5.011674117224
174,115,63.737754457827
174,116,48.646217285794
174,117,57.265968124426
174,118,57.366202290134
174,119,8.892292977107
174,120,-3.951108487927
174,121,53.712751768973
174,122,23.430529941084
174,123,6.475241588283
174,124,30.142479557653
174,125,4.398213098037
174,126,-2.958052121961
174,127,7.704120291070
174,128,10.824424703816
174,129,2.019789895210
174,130,6.222699875972
174,131,19.280417978021
174,132,53.406866583457
174,133,5.348973688015
174,134,41.019689573135
174,135,11.068869098483
174,136,-7.755488696232
174,137,41.854461550385
174,138,-1.885506573512
174,139,18.310356751477
174,140,51.774791530202
174,141,22.072226100092
174,142,74.970608573793
174,143,14.465930153194
174,144,37.637262474615
174,145,28.335782339083
174,146,68.144120301535
174,147,18.340394096551
174,148,-12.304059709786
174,149,4.236636945068
174,150,-15.953326162751
174,151,38.681679400572
174,152,7.754776788577
174,153,-1.499915786131
174,154,70.507309927212
174,155,56.123172905965
174,156,29.204730972713
174,157,33.346098672206
174,158,16.123394332513
174,159,2.936605232411
174,160,71.702117262925
174,161,62.123466086414
174,162,64.533900398339
174,163,49.482538071112
174,164,48.226580823546
174,165,-1.671229060696
174,166,52.838216468394
174,167,55.764961388923
174,168,25.260396296006
174,169,75.990928969455
174,170,7.449467074824
174,171,22.001146316710
174,172,-1.170171896971
174,173,51.755964938588
174,174,20.920217767052
174,175,61.404163898289
174,176,60.946544603568
174,177,19.633706294298
174,178,3.955964248365
174,179,24.936703714891
174,180,49.845087301430
174,181,3.002239641697
174,182,24.114083364257
174,183,1.893227812492
174,184,-2.727314504737
174,185,60.628281449186
174,186,68.913138279859
174,187,70.884151917242
174,188,8.556935812783
174,189,41.971215460610
174,190,50.361730740631
174,191,41.461225285697
174,192,12.656489069072
174,193,38.809971746559
174,194,10.720530544895
174,195,-5.497299446572
174,196,54.206254711913
174,197,53.804954592262
174,198,43.342016332761
174,199,60.746117668772
175,0,-43.432722500947
175,1,-17.616413725678
175,2,-65.887754298405
175,3,-81.654605379466
175,4,-72.149609762884
175,5,-62.871189829319
175,6,-71.146231685299
175,7,-76.257622406483
175,8,11.048594902801
175,9,-64.577520850849
175,10,-41.618621641661
175,11,-40.608822293558
175,12,-62.214788102581
175,13,-84.638286768808
175,14,-36.246052563118
175,15,-69.755289215107
175,16,-69.961722746506
175,17,-60.634265546578
175,18,-70.614570914426
175,19,-10.259326479281
175,20,-65.611351007225
175,21,-68.505429889563
175,22,-65.053314142460
175,23,-12.724330901765
175,24,-66.418675651119
175,25,-79.924837269340
175,26,-15.706169613193
175,27,-29.249111633559
175,28,-9.008550303821
175,29,-67.748949087887
175,30,-23.753659088310
175,31,5.280648866690
175,32,-71.613778944957
175,33,-29.715513784256
175,34,-62.552183862877
175,35,-84.315082171204
175,36,-34.989631899763
175,37,-81.543868933855
175,38,-72.580587668774
175,39,-78.123261583023
175,40,-75.510320361442
175,41,-67.368818418996
175,42,-25.221733273342
175,43,-14.715702430301
175,44,-71.801134441434
175,45,-29.776307243730
175,46,-24.861640820069
175,47,-70.866223670018
175,48,-35.242386267339
175,49,-32.121626620392
175,50,-78.312647195155
175,51,-19.925576197806
175,52,-73.571117438463
175,53,-40.650560964488
175,54,-16.983955510572
175,55,-65.634000105565
175,56,-72.060435004569
175,57,-62.940413184268
175,58,-68.583484318719
175,59,-21.835070973008
175,60,-29.776662974313
175,61,-12.170094739311
175,62,-50.805153571971
175,63,-1.644938689227
175,64,-26.895472136988
175,65,2.800467145309
175,66,-79.777998542297
175,67,-78.765416935508
175,68,-55.759514498051
175,69,-23.126801094069
175,70,-1.977110793043
175,71,-18.368739895792
175,72,-22.914310590022
175,73,-60.553856700230
175,74,-64.356372036629
175,75,-16.051293994577
175,76,-62.015791656719
175,77,-15.852966806931
175,78,-73.795309342415
175,79,-77.146508235935
175,80,-73.939507090676
175,81,-28.635240870601
175,82,-19.788952085953
175,83,-5.591866161456
175,84,-2.217464137655
175,85,-59.845946902526
175,86,-62.252533727966
175,87,-16.144551797333
175,88,-53.125013914250
175,89,-72.857437175546
175,90,4.330131277100
175,91,-64.452825414832
175,92,-69.334873976273
175,93,-68.595970622890
175,94,-36.552637799723
175,95,-67.556182850618
175,96,-34.225276181074
175,97,-48.278233603145
175,98,-69.621950818248
175,99,-32.263676574024
175,100,-8.460341326972
175,101,3.610057551829
175,102,-26.608725320322
175,103,-11.513859395258
175,104,-4.044669946452
175,105,-78.277720675935
175,106,25.504767487888
175,107,-73.929308806699
175,108,-34.510102503104
175,109,-74.933946577614
175,110,-55.192373299142
175,111,-66.280848441216
175,112,-77.888682082114
175,113,-70.760733854673
175,114,-66.852570410323
175,115,-8.129067315975
175,116,-23.219942147189
175,117,-14.600569611153
175,118,-14.500339844562
175,119,-62.972121843450
175,120,-75.814959708303
175,121,-18.153630022505
175,122,-48.434522874537
175,123,-65.389067164731
175,124,-41.722867812394
175,125,-67.466004509173
175,126,-74.821946919474
175,127,-64.160242388789
175,128,-61.040074904973
175,129,-69.844323340731
175,130,-65.641597794784
175,131,-52.584452712043
175,132,-18.459501783349
175,133,-66.515285641166
175,134,-30.846135154345
175,135,-60.795641237353
175,136,-79.619172974402
175,137,-30.011399812443
175,138,-73.749448436407
175,139,-53.554471368210
175,140,-20.091505208351
175,141,-49.792767106854
175,142,3.103293794069
175,143,-57.398729257817
175,144,-34.228413810255
175,145,-43.529485743442
175,146,-3.722894864470
175,147,-53.524435341293
175,148,-84.167544391523
175,149,-67.627573571757
175,150,-87.816650712157
175,151,-33.184042719884
175,152,-64.109588114239
175,153,-73.363874569535
175,154,-1.359808958325
175,155,-15.743314674299
175,156,-42.660575243870
175,157,-38.519389290603
175,158,-55.741337814397
175,159,-68.927548235653
175,160,-0.165054062498
175,161,-9.743284837969
175,162,-7.332956317587
175,163,-22.383658065868
175,164,-23.639560192685
175,165,-73.535180326522
175,166,-19.028126941557
175,167,-16.101510470085
175,168,-46.604736822963
175,169,4.123569407573
175,170,-64.414884430080
175,171,-49.863843770931
175,172,-73.034145150217
175,173,-20.110330973708
175,174,-50.944724884575
175,175,-10.462555456768
175,176,-10.920154667139
175,177,-52.231179899572
175,178,-67.908233951799
175,179,-46.928415198861
175,180,-22.021124746934
175,181,-68.861916706570
175,182,-47.750999448937
175,183,-69.970879869608
175,184,-74.591219427457
175,185,-11.238403853356
175,186,-2.953910637996
175,187,-0.982983507805
175,188,-63.307464291240
175,189,-29.894651026152
175,190,-21.504503981967
175,191,-30.404618819302
175,192,-59.208090937049
175,193,-33.055756004178
175,194,-61.143964504670
175,195,-77.361082817464
175,196,-17.660148738418
175,197,-18.061431245806
175,198,-28.523910314041
175,199,-11.120572805456
176,0,39.254461897741
176,1,65.072074308031
176,2,16.798296265071
176,3,1.030649096218
176,4,10.536124628103
176,5,19.815013047708
176,6,11.539553367751
176,7,6.427904566095
176,8,93.738530517432
176,9,18.108595869315
176,10,41.068654360213
176,11,42.078504698395
176,12,20.471447917895
176,13,-1.953182939425
176,14,46.441494729486
176,15,12.930566068913
176,16,12.724122114327
176,17,22.052050278842
176,18,12.071240983023
176,19,72.429533077142
176,20,17.074713512469
176,21,14.180488502119
176,22,17.632778553787
176,23,69.964404174607
176,24,16.267348104979
176,25,2.760504542981
176,26,66.982414884558
176,27,53.438788978638
176,28,73.680372415729
176,29,14.937007499968
176,30,58.934519028109
176,31,87.970293192302
176,32,11.071982500915
176,33,52.972363276167
176,34,20.134035121599
176,35,-1.629962023253
176,36,47.697978836979
176,37,1.141391132951
176,38,10.105124961534
176,39,4.562171191916
176,40,7.175244343140
176,41,15.317157362413
176,42,57.466370709277
176,43,67.972932084514
176,44,10.884617544580
176,45,52.911566746829
176,46,57.826481346230
176,47,11.819575521076
176,48,47.445211706327
176,49,50.566128939710
176,50,4.372776017568
176,51,62.762795227769
176,52,9.114545178687
176,53,42.036763919859
176,54,65.704564461135
176,55,17.052063270523
176,56,10.625303888984
176,57,19.745786197498
176,58,14.102430131847
176,59,60.853204027364
176,60,52.911210998289
176,61,70.518668325320
176,62,31.881658559338
176,63,81.044355890343
176,64,55.792547326637
176,65,85.489986219676
176,66,2.907350683985
176,67,3.919983416585
176,68,26.927047468933
176,69,59.561408677080
176,70,80.712167011799
176,71,64.319710146861
176,72,59.773909911361
176,73,22.132463185262
176,74,18.329755849860
176,75,66.637273074957
176,76,20.670454411622
176,77,66.835610277798
176,78,8.890341955004
176,79,5.538973856019
176,80,8.746136926027
176,81,54.052690740085
176,82,62.899426238851
176,83,77.097229098712
176,84,80.471801529326
176,85,22.840408727396
176,86,20.433700386631
176,87,66.544010562829
176,88,29.561681078201
176,89,9.828261476250
176,90,87.019727600695
176,91,18.233297601502
176,92,13.351002535252
176,93,14.089943197214
176,94,46.134894011600
176,95,15.129783470387
176,96,48.462373152630
176,97,34.408706123017
176,98,13.063911198260
176,99,50.424071813075
176,100,74.228609076730
176,101,86.299617511104
176,102,56.079308623172
176,103,71.174936808522
176,104,78.644503446725
176,105,4.407704300254
176,106,108.195433176676
176,107,8.756335724924
176,108,48.177532447990
176,109,7.751647228688
176,110,27.494217304782
176,111,16.405182274073
176,112,4.796762536906
176,113,11.925070662772
176,114,15.833431437517
176,115,74.559899816835
176,116,59.468262920578
176,117,68.088070717691
176,118,68.188305545744
176,119,19.714075937271
176,120,6.870589614729
176,121,64.534830882782
176,122,34.252408959896
176,123,17.297008578571
176,124,40.964402925551
176,125,15.219966365112
176,126,7.863652541819
176,127,18.525895400759
176,128,21.646220429982
176,129,12.841527447803
176,130,17.044465197680
176,131,30.102269575407
176,132,64.228943676004
176,133,16.170733236890
176,134,51.841684813546
176,135,21.890666439744
176,136,3.066184271062
176,137,52.676462306736
176,138,8.936205176586
176,139,29.132201939326
176,140,62.596857838165
176,141,32.894096144024
176,142,85.792828161393
176,143,25.287749939707
176,144,48.459235365015
176,145,39.157693769193
176,146,78.966294778307
176,147,29.162239482866
176,148,-1.482416794395
176,149,15.058389144586
176,150,-5.131707357410
176,151,49.503659192131
176,152,18.576552232968
176,153,9.321798511570
176,154,81.329500020336
176,155,66.945267947682
176,156,40.026648144412
176,157,44.168043208214
176,158,26.945225070383
176,159,13.758348842479
176,160,82.524315251576
176,161,72.945600778097
176,162,75.356051018338
176,163,60.304589232161
176,164,59.048623685434
176,165,9.150484105136
176,166,63.660289803352
176,167,66.587054063595
176,168,36.082287405559
176,169,86.813155299613
176,170,18.271240501977
176,171,32.823015890986
176,172,9.651544579356
176,173,62.578031122146
176,174,31.742080199205
176,175,72.226293836786
176,176,71.768671518104
176,177,30.455560225986
176,178,14.777714593452
176,179,35.758592685655
176,180,60.667140858161
176,181,13.823983685426
176,182,34.935966899604
176,183,12.714964528874
176,184,8.094391683524
176,185,71.450406260628
176,186,79.735317838422
176,187,81.706344500613
176,188,19.378716557185
176,189,52.793216988444
176,190,61.183787711263
176,191,52.283223443650
176,192,23.478296900124
176,193,49.631952385833
176,194,21.542325584604
176,195,5.324388440444
176,196,65.028337086747
176,197,64.627034315345
176,198,54.164026918479
176,199,71.568243258880
177,0,-33.557639101004
177,1,-7.741174615730
177,2,-56.012806327075
177,3,-71.779752495211
177,4,-62.274699556132
177,5,-52.996223665221
177,6,-61.271315427322
177,7,-66.382736974396
177,8,20.924006916081
177,9,-54.702564977575
177,10,-31.743527300365
177,11,-30.733721861863
177,12,-52.339817979730
177,13,-74.763451878192
177,14,-26.370925818061
177,15,-59.880364568540
177,16,-60.086799344914
177,17,-50.759285891589
177,18,-60.739651450072
177,19,-0.384042993566
177,20,-55.736401368929
177,21,-58.630497705228
177,22,-55.178361138671
177,23,-2.849062284316
177,24,-56.543730881749
177,25,-70.049973953341
177,26,-5.830918981294
177,27,-19.373942686972
177,28,0.866740726284
177,29,-57.874012341286
177,30,-13.878456995793
177,31,15.156026087541
177,32,-61.738865506690
177,33,-19.840347650759
177,34,-52.677215774849
177,35,-74.440245331447
177,36,-25.114497576753
177,37,-71.669015381776
177,38,-62.705680061183
177,39,-68.248387402178
177,40,-65.635430422539
177,41,-57.493879379865
177,42,-15.346540035593
177,43,-4.840445824222
177,44,-61.926222133079
177,45,-19.901141476905
177,46,-14.986445410403
177,47,-60.991305723350
177,48,-25.367253468787
177,49,-22.246474999250
177,50,-68.437774156453
177,51,-10.050351015874
177,52,-63.696215804586
177,53,-30.775460784527
177,54,-7.108712585861
177,55,-55.759050603869
177,56,-62.185524260014
177,57,-53.065447437650
177,58,-58.708552605116
177,59,-11.959857308386
177,60,-19.901497209634
177,61,-2.294822778858
177,62,-40.930114636736
177,63,8.230396756931
177,64,-17.020288994434
177,65,12.675829405787
177,66,-69.903134340748
177,67,-68.890546627343
177,68,-45.884505443188
177,69,-13.251595220623
177,70,7.898222649499
177,71,-8.493505323604
177,72,-13.039103434923
177,73,-50.678876560291
177,74,-54.481414829621
177,75,-6.176045444357
177,76,-52.140820333720
177,77,-5.977717060465
177,78,-63.920409060600
177,79,-67.271628164526
177,80,-64.064607678491
177,81,-18.760068221454
177,82,-9.913726079962
177,83,4.283445477406
177,84,7.657867855101
177,85,-49.970962493164
177,86,-52.377563832750
177,87,-6.269303809619
177,88,-43.249988970427
177,89,-62.982531237591
177,90,14.205502764460
177,91,-54.577868789522
177,92,-59.459946794224
177,93,-58.721038984593
177,94,-26.677512903792
177,95,-57.681244941465
177,96,-24.350137247922
177,97,-38.403179427609
177,98,-59.747025367527
177,99,-22.388525809649
177,100,1.414953009808
177,101,13.485424695726
177,102,-16.733540448251
177,103,-1.638583476568
177,104,5.830651024851
177,105,-68.402847426594
177,106,35.380266703374
177,107,-64.054409333017
177,108,-24.634965287856
177,109,-65.059053162709
177,110,-45.317360823792
177,111,-56.405902840619
177,112,-68.013806486582
177,113,-60.885815271809
177,114,-56.977628257737
177,115,1.746229018980
177,116,-13.344736835526
177,117,-4.725312310627
177,118,-4.625081939477
177,119,-53.097156288059
177,120,-65.940071606616
177,121,-8.278394152854
177,122,-38.559469641616
177,123,-55.514116185856
177,124,-31.847774099835
177,125,-57.591066056164
177,126,-64.947052829120
177,127,-54.285283998928
177,128,-51.165097697427
177,129,-59.969399231115
177,130,-55.766648338904
177,131,-42.709424508030
177,132,-8.584267758612
177,133,-56.640341454440
177,134,-20.970975840151
177,135,-50.920662555625
177,136,-69.744307815025
177,137,-20.136235463571
177,138,-63.874547878018
177,139,-43.679449014497
177,140,-10.216281027242
177,141,-39.917722065751
177,142,12.978657881184
177,143,-47.523730089182
177,144,-24.353274896028
177,145,-33.654402927103
177,146,6.152428047732
177,147,-43.649412806430
177,148,-74.292706662018
177,149,-57.752636093152
177,150,-77.941834989098
177,151,-23.308897506628
177,152,-54.234629418883
177,153,-63.488971685816
177,154,8.515528207703
177,155,-5.868064266448
177,156,-32.785487186899
177,157,-28.644276256855
177,158,-45.866328649907
177,159,-59.052618597074
177,160,9.710290310177
177,161,0.132001760387
177,162,2.542344819347
177,163,-12.508447710105
177,164,-13.764357411979
177,165,-63.660278475916
177,166,-9.152896346553
177,167,-6.226262222757
177,168,-36.729672554218
177,169,13.998939648947
177,170,-54.539927575956
177,171,-39.988799158506
177,172,-63.159240277957
177,173,-10.235106906148
177,174,-41.069686791125
177,175,-0.587273196878
177,176,-1.044875167383
177,177,-42.356149564919
177,178,-58.033298165828
177,179,-37.053352882293
177,180,-12.145912204520
177,181,-58.986986672171
177,182,-37.875942093546
177,183,-60.095956523233
177,184,-64.716323945628
177,185,-1.363126273194
177,186,6.921416912613
177,187,8.892355931195
177,188,-53.432500758296
177,189,-20.019485973120
177,190,-11.629288323507
177,191,-20.529456842116
177,192,-49.333102680757
177,193,-23.180610017174
177,194,-51.268987923679
177,195,-67.486204040099
177,196,-7.784909892267
177,197,-8.186194820053
177,198,-18.648736993411
177,199,-1.245294514563
178,0,-17.109343228716
178,1,8.707380600266
178,2,-39.564736018707
178,3,-55.331840559658
178,4,-45.826692146766
178,5,-36.548123055756
178,6,-44.823297939300
178,7,-49.934770828615
178,8,37.372850112217
178,9,-38.254481508062
178,10,-15.295213204641
178,11,-14.285397622218
178,12,-35.891710776748
178,13,-58.315569912047
178,14,-9.922557752056
178,15,-43.432333108845
178,16,-43.638769958794
178,17,-34.311162812293
178,18,-44.291628621657
178,19,16.064586132750
178,20,-39.288328284121
178,21,-42.182453690963
178,22,-38.730282448450
178,23,13.599542078075
178,24,-40.095665906403
178,25,-53.602044643136
178,26,10.617655425151
178,27,-2.925504331957
178,28,17.315382418201
178,29,-41.425960728317
178,30,2.570036565601
178,31,31.604811334968
178,32,-45.290852715058
178,33,-3.391913981111
178,34,-36.229111960994
178,35,-57.992360118908
178,36,-8.666116889239
178,37,-55.221102333933
178,38,-46.257676980858
178,39,-51.800439995975
178,40,-49.187456770393
178,41,-41.045823948552
178,42,1.101938777712
178,43,11.608138532567
178,44,-45.478211223373
178,45,-3.452708417972
178,46,1.462037020334
178,47,-44.543285422726
178,48,-8.918875320349
178,49,-5.798065500741
178,50,-51.989828652542
178,51,6.398181002223
178,52,-47.248222673828
178,53,-14.327136964173
178,54,9.339848983851
178,55,-39.310977746565
178,56,-45.737515954912
178,57,-36.617347523534
178,58,-42.260509374893
178,59,4.488655526991
178,60,-3.453064154273
178,61,14.153787151481
178,62,-24.481892822907
178,63,24.679112426267
178,64,-0.571826995249
178,65,29.124589735875
178,66,-53.455203555619
178,67,-52.442605671298
178,68,-29.436333396770
178,69,3.196904638135
178,70,24.346934981688
178,71,7.955042334492
178,72,3.409398558491
178,73,-34.230752673291
178,74,-38.033329138692
178,75,10.272525494940
178,76,-35.692711131822
178,77,10.470855871245
178,78,-47.472418181773
178,79,-50.823670947248
178,80,-47.616618248081
178,81,-2.311623699636
178,82,6.534807310665
178,83,20.732121494359
178,84,24.106577772596
178,85,-33.522831495211
178,86,-35.929457008926
178,87,10.179266192805
178,88,-26.801790460071
178,89,-46.534530938137
178,90,30.654278462411
178,91,-38.129784067460
178,92,-43.011911111556
178,93,-42.272995879794
178,94,-10.229147917613
178,95,-41.233191392188
178,96,-7.901748881974
178,97,-21.954932230197
178,98,-43.298992568474
178,99,-5.940117738122
178,100,17.863600209181
178,101,29.934193159403
178,102,-0.285075568456
178,103,14.810033046444
178,104,22.279342585498
178,105,-51.954901571866
178,106,51.829255139652
178,107,-47.606419800170
178,108,-8.186579783163
178,109,-48.611073721106
178,110,-28.869183080373
178,111,-39.957836480819
178,112,-51.565856724126
178,113,-44.437793911558
178,114,-40.529567640799
178,115,18.194879546420
178,116,3.103762087543
178,117,11.723273202791
178,118,11.823504580861
178,119,-36.649056692455
178,120,-49.492101014461
178,121,8.170155666245
178,122,-22.111224014174
178,123,-39.066040868238
178,124,-15.399461051311
178,125,-41.143011601067
178,126,-48.499072262515
178,127,-37.837196337896
178,128,-34.716978694487
178,129,-43.521368665744
178,130,-39.318575557918
178,131,-26.261220567634
178,132,7.864278987690
178,133,-40.192277449532
178,134,-4.522553528426
178,135,-34.472541097348
178,136,-53.296375434562
178,137,-3.687804766312
178,138,-47.426556538529
178,139,-27.231254818114
178,140,6.232249323941
178,141,-23.469490082251
178,142,29.427421253633
178,143,-31.075574508825
178,144,-7.904886561599
178,145,-17.206108026840
178,146,22.601122841057
178,147,-27.201218308328
178,148,-57.844819967540
178,149,-41.304583260986
178,150,-61.493984947607
178,151,-6.860498680806
178,152,-37.786541249036
178,153,-47.040976473363
178,154,24.964246741583
178,155,10.580509766834
178,156,-16.337183558055
178,157,-12.195931027796
178,158,-29.418156420899
178,159,-42.604578822902
178,160,26.159020847110
178,161,16.580636070976
178,162,18.991003344752
178,163,3.940059614208
178,164,2.684137295648
178,165,-47.212284984183
178,166,7.295644687329
178,167,10.222308212062
178,168,-20.281408546005
178,169,30.447713271664
178,170,-38.091842472779
178,171,-23.540567888987
178,172,-46.711241753481
178,173,6.213423255911
178,174,-24.621466379322
178,175,15.861353887747
178,176,15.403747320110
178,177,-25.907942075828
178,178,-41.585248152849
178,179,-20.605092125537
178,180,4.302598761780
178,181,-42.538946238747
178,182,-21.427689599914
178,183,-43.647927229096
178,184,-48.268341061448
178,185,15.085493017097
178,186,23.370119431456
178,187,25.341078250829
178,188,-36.984404531184
178,189,-3.571054103035
178,190,4.819227832733
178,191,-4.081030095032
178,192,-32.884965275531
178,193,-6.732209902628
178,194,-34.820869964307
178,195,-51.038248978133
178,196,8.663644884364
178,197,8.262355925282
178,198,-2.200291353191
178,199,15.203325959483
179,0,32.375548694676
179,1,58.193052668008
179,2,9.919477374940
179,3,-5.848103574965
179,4,3.657332037343
179,5,12.936181488069
179,6,4.660756562895
179,7,-0.450870771507
179,8,86.859388466961
179,9,11.229771476239
179,10,34.189733537547
179,11,35.199579634354
179,12,13.592613601359
179,13,-8.831923079779
179,14,39.562551340736
179,15,6.051763422212
179,16,5.845320334636
179,17,15.173209324093
179,18,5.192441945241
179,19,65.550480533690
179,20,10.195893461452
179,21,7.301680606091
179,22,10.753956159031
179,23,63.085361985453
179,24,9.388531444696
179,25,-4.118255392903
179,26,60.103385220609
179,27,46.559816200599
179,28,66.801314618337
179,29,8.058196426769
179,30,52.055523167146
179,31,81.091175371381
179,32,4.193187659715
179,33,46.093392457180
179,34,13.255202222128
179,35,-8.508703520994
179,36,40.819030170918
179,37,-5.737362003303
179,38,3.226334180836
179,39,-2.316596310287
179,40,0.296465866973
179,41,8.438344692688
179,42,50.587381014797
179,43,61.093898260122
179,44,4.005823490261
179,45,46.032596183191
179,46,50.947490139217
179,47,4.940777540214
179,48,40.566264101901
179,49,43.687168227174
179,50,-2.505990689242
179,51,55.883783287260
179,52,2.235758558112
179,53,35.157839031133
179,54,58.825540164486
179,55,10.173243314632
179,56,3.746510923695
179,57,12.866954928591
179,58,7.223622563652
179,59,53.974200107550
179,60,46.032240436143
179,61,63.639623808092
179,62,25.002776321642
179,63,74.165267161457
179,64,48.913564662485
179,65,78.610878817213
179,66,-3.971409868594
179,67,-2.958781388668
179,68,20.048186040018
179,69,52.682410183064
179,70,73.833079678247
179,71,57.440691666947
179,72,52.894910524796
179,73,15.253621892800
179,74,11.450930527957
179,75,59.758244860692
179,76,13.791619259304
179,77,59.956581230465
179,78,2.011556276011
179,79,-1.339797748398
179,80,1.867351852641
179,81,47.173715383578
179,82,56.020413724458
179,83,70.218156949311
179,84,73.592715205406
179,85,15.961564461693
179,86,13.554866228638
179,87,59.664982740294
179,88,22.682808584170
179,89,2.949471858294
179,90,80.140613772608
179,91,11.354472684703
179,92,6.472198122836
179,93,7.211135681457
179,94,39.255951910593
179,95,8.250971587586
179,96,41.583421276053
179,97,27.529813271925
179,98,6.185107991550
179,99,43.545111697189
179,100,67.349548976556
179,101,79.420506707822
179,102,49.200324754573
179,103,64.295889534769
179,104,71.765424798185
179,105,-2.471062553239
179,106,101.316230398304
179,107,1.877550608704
179,108,41.298581767762
179,109,0.872866331825
179,110,20.615353493835
179,111,9.526365034922
179,112,-2.082005950491
179,113,5.046272238862
179,114,8.954616599571
179,115,67.680838325119
179,116,52.589264817783
179,117,61.209036409688
179,118,61.309270816724
179,119,12.835244801536
179,120,-0.008187581989
179,121,57.655811499309
179,122,27.373516765241
179,123,10.418187593968
179,124,34.085482540744
179,125,8.341154103568
179,126,0.984871174573
179,127,11.647069255123
179,128,14.767381179641
179,129,5.962725175043
179,130,10.165645273701
179,131,23.223394810964
179,132,57.349925577328
179,133,9.291916982365
179,134,44.962718743540
179,135,15.011826162779
179,136,-3.812576948563
179,137,45.797492730570
179,138,2.057419304976
179,139,22.253331249056
179,140,55.717846594634
179,141,26.015209654179
179,142,78.913719486860
179,143,18.408895395602
179,144,41.580283501615
179,145,32.278780972549
179,146,72.087214778112
179,147,22.283368666445
179,148,-8.361158911765
179,149,8.179577561619
179,150,-12.010434149415
179,151,42.624702942070
179,152,11.697725874583
179,153,2.443011020594
179,154,74.450410093734
179,155,60.066238439758
179,156,33.147731698176
179,157,37.289109368066
179,158,20.066363565129
179,159,6.879542719333
179,160,75.645220306244
179,161,66.066546066984
179,162,68.476986182519
179,163,53.425587616643
179,164,52.169627345211
179,165,2.271697333628
179,166,56.781274093162
179,167,59.708026060267
179,168,29.203387525515
179,169,79.934042339220
179,170,11.392415425835
179,171,25.944129699674
179,172,2.772755703554
179,173,55.699019957690
179,174,24.863198547726
179,175,65.347242147000
179,176,64.889621750473
179,177,23.576683977764
179,178,7.898904189242
179,179,28.879694165116
179,180,53.788137719850
179,181,6.945177286623
179,182,28.057071834046
179,183,5.836162787637
179,184,1.215609347251
179,185,64.571357829816
179,186,72.856234608036
179,187,74.827252991105
179,188,12.499886829886
179,189,45.914246921886
179,190,54.304782402927
179,191,45.404255519134
179,192,16.599449955407
179,193,42.752995596929
179,194,14.663486770609
179,195,-1.554382262781
179,196,58.149315630428
179,197,57.748014544595
179,198,47.285051094346
179,199,64.689194333114
180,0,28.525476673924
180,1,54.342919954775
180,2,6.069458141406
180,3,-9.698085745556
180,4,-0.192672476354
180,5,9.086155163372
180,6,0.810749690565
180,7,-4.300865628560
180,8,83.009188359654
180,9,7.379749162690
180,10,30.339657252087
180,11,31.349500974982
180,12,9.742585733627
180,13,-12.681898236835
180,14,35.712462424970
180,15,2.201753280184
180,16,1.995310677870
180,17,11.323177740938
180,18,1.342433823127
180,19,61.700330523716
180,20,6.345873578168
180,21,3.451667526002
180,22,6.903934963950
180,23,59.235217770816
180,24,5.538513459222
180,25,-7.968241629569
180,26,56.253248016365
180,27,42.709710835567
180,28,62.951161667719
180,29,4.208181568407
180,30,48.205404882530
180,31,77.240988825426
180,32,0.343181886441
180,33,42.243288188627
180,34,9.405175147534
180,35,-12.358679437777
180,36,36.968938301427
180,37,-9.587344434200
180,38,-0.623669319764
180,39,-6.166586781837
180,40,-3.553530746743
180,41,4.588328940736
180,42,46.737266181575
180,43,57.243758727258
180,44,0.155818157407
180,45,42.182492057567
180,46,47.097374459438
180,47,1.090770009658
180,48,36.716172826607
180,49,39.837069615234
180,50,-6.355980715613
180,51,52.033656002874
180,52,-1.614242614058
180,53,31.307760469877
180,54,54.975405964338
180,55,6.323223484593
180,56,-0.103493799623
180,57,9.016928766629
180,58,3.373609667040
180,59,50.124077312365
180,60,42.182136311356
180,61,59.789478290426
180,62,21.152721632294
180,63,70.315096898397
180,64,45.063453764160
180,65,74.760698102502
180,66,-7.821396450432
180,67,-6.808770350734
180,68,16.198142997411
180,69,48.832290424718
180,70,69.982910196159
180,71,53.590560722441
180,72,49.044790266889
180,73,11.403590120623
180,74,7.600907694556
180,75,55.908108467840
180,76,9.941590923780
180,77,56.106444371340
180,78,-1.838444369154
180,79,-5.189790515971
180,80,-1.982648453559
180,81,43.323608575367
180,82,52.170286118875
180,83,66.367995965833
180,84,69.742546288413
180,85,12.111531025388
180,86,9.704838449637
180,87,55.814846566689
180,88,18.832759348385
180,89,-0.900530991516
180,90,76.290429461449
180,91,7.504450078035
180,92,2.622186992536
180,93,3.361122814204
180,94,35.405863715576
180,95,4.400956276077
180,96,37.733327609632
180,97,23.679752642231
180,98,2.335097536081
180,99,39.695013419201
180,100,63.499394737068
180,101,75.570324089647
180,102,45.350213182122
180,103,60.445742474265
180,104,67.915260177120
180,105,-6.321052661711
180,106,97.465996301413
180,107,-1.972449721463
180,108,37.448488770940
180,109,-2.977131636755
180,110,16.765309117996
180,111,5.676346725457
180,112,-5.931996973464
180,113,1.196264460334
180,114,5.104599634062
180,115,63.830683306784
180,116,48.739145278414
180,117,57.358896606151
180,118,57.459130777541
180,119,8.985218714115
180,120,-3.858183479599
180,121,53.805680049081
180,122,23.523456502953
180,123,6.568167188154
180,124,30.235406500353
180,125,4.491138580073
180,126,-2.865127057288
180,127,7.797045960666
180,128,10.917350550451
180,129,2.112715242300
180,130,6.315625461524
180,131,19.373344304426
180,132,53.499794846204
180,133,5.441899223988
180,134,41.112617133011
180,135,11.161794958985
180,136,-7.662563903737
180,137,41.947389157627
180,138,-1.792581447990
180,139,18.403283022839
180,140,51.867719700342
180,141,22.165152584894
180,142,75.063538060160
180,143,14.558856206437
180,144,37.730189842565
180,145,28.428709179272
180,146,68.237049400530
180,147,18.433320369622
180,148,-12.211135175356
180,149,4.329562417930
180,150,-15.860401835351
180,151,38.774606827785
180,152,7.847702461047
180,153,-1.406990638738
180,154,70.600239160303
180,155,56.216101322840
180,156,29.297657862211
180,157,33.439025796681
180,158,16.216320479798
180,159,3.029530631517
180,160,71.795046563821
180,161,62.216394843774
180,162,64.626829292472
180,163,49.575466111179
180,164,48.319508792352
180,165,-1.578303923015
180,166,52.931144698872
180,167,55.857889785475
180,168,25.353322961702
180,169,76.083858513717
180,170,7.542392729971
180,171,22.094072797481
180,172,-1.077246730863
180,173,51.848893107664
180,174,21.013144186487
180,175,61.497092614831
180,176,61.039473294142
180,177,19.726632640748
180,178,4.048889705307
180,179,25.029630362224
180,180,49.938015362080
180,181,3.095165044528
180,182,24.207009964914
180,183,1.986153152400
180,184,-2.634389426974
180,185,60.721210121701
180,186,69.006067422495
180,187,70.977081171717
180,188,8.649861530765
180,189,42.064143074480
180,190,50.454658830589
180,191,41.554152870624
180,192,12.749415019651
180,193,38.902899181056
180,194,10.813456385629
180,195,-5.404374525962
180,196,54.299183020019
180,197,53.897882877602
180,198,43.434944024404
180,199,60.839046347974
181,0,-20.382161349393
181,1,5.434510877632
181,2,-42.837509258628
181,3,-58.604582287939
181,4,-49.099452871596
181,5,-39.820902324733
181,6,-48.096060669493
181,7,-53.207523343175
181,8,34.099923089794
181,9,-41.527257366681
181,10,-18.568034951255
181,11,-17.558221387189
181,12,-39.164491357646
181,13,-61.588305677273
181,14,-13.195390237212
181,15,-46.705098619001
181,16,-46.911535056366
181,17,-37.583946552120
181,18,-47.564392414431
181,19,12.791701704075
181,20,-42.561102076477
181,21,-45.455221699114
181,22,-42.003057356123
181,23,10.326662576714
181,24,-43.368438085214
181,25,-56.874789828471
181,26,7.344781884167
181,27,-6.198350802610
181,28,14.042495489331
181,29,-44.698730248398
181,30,-0.702820889543
181,31,28.331895842675
181,32,-48.563614510800
181,33,-6.664759519510
181,34,-39.501891867549
181,35,-61.265096530078
181,36,-11.938951885713
181,37,-58.493844283526
181,38,-49.530436844332
181,39,-55.073188781898
181,40,-52.460210778503
181,41,-44.318594228367
181,42,-2.170915742980
181,43,8.335263011744
181,44,-48.750972644666
181,45,-6.725553834855
181,46,-1.810818220125
181,47,-47.816048712542
181,48,-12.191709811617
181,49,-9.070906229776
181,50,-55.262577059962
181,51,3.125315895304
181,52,-50.520980557623
181,53,-17.599960645712
181,54,6.066977997005
181,55,-42.583751493657
181,56,-49.010276857967
181,57,-39.890126654151
181,58,-45.533277227049
181,59,1.215794236879
181,60,-6.725909570443
181,61,10.880906542261
181,62,-27.754696208074
181,63,21.406210778019
181,64,-3.844678170411
181,65,25.851679201412
181,66,-56.727949034423
181,67,-55.715353173822
181,68,-32.709126879650
181,69,-0.075954070002
181,70,21.074033997429
181,71,4.682174115660
181,72,0.136539425621
181,73,-37.503536573829
181,74,-41.306105439304
181,75,6.999652643819
181,76,-38.965492110445
181,77,7.197982623686
181,78,-50.745175617500
181,79,-54.096421685288
181,80,-50.889375395614
181,81,-5.584471397306
181,82,3.261941930650
181,83,17.459227735802
181,84,20.833677268798
181,85,-36.795616810625
181,86,-39.202237514379
181,87,6.906393528094
181,88,-30.074589208518
181,89,-49.807290248296
181,90,27.381364870191
181,91,-41.402560175295
181,92,-46.284677461961
181,93,-45.545763706992
181,94,-13.501979789973
181,95,-44.505961297538
181,96,-11.174585406239
181,97,-25.227740665970
181,98,-46.571758345126
181,99,-9.212958183234
181,100,14.590712184494
181,101,26.661281006593
181,102,-3.557927316782
181,103,11.537151125471
181,104,19.006445734187
181,105,-55.227650049084
181,106,48.556299218610
181,107,-50.879176968083
181,108,-11.459415738122
181,109,-51.883828881153
181,110,-32.141977696789
181,111,-43.230608935097
181,112,-54.838605978875
181,113,-47.710557412211
181,114,-43.802338952410
181,115,14.921990859541
181,116,-0.169096434416
181,117,8.450397451837
181,118,8.550628629557
181,119,-39.921835759698
181,120,-52.764854413719
181,121,4.897287017433
181,122,-25.384032137568
181,123,-42.338815104857
181,124,-18.672282589563
181,125,-44.415781686650
181,126,-51.771827646407
181,127,-41.109973030500
181,128,-37.989761623234
181,129,-46.794133997959
181,130,-42.591349289825
181,131,-29.534020396502
181,132,4.591410950285
181,133,-43.465049435254
181,134,-7.795396806920
181,135,-37.745324514639
181,136,-56.569121230794
181,137,-6.960649713292
181,138,-50.699314065918
181,139,-30.504052708202
181,140,2.959384548689
181,141,-26.742295490891
181,142,26.154510113833
181,143,-34.348364715428
181,144,-11.177723079592
181,145,-20.478925954107
181,146,19.328225346537
181,147,-30.474016258449
181,148,-61.117556673569
181,149,-44.577353023655
181,150,-64.766714360740
181,151,-10.133337286286
181,152,-41.059318042884
181,153,-50.313734771356
181,154,21.691344523373
181,155,7.307636300095
181,156,-19.610003222064
181,157,-15.468758969051
181,158,-32.690949940115
181,159,-45.877345987399
181,160,22.886116240632
181,161,13.307750610780
181,162,15.718113066505
181,163,0.667199420641
181,164,-0.588720387561
181,165,-50.485042939799
181,166,4.022777786529
181,167,6.949435461320
181,168,-23.554220326645
181,169,27.174800092354
181,170,-41.364618656444
181,171,-26.813373155564
181,172,-49.984000710472
181,173,2.940558518290
181,174,-27.894269485521
181,175,12.588469865317
181,176,12.130864212377
181,177,-29.180742610784
181,178,-44.858017354578
181,179,-23.877903259228
181,180,1.029737843564
181,181,-45.811713534415
181,182,-24.700499089478
181,183,-46.920692308369
181,184,-51.541096906469
181,185,11.812610545509
181,186,20.097220399781
181,187,22.068175279361
181,188,-40.257182928195
181,189,-6.843899283369
181,190,1.546365881870
181,191,-7.353874256041
181,192,-36.157751865809
181,193,-10.005048764520
181,194,-38.093652685420
181,195,-54.310999287329
181,196,5.390775249150
181,197,4.989487092178
181,198,-5.473139273388
181,199,11.930443252364
182,0,-24.271766895472
182,1,1.544844004005
182,2,-46.727061465142
182,3,-62.494097043702
182,4,-52.988990204249
182,5,-43.710461696603
182,6,-51.985600385466
182,7,-57.097050918142
182,8,30.210188116907
182,9,-45.416812685435
182,10,-22.457644806673
182,11,-21.447833641352
182,12,-43.054052288702
182,13,-65.477813346108
182,14,-17.085012855088
182,15,-50.594641638883
182,16,-50.801077585907
182,17,-41.473511237484
182,18,-51.453933393263
182,19,8.902017352724
182,20,-46.450654939537
182,21,-49.344767687806
182,22,-45.892611544710
182,23,6.436984081338
182,24,-47.257989030608
182,25,-60.764308692851
182,26,3.455110472540
182,27,-10.087990041873
182,28,10.152808166567
182,29,-48.588278033967
182,30,-4.592473183569
182,31,24.442174573043
182,32,-52.453153116214
182,33,-10.554397650820
182,34,-43.391451997173
182,35,-65.154604966592
182,36,-15.828577488224
182,37,-62.383359302316
182,38,-53.419973153286
182,39,-58.962711925473
182,40,-56.349740128513
182,41,-48.208142916868
182,42,-6.060564549502
182,43,4.445589247138
182,44,-52.640510805053
182,45,-10.615191821744
182,46,-5.700467882067
182,47,-51.705589093617
182,48,-16.081334813709
182,49,-12.960538645282
182,50,-59.152099753701
182,51,-0.764345492666
182,52,-54.410514513787
182,53,-21.489572800732
182,54,2.177309620907
182,55,-46.473304302919
182,56,-52.899814402437
182,57,-43.779685861598
182,58,-49.422823030334
182,59,-2.673862614909
182,60,-10.615547556488
182,61,6.991226730221
182,62,-31.644284241396
182,63,17.516505961663
182,64,-7.734323000863
182,65,21.961963824033
182,66,-60.617468247583
182,67,-59.604874792123
182,68,-36.598703144366
182,69,-3.965607853184
182,70,17.184329970216
182,71,0.792509029270
182,72,-3.753114862353
182,73,-41.393101450194
182,74,-45.195661283360
182,75,3.109982052076
182,76,-42.855053514191
182,77,3.308311560795
182,78,-54.634709041144
182,79,-57.985947148918
182,80,-54.778908476750
182,81,-9.474112094853
182,82,-0.627719781885
182,83,13.569532296118
182,84,16.943973812588
182,85,-40.685183368529
182,86,-43.091798355774
182,87,3.016723157889
182,88,-33.964171731219
182,89,-53.696825899649
182,90,23.491645858740
182,91,-45.292115790246
182,92,-50.174221480462
182,93,-49.435309480621
182,94,-17.391601679556
182,95,-48.395509540991
182,96,-15.064212824487
182,97,-29.117334701805
182,98,-50.461301681731
182,99,-13.102590261296
182,100,10.701023559370
182,101,22.771563705850
182,102,-7.447572828416
182,103,7.647469754447
182,104,15.116746618856
182,105,-59.117172825783
182,106,44.666529900482
182,107,-54.768710073440
182,108,-15.349042479756
182,109,-55.773359600207
182,110,-36.031555308691
182,111,-47.120160207880
182,112,-58.728129679643
182,113,-51.600098043862
182,114,-47.691888867164
182,115,11.032301447420
182,116,-4.058749996337
182,117,4.560723413721
182,118,4.660954353334
182,119,-43.811394891825
182,120,-56.654383040128
182,121,1.007621420023
182,122,-29.273625802147
182,123,-46.228368495918
182,124,-22.561892197344
182,125,-48.305330144300
182,126,-55.661358631500
182,127,-44.999529340435
182,128,-41.879325344649
182,129,-50.683676806359
182,130,-46.480902081043
182,131,-33.423604203250
182,132,0.701746079503
182,133,-47.354600151171
182,134,-11.685032252397
182,135,-41.634888816676
182,136,-60.458640821205
182,137,-10.850287141708
182,138,-54.588847598490
182,139,-34.393634210770
182,140,-0.930276445099
182,141,-30.631885929055
182,142,22.264794017021
182,143,-38.237937086386
182,144,-15.067350490383
182,145,-24.368531270331
182,146,15.438525466772
182,147,-34.363597832365
182,148,-65.007065460522
182,149,-48.466901097527
182,150,-68.656214480288
182,151,-14.022967177996
182,152,-44.948874473135
182,153,-54.203269219783
182,154,17.801639029625
182,155,3.417964976710
182,156,-23.499610602354
182,157,-19.358376186632
182,158,-36.580526248006
182,159,-49.766890973420
182,160,18.996407908504
182,161,9.418065033497
182,162,11.828421763094
182,163,-3.222456127936
182,164,-4.478372952646
182,165,-54.374576981325
182,166,0.133114266573
182,167,3.059764988866
182,168,-27.443818337757
182,169,23.285081571637
182,170,-45.254174361515
182,171,-30.702963424890
182,172,-53.873535942097
182,173,-0.949102430779
182,174,-31.783857187307
182,175,8.698785996763
182,176,8.241181430923
182,177,-33.070327256704
182,178,-48.747564761790
182,179,-27.767500501468
182,180,-2.859918566246
182,181,-49.701258676338
182,182,-28.590094377723
182,183,-50.810234816156
182,184,-55.430628439601
182,185,7.922928520107
182,186,16.207518693147
182,187,18.178468890394
182,188,-44.146741263765
182,189,-10.733536989130
182,190,-2.343291755213
182,191,-11.243510750355
182,192,-40.047319938851
182,193,-13.894678960984
182,194,-41.983216160064
182,195,-58.200524241285
182,196,1.501108479424
182,197,1.099821275740
182,198,-9.362780235402
182,199,8.040760947035
183,0,18.832353707701
183,1,44.649644182507
183,2,-3.623531921912
183,3,-19.390982495162
183,4,-9.885625479401
183,5,-0.606852753430
183,6,-8.882209250856
183,7,-13.993794318987
183,8,73.315742908671
183,9,-2.313248655206
183,10,20.646523548567
183,11,21.656361294641
183,12,0.049573931901
183,13,-22.374777328376
183,14,26.019296922015
183,15,-7.491213893387
183,16,-7.697655273943
183,17,1.630156584848
183,18,-8.350528264869
183,19,52.007011203284
183,20,-3.347118121033
183,21,-6.241307044758
183,22,-2.789060037976
183,23,49.541913041365
183,24,-4.154473461866
183,25,-17.661148616367
183,26,46.559960937033
183,27,33.016503918123
183,28,53.257834943601
183,29,-5.484797479527
183,30,38.512165437336
183,31,67.547577517995
183,32,-9.349774287854
183,33,32.550084031820
183,34,-0.287834657312
183,35,-22.051560442109
183,36,27.275765361839
183,37,-19.280241839173
183,38,-10.316619772122
183,39,-15.859504430853
183,40,-13.246463859941
183,41,-5.104652356975
183,42,37.044035425999
183,43,47.550465785163
183,44,-9.537136908053
183,45,32.489288260593
183,46,37.404141572450
183,47,-8.602190588957
183,48,27.023001383051
183,49,30.143879700132
183,50,-16.048897243789
183,51,42.340393898878
183,52,-11.307187204111
183,53,21.614621036584
183,54,45.282126448452
183,55,-3.369768080564
183,56,-9.796447330438
183,57,-0.676078740486
183,58,-6.319364441755
183,59,40.430826510885
183,60,32.488932516484
183,61,50.096170280318
183,62,11.459642301532
183,63,60.621726586578
183,64,35.370232915506
183,65,65.067301476440
183,66,-17.514304306264
183,67,-16.501684199291
183,68,6.505092989748
183,69,39.139047269098
183,70,60.289541850587
183,71,43.897289403314
183,72,39.351545853526
183,73,1.710568488626
183,74,-2.092091432212
183,75,46.214823431364
183,76,0.248577944287
183,77,46.413158160933
183,78,-11.531387632363
183,79,-14.882713945699
183,80,-11.675590863349
183,81,33.630398024434
183,82,42.477023206178
183,83,56.674649017303
183,84,60.049179365589
183,85,2.418505203597
183,86,0.011826871305
183,87,46.121562082226
183,88,9.139693748089
183,89,-10.593479805386
183,90,66.597023780589
183,91,-2.188548477869
183,92,-7.070782669223
183,93,-6.331851220697
183,94,25.712700027267
183,95,-5.292023912734
183,96,28.040150145884
183,97,13.986658355388
183,98,-7.357870426640
183,99,30.001824344879
183,100,53.806064767938
183,101,65.876922671247
183,102,35.656990636206
183,103,50.752430579734
183,104,58.221904070204
183,105,-16.013969396590
183,106,87.772465274531
183,107,-11.665392191615
183,108,27.755312993060
183,109,-12.670068161118
183,110,7.072255753650
183,111,-4.016641011352
183,112,-15.624916010784
183,113,-8.496696762610
183,114,-4.588384719034
183,115,54.137351376754
183,116,39.045902674108
183,117,47.665602982561
183,118,47.765836560669
183,119,-0.707788605330
183,120,-13.551114789843
183,121,44.112407456683
183,122,13.830363141147
183,123,-3.124825826628
183,124,20.542273413848
183,125,-5.201842142451
183,126,-12.558064244506
183,127,-1.895954326894
183,128,1.224331796155
183,129,-7.580251404324
183,130,-3.377366058667
183,131,9.680275504739
183,132,43.806524064312
183,133,-4.251087125311
183,134,31.419419668317
183,135,1.468774757996
183,136,-17.355472699543
183,137,32.254186752158
183,138,-11.485524982614
183,139,8.710219964356
183,140,42.174458578498
183,141,12.472067262133
183,142,65.370139641527
183,143,4.865815900623
183,144,28.037012397399
183,145,18.735586785777
183,146,58.543691388906
183,147,8.740257133366
183,148,-21.904017052846
183,149,-5.363417348352
183,150,-25.553262116802
183,151,29.081423201060
183,152,-1.845298126304
183,153,-11.099936455321
183,154,60.906867160687
183,155,46.522814463380
183,156,19.604530325807
183,157,23.745873749314
183,158,6.523270364552
183,159,-6.663441440964
183,160,62.101667491967
183,161,52.523072468750
183,162,54.933492650016
183,163,39.882218556835
183,164,38.626268671796
183,165,-11.271248725760
183,166,43.237877282751
183,167,46.164605046237
183,168,15.660218769888
183,169,66.390454055603
183,170,-2.150606050483
183,171,12.400987895395
183,172,-10.770194498909
183,173,42.155632097252
183,174,11.320065681801
183,175,51.803774497363
183,176,51.346157885324
183,177,10.033561750162
183,178,-5.644088399909
183,179,15.336528086176
183,180,40.244765661861
183,181,-6.597807416387
183,182,14.513912557522
183,183,-7.706812745215
183,184,-12.327327979714
183,185,51.027896596686
183,186,59.312704858974
183,187,61.283706941518
183,188,-1.043143803945
183,189,32.370939977976
183,190,40.761406072445
183,191,31.860952792609
183,192,3.056385422671
183,193,29.209714795004
183,194,1.120438246209
183,195,-15.097296685773
183,196,44.605907506630
183,197,44.204609739470
183,198,33.741732814502
183,199,51.145732125486
184,0,-24.276543527652
184,1,1.540067296512
184,2,-46.731838031817
184,3,-62.498873564386
184,4,-52.993766752654
184,5,-43.715238272074
184,6,-51.990376936796
184,7,-57.101827454564
184,8,30.205411325784
184,9,-45.421589255930
184,10,-22.462421444143
184,11,-21.452610281769
184,12,-43.058828866087
184,13,-65.482589858082
184,14,-17.089789508231
184,15,-50.599418194273
184,16,-50.805854140701
184,17,-41.478287819482
184,18,-51.458709946142
184,19,8.897240623774
184,20,-46.455431507020
184,21,-49.349544246841
184,22,-45.897388113815
184,23,6.432207359576
184,24,-47.262765595733
184,25,-60.769085218577
184,26,3.450333759472
184,27,-10.092766715432
184,28,10.148031433964
184,29,-48.593054595214
184,30,-4.597249873157
184,31,24.437397798749
184,32,-52.457929666183
184,33,-10.559174323011
184,34,-43.396228573576
184,35,-65.159381479512
184,36,-15.833354145034
184,37,-62.388135823319
184,38,-53.424749700440
184,39,-58.967488456459
184,40,-56.354516667117
184,41,-48.212919479229
184,42,-6.065341234804
184,43,4.440812531182
184,44,-52.645287354477
184,45,-10.619968493767
184,46,-5.705244568424
184,47,-51.710365645769
184,48,-16.086111469784
184,49,-12.965315310459
184,50,-59.156876284134
184,51,-0.769122193422
184,52,-54.415291058045
184,53,-21.494349441025
184,54,2.172532911565
184,55,-46.478080870336
184,56,-52.904590951104
184,57,-43.784462436866
184,58,-49.427599589144
184,59,-2.678639310092
184,60,-10.620324228505
184,61,6.986450006836
184,62,-31.649060852069
184,63,17.511729207574
184,64,-7.739099681290
184,65,21.957187056978
184,66,-60.622244773738
184,67,-59.609651321232
184,68,-36.603479740588
184,69,-3.970384544598
184,70,17.179553217095
184,71,0.787732323966
184,72,-3.757891554385
184,73,-41.397878032425
184,74,-45.200437854503
184,75,3.105205340013
184,76,-42.859830092159
184,77,3.303534848157
184,78,-54.639485584754
184,79,-57.990723682749
184,80,-54.783685019931
184,81,-9.478888770194
184,82,-0.632496483035
184,83,13.564755553547
184,84,16.939197060172
184,85,-40.689959952826
184,86,-43.096574933057
184,87,3.011946446110
184,88,-33.968948335125
184,89,-53.701602445995
184,90,23.486869087217
184,91,-45.296892361104
184,92,-50.178998037081
184,93,-49.440086039394
184,94,-17.396378331803
184,95,-48.400286102798
184,96,-15.068989483523
184,97,-29.122111319848
184,98,-50.466078237507
184,99,-13.107366926059
184,100,10.696246825166
184,101,22.766786936430
184,102,-7.452349509673
184,103,7.642693029149
184,104,15.111969871774
184,105,-59.121949356319
184,106,44.661753067179
184,107,-54.773486616657
184,108,-15.353819137963
184,109,-55.778136140492
184,110,-36.036331906565
184,111,-47.124936773405
184,112,-58.732906211306
184,113,-51.604874596320
184,114,-47.696665431024
184,115,11.027524712248
184,116,-4.063526687481
184,117,4.555946697430
184,118,4.656177636745
184,119,-43.816171467006
184,120,-56.659159577845
184,121,1.002844714101
184,122,-29.278402419732
184,123,-46.233145064049
184,124,-22.566668834508
184,125,-48.310106706369
184,126,-55.666135172112
184,127,-45.004305912145
184,128,-41.884101925469
184,129,-50.688453361494
184,130,-46.485678648431
184,131,-33.428380808735
184,132,0.696969374469
184,133,-47.359376716013
184,134,-11.689808921292
184,135,-41.639665398201
184,136,-60.463417347826
184,137,-10.855063813040
184,138,-54.593624142231
184,139,-34.398410813417
184,140,-0.935053145375
184,141,-30.636662542682
184,142,22.260017249078
184,143,-38.242713677821
184,144,-15.072127149411
184,145,-24.373307902228
184,146,15.433748718744
184,147,-34.368374435107
184,148,-65.011841973872
184,149,-48.471677659123
184,150,-68.660990982993
184,151,-14.027743840074
184,152,-44.953651044998
184,153,-54.208045764644
184,154,17.796862274707
184,155,3.413188263752
184,156,-23.504387236782
184,157,-19.363152833146
184,158,-36.585302844280
184,159,-49.771667531233
184,160,18.991631150100
184,161,9.413288303032
184,162,11.823645025601
184,163,-3.227232821519
184,164,-4.483149642561
184,165,-54.379353525692
184,166,0.128337563205
184,167,3.054988276956
184,168,-27.448594960682
184,169,23.280304800719
184,170,-45.258950932483
184,171,-30.707740038313
184,172,-53.878312487919
184,173,-0.953879130997
184,174,-31.788633797572
184,175,8.694009268402
184,176,8.236404703894
184,177,-33.075103863215
184,178,-48.752341322572
184,179,-27.772277123448
184,180,-2.864695260883
184,181,-49.706035234332
184,182,-28.594870997302
184,183,-50.815011370920
184,184,-55.435404980890
184,185,7.918151794009
184,186,16.202741942878
184,187,18.173692134369
184,188,-44.151517837963
184,189,-10.738313660804
184,190,-2.348068451363
184,191,-11.248287420538
184,192,-40.052096525011
184,193,-13.899455623432
184,194,-41.987992740571
184,195,-58.205300774491
184,196,1.496331772061
184,197,1.095044569549
184,198,-9.367556911071
184,199,8.035984220594
185,0,22.487283731760
185,1,48.304631824896
185,2,0.031347988661
185,3,-15.736137770247
185,4,-6.230759543090
185,5,3.048033889121
185,6,-5.227341075370
185,7,-10.338937550194
185,8,76.970794531546
185,9,1.341634179371
185,10,24.301457621317
185,11,25.311297621061
185,12,3.704462039343
185,13,-18.719939261755
185,14,29.674242985326
185,15,-3.836342613817
185,16,-4.042784455058
185,17,5.285048219521
185,18,-4.695658902907
185,19,55.662015266309
185,20,0.307762406381
185,21,-2.586432975942
185,22,0.865821734791
185,23,53.196911602594
185,24,-0.499594736131
185,25,-14.006300031331
185,26,50.214952842958
185,27,36.671465597530
185,28,56.912841798323
185,29,-1.829921722514
185,30,42.167139381934
185,31,71.202616266411
185,32,-5.694907155761
185,33,36.205044670278
185,34,3.367052697162
185,35,-18.396721654237
185,36,30.930714229275
185,37,-15.625396867137
185,38,-6.661754797591
185,39,-12.204651825428
185,40,-9.591605423462
185,41,-1.449775751636
185,42,40.699006094015
185,43,51.205459901750
185,44,-5.882270194066
185,45,36.144248763369
185,46,41.059113044153
185,47,-4.947321788597
185,48,30.677949686382
185,49,33.798834968497
185,50,-12.394045060995
185,51,45.995376387393
185,52,-7.652324440074
185,53,25.269557269858
185,54,48.937115502442
185,55,0.285112396297
185,56,-6.141581195123
185,57,2.978807747590
185,58,-2.664490547133
185,59,44.085804737580
185,60,36.143893018467
185,61,53.751170078576
185,62,15.114555872038
185,63,64.276749876844
185,64,39.025199847936
185,65,68.722334688973
185,66,-13.859455393540
185,67,-12.846833026902
185,68,10.159995503440
185,69,42.794022612776
185,70,63.944564399448
185,71,47.552275366565
185,72,43.006521671465
185,73,5.365460302746
185,74,1.562791895900
185,75,49.869814566991
185,76,3.903466495824
185,77,50.068149739214
185,78,-7.876525368636
185,79,-11.227859160550
185,80,-8.020728921416
185,81,37.285361073918
185,82,46.132005999629
185,83,60.329663498014
185,84,63.704201377972
185,85,6.073398597553
185,86,3.666714894505
185,87,49.776553009709
185,88,12.794602141272
185,89,-6.938615448678
185,90,70.252060407402
185,91,1.466334634984
185,92,-3.415910451440
185,93,-2.676977353934
185,94,29.367645406332
185,95,-1.637147725531
185,96,31.695100719233
185,97,17.641577565359
185,98,-3.702998849505
185,99,33.656779296209
185,100,57.461072846250
185,101,69.531957690822
185,102,39.311958208622
185,103,54.407431842686
185,104,61.876922004252
185,105,-12.359117135857
185,106,91.427549165368
185,107,-8.010530226929
185,108,31.410262930724
185,109,-9.015208438403
185,110,10.727159533039
185,111,-0.361761978034
185,112,-11.970062881875
185,113,-4.841827726836
185,114,-0.933506961606
185,115,57.792360194457
185,116,42.700877809904
185,117,51.320597356120
185,118,51.420831157935
185,119,2.947097811979
185,120,-9.896257033201
185,121,47.767393900045
185,122,17.485282002315
185,123,0.530055196847
185,124,24.197207253943
185,125,-1.546965754002
185,126,-8.903204271846
185,127,1.758929438918
185,128,4.879222525182
185,129,-3.925380323453
185,130,0.277514401241
185,131,13.335185104304
185,132,47.461509824985
185,133,-0.596208615178
185,134,35.074377783392
185,135,5.123666032530
185,136,-13.700623432385
185,137,35.909146730242
185,138,-7.830662616543
185,139,12.365127399091
185,140,45.829440696674
185,141,16.126983092028
185,142,69.025173529983
185,143,8.520714756050
185,144,31.691962963741
185,145,22.390516593878
185,146,62.198710041157
185,147,12.395164635134
185,148,-18.249177935730
185,149,-1.708541320470
185,150,-21.898431142879
185,151,32.736376098277
185,152,1.809585752548
185,153,-7.445073228795
185,154,64.561891087367
185,155,50.177806286403
185,156,23.259462073132
185,157,27.400814738954
185,158,10.178172918801
185,159,-3.008568314173
185,160,65.756694085365
185,161,56.178077683566
185,162,58.588503244624
185,163,43.537195559140
185,164,42.281242871046
185,165,-7.616385881520
185,166,46.892861774300
185,167,49.819596069785
185,168,19.315141714709
185,169,70.045490221361
185,170,1.504277147040
185,171,16.055903566667
185,172,-7.115330536551
185,173,45.810614173410
185,174,14.974978940823
185,175,55.458778106789
185,176,55.001160473403
185,177,13.688472138143
185,178,-1.989212998364
185,179,18.991450308618
185,180,43.899743473303
185,181,-2.942934143124
185,182,18.168832944153
185,183,-4.051941946767
185,184,-8.672467492157
185,185,54.682898474442
185,186,62.967725227601
185,187,64.938731709284
185,188,2.611741864981
185,189,36.025900216628
185,190,44.416385036937
185,191,35.515911893090
185,192,6.711280240139
185,193,32.864667978538
185,194,4.775328743388
185,195,-11.442442379470
185,196,48.260895051404
185,197,47.859596388611
185,198,37.396696112461
185,199,54.800734266239
186,0,31.394521172020
186,1,57.212009680523
186,2,8.938463302795
186,3,-6.829108203237
186,4,2.676321715902
186,5,11.955165609055
186,6,3.679745640460
186,7,-1.431878632371
186,8,85.878328307052
186,9,10.248756619287
186,10,33.208704928220
186,11,34.218550420133
186,12,12.611597329167
186,13,-9.812925920960
186,14,38.581519513129
186,15,5.070751666644
186,16,4.864308702716
186,17,14.192192105191
186,18,4.211430704359
186,19,64.569433138895
186,20,9.214879223749
186,21,6.320668101886
186,22,9.772941587071
186,23,62.104316067351
186,24,8.407517690568
186,25,-5.099261057236
186,26,59.122341088791
186,27,45.578780181611
186,28,65.820266474242
186,29,7.077183469446
186,30,51.074483856173
186,31,80.110118666991
186,32,3.212177017333
186,33,45.112356717582
186,34,12.274186152034
186,35,-9.489706555760
186,36,39.837997590679
186,37,-6.718366697911
186,38,2.245324117539
186,39,-3.297603053696
186,40,-0.684542441501
186,41,7.457331507670
186,42,49.606342583254
186,43,60.112853534956
186,44,3.024812960095
186,45,45.051560480017
186,46,49.966451491971
186,47,3.959766450062
186,48,39.585231673067
186,49,42.706133928921
186,50,-3.486997319218
186,51,54.902741683087
186,52,1.254749088112
186,53,34.176809841912
186,54,57.844496798134
186,55,9.192229090491
186,56,2.765500548849
186,57,11.885939091037
186,58,6.242610106194
186,59,52.993159647252
186,60,45.051204733179
186,61,62.658577557966
186,62,24.021753215136
186,63,73.184214606052
186,64,47.932527233585
186,65,77.629823598661
186,66,-4.952415620886
186,67,-3.939787747455
186,68,19.067165901171
186,69,51.701370496572
186,70,72.852027321831
186,71,56.459649130156
186,72,51.913870711011
186,73,14.272604625730
186,74,10.469915538546
186,75,58.777200935619
186,76,12.810602867918
186,77,58.975537186590
186,78,1.030546940296
186,79,-2.320805076844
186,80,0.886342603299
186,81,46.192678996864
186,82,55.039372038438
186,83,69.237106758395
186,84,72.611662992982
186,85,14.980546770596
186,86,12.573849979053
186,87,58.683938871094
186,88,21.701786867263
186,89,1.968461960823
186,90,79.159557637657
186,91,10.373457753063
186,92,5.491186115447
186,93,6.230123231486
186,94,38.274920266631
186,95,7.269958514793
186,96,40.602388237945
186,97,26.548788651780
186,98,5.204096156114
186,99,42.564077484029
186,100,66.368500504053
186,101,78.439451004255
186,102,48.219287153901
186,103,63.314842891516
186,104,70.784373680392
186,105,-3.452069204133
186,106,100.335161577634
186,107,0.896541353257
186,108,40.317548900275
186,109,-0.108142321871
186,110,19.634333015281
186,111,8.545351198234
186,112,-3.063012834406
186,113,4.065261085525
186,114,7.973603105333
186,115,66.699789654165
186,116,51.608225187090
186,117,60.227991615553
186,118,60.328225962548
186,119,11.854228982978
186,120,-0.989195707996
186,121,56.674768833655
186,122,26.392492238716
186,123,9.437173223123
186,124,33.104453993859
186,125,7.360140976765
186,126,0.003862453785
186,127,10.666054148227
186,128,13.786364203814
186,129,4.981713472800
186,130,9.184631054115
186,131,22.242372770263
186,132,56.368883094903
186,133,8.310903286096
186,134,43.981683681224
186,135,14.030809040538
186,136,-4.793582795981
186,137,44.816457168214
186,138,1.076409941801
186,139,21.272309789398
186,140,54.736805089859
186,141,25.034185941251
186,142,77.932664086882
186,143,17.427876238638
186,144,40.599250465391
186,145,31.297753507853
186,146,71.106163467557
186,147,21.302347188794
186,148,-9.342162034896
186,149,7.198564531594
186,150,-12.991435086908
186,151,41.643669280231
186,152,10.716710737346
186,153,1.462001426466
186,154,73.469357367510
186,155,59.085194330197
186,156,32.166703712988
186,157,36.308078902235
186,158,19.085343415398
186,159,5.898530467959
186,160,74.664166864270
186,161,65.085498363049
186,162,67.495937034633
186,163,52.444547484971
186,164,51.188587965880
186,165,1.290687842105
186,166,55.800231951369
186,167,58.726982165281
186,168,28.222361902932
186,169,78.952986328019
186,170,10.411400471465
186,171,24.963106029325
186,172,1.791745911927
186,173,54.717978464192
186,174,23.882175524828
186,175,64.366194873954
186,176,63.908574751556
186,177,22.595661725456
186,178,6.917891327328
186,179,27.898668736423
186,180,52.807097371006
186,181,5.964164995945
186,182,27.076046898088
186,183,4.855151161202
186,184,0.234600488264
186,185,63.590311021551
186,186,71.875182836797
186,187,73.846200039130
186,188,11.518871212196
186,189,44.933211289601
186,190,53.323741744607
186,191,44.423220192330
186,192,15.618431882242
186,193,41.771961858241
186,194,13.682469857005
186,195,-2.535389462711
186,196,57.168272669151
186,197,56.766971823701
186,198,46.304014640940
186,199,63.708147454257
187,0,-41.915356090321
187,1,-16.099023388902
187,2,-64.370408697527
187,3,-80.137274389519
187,4,-70.632269964852
187,5,-61.353841432974
187,6,-69.628890957443
187,7,-74.740286415283
187,8,12.566011807627
187,9,-63.060174035767
187,10,-40.101253549808
187,11,-39.091453265864
187,12,-60.697439097938
187,13,-83.120958543732
187,14,-34.728679492153
187,15,-68.237947198279
187,16,-68.444380920977
187,17,-59.116915077240
187,18,-69.097229693885
187,19,-8.741929323798
187,20,-64.094005150204
187,21,-66.988086714489
187,22,-63.535967768301
187,23,-11.206936030918
187,24,-64.901330542249
187,25,-78.407504676463
187,26,-14.188777505973
187,27,-27.731732077977
187,28,-7.491151989081
187,29,-66.231605211782
187,30,-22.236274439572
187,31,6.798060425368
187,32,-70.096438650377
187,33,-28.198134660932
187,34,-61.034835170896
187,35,-82.797753646628
187,36,-33.472257664384
187,37,-80.026537841288
187,38,-71.063248270126
187,39,-76.605927320677
187,40,-73.992983677737
187,41,-65.851474190626
187,42,-23.704349985215
187,43,-13.198309405096
187,44,-70.283794320472
187,45,-28.258928176743
187,46,-23.344257198209
187,47,-69.348882682687
187,48,-33.725012266201
187,49,-30.604249727010
187,50,-76.795313108305
187,51,-18.408188001187
187,52,-72.053778957721
187,53,-39.133191975474
187,54,-15.466564587630
187,55,-64.116654269536
187,56,-70.543095123896
187,57,-61.423064852068
187,58,-67.066141215975
187,59,-20.317684546120
187,60,-28.259283907653
187,61,-10.652699354781
187,62,-49.287793993724
187,63,-0.127533549581
187,64,-25.378090400074
187,65,4.317876405199
187,66,-78.260665813352
187,67,-77.248083268227
187,68,-54.242159511174
187,69,-21.609415864361
187,70,-0.459705961272
187,71,-16.851350256278
187,72,-21.396925163383
187,73,-59.036506156379
187,74,-62.839025016612
187,75,-14.533902207222
187,76,-60.498442467659
187,77,-14.335574835764
187,78,-72.277971069430
187,79,-75.629173068453
187,80,-72.422168951314
187,81,-27.117860746082
187,82,-18.271563762712
187,83,-4.074464680001
187,84,-0.700059528652
187,85,-58.328595702638
187,86,-60.735184758298
187,87,-14.627160096417
187,88,-51.607656485903
187,89,-71.340098033448
187,90,5.847541954783
187,91,-62.935478484193
187,92,-67.817531569846
187,93,-67.078627531722
187,94,-35.035265012892
187,95,-66.038838795881
187,96,-32.707901237307
187,97,-46.760871683102
187,98,-68.104608677852
187,99,-30.746299812286
187,100,-6.942942504123
187,101,5.127467562103
187,102,-25.091343317654
187,103,-9.996463402509
187,104,-2.527267030993
187,105,-76.760386556722
187,106,27.022197792066
187,107,-72.411970657893
187,108,-32.992727823301
187,109,-73.416609359789
187,110,-53.675017786678
187,111,-64.763503204624
187,112,-76.371347602391
187,113,-69.243392769582
187,114,-65.335225703544
187,115,-6.611668186102
187,116,-21.702557003802
187,117,-13.083176479246
187,118,-12.982946619755
187,119,-61.454773540630
187,120,-74.297623306906
187,121,-16.636240183630
187,122,-46.917161099336
187,123,-63.871721101721
187,124,-40.205499817152
187,125,-65.948660370872
187,126,-73.304609597864
187,127,-62.642895187018
187,128,-59.522724811708
187,129,-68.326981406412
187,130,-64.124251965790
187,131,-51.067094782738
187,132,-16.942112227960
187,133,-64.997940621826
187,134,-29.328757078860
187,135,-59.278290917566
187,136,-78.101840098279
187,137,-28.494020963335
187,138,-72.232110120931
187,139,-52.037114337851
187,140,-18.574117165517
187,141,-48.275406590386
187,142,4.620703334636
187,143,-55.881375790043
187,144,-32.711038869391
187,145,-42.012119422492
187,146,-2.205491650770
187,147,-52.007078283103
187,148,-82.650215730231
187,149,-66.110229583173
187,150,-86.299325432337
187,151,-31.666666811128
187,152,-62.592240865524
187,153,-71.846535896751
187,154,0.157596445591
187,155,-14.225922601509
187,156,-41.143208117654
187,157,-37.002018326501
187,158,-54.223982810676
187,159,-67.410205451757
187,160,1.352352448783
187,161,-8.225887204200
187,162,-5.815556449837
187,163,-20.866272147417
187,164,-22.122175438206
187,165,-72.017841812485
187,166,-17.510737913173
187,167,-14.584118729275
187,168,-45.087373352013
187,169,5.640979893789
187,170,-62.897537464283
187,171,-48.346483320332
187,172,-71.516806171872
187,173,-18.592942948322
187,174,-49.427365435673
187,175,-8.945158489638
187,176,-9.402758124132
187,177,-50.713821642879
187,178,-66.390890223302
187,179,-45.411052027877
187,180,-20.503738492487
187,181,-67.344573861854
187,182,-46.233637040277
187,183,-68.453538052563
187,184,-73.073881892029
187,185,-9.721007605309
187,186,-1.436506711565
187,187,0.534422245371
187,188,-61.790116299191
187,189,-28.377272068850
187,190,-19.987117248711
187,191,-28.887240334625
187,192,-57.690739146048
187,193,-31.538379976526
187,194,-59.626614507681
187,195,-75.843747848819
187,196,-16.142758442176
187,197,-16.544041321482
187,198,-27.006530086350
187,199,-9.603176448196
188,0,-28.712403093392
188,1,-2.895862210644
188,2,-51.167636766084
188,3,-66.934629587689
188,4,-57.429548523927
188,5,-48.151045178129
188,6,-56.426161426149
188,7,-61.537598097617
188,8,25.769404154351
188,9,-49.857391539568
188,10,-26.898285924493
188,11,-25.888477497792
188,12,-47.494637550320
188,13,-69.918337799048
188,14,-21.525668543618
188,15,-55.035206451590
188,16,-55.241641838795
188,17,-45.914100785340
188,18,-55.894495875720
188,19,4.461291184016
188,20,-50.891230990055
188,21,-53.785335889952
188,22,-50.333189108555
188,23,1.996264598311
188,24,-51.698562891761
188,25,-65.204845927583
188,26,-0.985600923093
188,27,-14.528664706799
188,28,5.712078605437
188,29,-53.028848287584
188,30,-9.033162752930
188,31,20.001406255287
188,32,-56.893712888981
188,33,-14.995071050798
188,34,-47.832036343811
188,35,-69.595130295987
188,36,-20.269236584274
188,37,-66.823892146589
188,38,-57.860530304228
188,39,-63.403254045705
188,40,-60.790289334538
188,41,-52.648714201358
188,42,-10.501250137211
188,43,0.004875165156
188,44,-57.081070069748
188,45,-15.055865056849
188,46,-10.141154446406
188,47,-56.146150893641
188,48,-20.521993224262
188,49,-17.401205519622
188,50,-63.592641360359
188,51,-5.205045444432
188,52,-58.851068978576
188,53,-25.930216543973
188,54,-2.263398309100
188,55,-50.913880292013
188,56,-57.340372963947
188,57,-48.220269155398
188,58,-53.863391020808
188,59,-7.114557387787
188,60,-15.056220790633
188,61,2.550505743973
188,62,-36.084900445268
188,63,13.075756428363
188,64,-12.175004049161
188,65,17.521202233380
188,66,-65.058005880514
188,67,-64.045415170956
188,68,-41.039305912200
188,69,-8.406299122675
188,70,12.743581337869
188,71,-3.648195144931
188,72,-8.193806708150
188,73,-45.833691216110
188,74,-49.636240737236
188,75,-1.330728407505
188,76,-47.295639315467
188,77,-1.132399436690
188,78,-59.075262897968
188,79,-62.426491917904
188,80,-59.219461942528
188,81,-13.914788424663
188,82,-5.068420104195
188,83,9.128793468037
188,84,12.503225832152
188,85,-45.125775054235
188,86,-47.532383515034
188,87,-1.423987048751
188,88,-38.404781643694
188,89,-58.137382299821
188,90,19.050880119117
188,91,-49.732694982544
188,92,-54.614787433275
188,93,-53.875877437233
188,94,-21.832256536611
188,95,-52.836080317364
188,96,-19.504873993530
188,97,-33.557957758647
188,98,-54.901866856031
188,99,-17.543256750381
188,100,6.260292511353
188,101,18.330799919313
188,102,-11.888254654405
188,103,3.206746988333
188,104,10.676003594337
188,105,-63.557714527153
188,106,40.225706726487
188,107,-59.209263566881
188,108,-19.789702876333
188,109,-60.213910369246
188,110,-40.472159614583
188,111,-51.560734442792
188,112,-63.168672436004
188,113,-56.040660129955
188,114,-52.132461551650
188,115,6.591569500903
188,116,-8.499441013213
188,117,0.120009019469
188,118,0.220239687238
188,119,-48.251978099637
188,120,-61.094931420026
188,121,-3.433083337593
188,122,-33.714248435135
188,123,-50.668945149242
188,124,-27.002533032450
188,125,-52.745901165232
188,126,-60.101909704259
188,127,-49.440109326184
188,128,-46.319913791987
188,129,-55.124241377620
188,130,-50.921478049531
188,131,-37.864215581714
188,132,-3.738957848531
188,133,-51.795173750324
188,134,-16.125702586010
188,135,-46.075477926890
188,136,-64.899178884836
188,137,-15.290959739221
188,138,-59.029401579683
188,139,-38.834242958575
188,140,-5.370975946833
188,141,-35.072504878495
188,142,17.824031604992
188,143,-42.678535408770
188,144,-19.508011650920
188,145,-28.809167205829
188,146,10.997781569502
188,147,-38.804206661633
188,148,-69.447591190008
188,149,-52.907471680301
188,150,-73.096730314326
188,151,-18.463631170962
188,152,-49.389454596254
188,153,-58.643824246581
188,154,13.360888722964
188,155,-1.022746318173
188,156,-27.940248894360
188,157,-23.799025709726
188,158,-41.021129065135
188,159,-54.207458030847
188,160,14.555654361298
188,161,4.977337465156
188,162,7.387687657319
188,163,-7.663149412954
188,164,-8.919062831454
188,165,-58.815131543568
188,166,-4.307588119242
188,167,-1.380945334517
188,168,-31.884445933123
188,169,18.844316392286
188,170,-49.694753656702
188,171,-35.143582181576
188,172,-58.314091863060
188,173,-5.389801881458
188,174,-36.224473012662
188,175,4.258060379259
188,176,3.800457054538
188,177,-37.510939593230
188,178,-53.188134583455
188,179,-32.208127219012
188,180,-7.300612834515
188,181,-54.141825911742
188,182,-33.030718864422
188,183,-55.250799044217
188,184,-59.871180138056
188,185,3.482205006891
188,186,11.766772710165
188,187,13.737717561664
188,188,-48.587323562162
188,189,-15.174209903278
188,190,-6.783987424649
188,191,-15.684182281409
188,192,-44.487913354373
188,193,-18.335343301878
188,194,-46.423804325656
188,195,-62.641068428391
188,196,-2.939597616612
188,197,-3.340883731937
188,198,-13.803456867157
188,199,3.600037114236
189,0,-21.418787156763
189,1,4.397868725828
189,2,-43.874120850458
189,3,-59.641183898748
189,4,-50.136060499382
189,5,-40.857515826196
189,6,-49.132668932456
189,7,-54.244128370432
189,8,33.063262788826
189,9,-42.563869787948
189,10,-19.604661907113
189,11,-18.594848982335
189,12,-40.201105274646
189,13,-62.624905399338
189,14,-14.232020594398
189,15,-47.741707762492
189,16,-47.948144069174
189,17,-38.620561469688
189,18,-48.601001013958
189,19,11.755054894282
189,20,-43.597713843279
189,21,-46.491831633823
189,22,-43.039669476195
189,23,9.290017327592
189,24,-44.405049340938
189,25,-57.911392534268
189,26,6.308138522938
189,27,-7.234985589566
189,28,13.005847887624
189,29,-45.735340661995
189,30,-1.739459155731
189,31,27.295239193772
189,32,-49.600222477791
189,33,-7.701394011186
189,34,-40.538505570963
189,35,-62.301696456736
189,36,-12.975583038336
189,37,-59.530445964432
189,38,-50.567044199292
189,39,-56.109792628144
189,40,-53.496816278828
189,41,-45.355204882610
189,42,-3.207553079716
189,43,7.298619023422
189,44,-49.787580493052
189,45,-7.762188288041
189,46,-2.847455784831
189,47,-48.852657152762
189,48,-13.228340804220
189,49,-10.107539198129
189,50,-56.299180786322
189,51,2.088675205487
189,52,-51.557587285541
189,53,-18.636588214438
189,54,5.030335444775
189,55,-43.620363246118
189,56,-50.046884542207
189,57,-40.926740111798
189,58,-46.569887112346
189,59,0.179154755999
189,60,-7.762544023404
189,61,9.844260942235
189,62,-28.791317348114
189,63,20.369558514081
189,64,-4.881314447484
189,65,24.815024122858
189,66,-57.764551833177
189,67,-56.751956613574
189,68,-33.745744883236
189,69,-1.112592733065
189,70,20.037381943810
189,71,3.645532440176
189,72,-0.900099371975
189,73,-38.540151542300
189,74,-42.342718000575
189,75,5.963009501094
189,76,-40.002106153428
189,77,6.161339355400
189,78,-51.781782203492
189,79,-55.133026149852
189,80,-51.925981890323
189,81,-6.621106572915
189,82,2.225301154336
189,83,16.422577970843
189,84,19.797025367356
189,85,-37.832232227243
189,86,-40.238851407492
189,87,5.869750444414
189,88,-31.111208879920
189,89,-50.843897428000
189,90,26.344708823111
189,91,-42.439172675506
189,92,-47.321286871593
189,93,-46.582373584388
189,94,-14.538609953059
189,95,-45.542571833168
189,96,-12.211217042772
189,97,-26.264363405746
189,98,-47.608367573026
189,99,-10.249591061656
189,100,13.554064235686
189,101,25.624625415439
189,102,-4.594563775390
189,103,10.500505109958
189,104,17.969794989636
189,105,-56.264253797555
189,106,47.519629764276
189,107,-51.915783469252
189,108,-12.496047194334
189,109,-52.920434746346
189,110,-33.178596059413
189,111,-44.267220278067
189,112,-55.875209973616
189,113,-48.747165919216
189,114,-44.838949933452
189,115,13.885342700989
189,116,-1.205735038515
189,117,7.413753390625
189,118,7.513984504883
189,119,-40.958449197271
189,120,-53.801459721202
189,121,3.860645205757
189,122,-26.420654778398
189,123,-43.375427012375
189,124,-19.708909479421
189,125,-45.452392279360
189,126,-52.808433582497
189,127,-42.146585715927
189,128,-39.026376283895
189,129,-47.830743085084
189,130,-43.627961037477
189,131,-30.570640410115
189,132,3.554769332259
189,133,-44.501660629816
189,134,-8.832030582795
189,135,-38.781939330045
189,136,-57.605724130088
189,137,-7.997284017642
189,138,-51.735920680941
189,139,-31.540672107731
189,140,1.922743963922
189,141,-27.778917271848
189,142,25.117854843535
189,143,-35.384981681287
189,144,-12.214354714139
189,145,-21.515551700228
189,146,18.291574398252
189,147,-31.510635676997
189,148,-62.154156693628
189,149,-45.613963514086
189,150,-65.803312070842
189,151,-11.169969582021
189,152,-42.095930760377
189,153,-51.350341630467
189,154,20.654692078904
189,155,6.270992962382
189,156,-20.646629518276
189,157,-16.505387887002
189,158,-33.727567955204
189,159,-46.913955654883
189,160,21.849463039704
189,161,12.271103474261
189,162,14.681464403911
189,163,-0.369439712915
189,164,-1.625358725985
189,165,-51.521649690469
189,166,2.986136528511
189,167,5.912792350391
189,168,-24.590844125873
189,169,26.138144176068
189,170,-42.401231180673
189,171,-27.849994891527
189,172,-51.020607778308
189,173,1.903917945441
189,174,-28.930890537209
189,175,11.551823184185
189,176,11.094217820966
189,177,-30.217362848052
189,178,-45.894627667338
189,179,-24.914526853543
189,180,-0.006901519526
189,181,-46.848323243452
189,182,-25.737122163031
189,183,-47.957301315379
189,184,-52.577702988623
189,185,10.775964355598
189,186,19.060568964618
189,187,21.031522596306
189,188,-41.293796153477
189,189,-7.880533661635
189,190,0.509726191704
189,191,-8.390508311444
189,192,-37.194367686228
189,193,-11.041681141476
189,194,-39.130267280314
189,195,-55.347603616065
189,196,4.354133125038
189,197,3.952845222128
189,198,-6.509774519480
189,199,10.893796987853
190,0,30.523425905652
190,1,56.340900682255
190,2,8.067379979744
190,3,-7.700183140660
190,4,1.805241723276
190,5,11.084080681598
190,6,2.808665114178
190,7,-2.302956440151
190,8,85.007204060610
190,9,9.377672599374
190,10,32.337608696944
190,11,33.347453651761
190,12,11.740512052595
190,13,-10.683999271540
190,14,37.710420424199
190,15,4.199670400580
190,16,3.993227546438
190,17,13.321105987990
190,18,3.340349895305
190,19,63.698320227166
190,20,8.343795753688
190,21,5.449586171075
190,22,8.901857820216
190,23,61.233204466836
190,24,7.536434649890
190,25,-5.970336914623
190,26,58.251231074413
190,27,44.707677370978
190,28,64.949152897185
190,29,6.206101136297
190,30,50.203378122431
190,31,79.238997488857
190,32,2.341096739714
190,33,44.241254155029
190,34,11.403101054908
190,35,-10.360780078234
190,36,38.966897833459
190,37,-7.589441694217
190,38,1.374244354127
190,39,-4.168679869239
190,40,-1.555620646730
190,41,6.586248972344
190,42,48.735237630404
190,43,59.241742993720
190,44,2.153732782128
190,45,44.180457949798
190,46,49.095346347582
190,47,3.088685774856
190,48,38.714132050292
190,49,41.835032646195
190,50,-4.358074034033
190,51,54.031633913117
190,52,0.383669851515
190,53,33.305713095739
190,54,56.973387463440
190,55,8.321145632479
190,56,1.894420508790
190,57,11.014854200403
190,58,5.371528216892
190,59,52.122052892977
190,60,44.180102203150
190,61,61.787465662645
190,62,23.150661870073
190,63,72.313097111990
190,64,47.061423171021
190,65,76.758703739870
190,66,-5.823491556366
190,67,-4.810864221465
190,68,18.196077191227
190,69,50.830264429387
190,70,71.980910004466
190,71,55.588540532059
190,72,51.042764530808
190,73,13.401518465762
190,74,9.598831401010
190,75,57.906091104822
190,76,11.939517485502
190,77,58.104427250291
190,78,0.159467822938
190,79,-3.191882411877
190,80,0.015263562629
190,81,45.321575859707
190,82,54.168264195796
190,83,68.365991363877
190,84,71.740545803470
190,85,14.109460234111
190,86,11.702764722555
190,87,57.812829089897
190,88,20.830696756086
190,89,1.097382344655
190,90,78.288436965151
190,91,9.502373666830
190,92,4.620104625785
190,93,5.359041348827
190,94,37.403821340784
190,95,6.398876079118
190,96,39.731288074167
190,97,25.677695962688
190,98,4.333014819131
190,99,41.692976276863
190,100,65.497386635383
190,101,77.568330714792
190,102,47.348182938811
190,103,62.443730647115
190,104,69.913257462846
190,105,-4.323145937531
190,106,99.464029640920
190,107,0.025462307160
190,108,39.446448887997
190,109,-0.979220833651
190,110,18.763244003683
190,111,7.674268084258
190,112,-3.934089774710
190,113,3.194180354214
190,114,7.102520295433
190,115,65.828675609278
190,116,50.737119169455
190,117,59.356881013075
190,118,59.457115306752
190,119,10.983144109210
190,120,-1.860273751205
190,121,55.803660121142
190,122,25.521399632751
190,123,8.566089634834
190,124,32.233357818033
190,125,6.489058493120
190,126,-0.867216117556
190,127,9.794969906376
190,128,12.915278302447
190,129,4.110632254087
190,130,8.313547600141
190,131,21.371282371576
190,132,55.497774545096
190,133,7.439820296808
190,134,43.110581720059
190,135,13.159723009172
190,136,-5.664658815927
190,137,43.945354763047
190,138,0.205330800047
190,139,20.401219906635
190,140,53.865697408146
190,141,24.163094057716
190,142,77.061544067001
190,143,16.556788400550
190,144,39.728150303279
190,145,30.426658292956
190,146,70.235047078844
190,147,20.431257290060
190,148,-10.213235635834
190,149,6.327482133885
190,150,-13.862506747115
190,151,40.772568562614
190,152,9.845626468552
190,153,0.590922079646
190,154,72.598239721767
190,155,58.214084335574
190,156,31.295608035929
190,157,35.436981022496
190,158,18.214254695784
190,159,5.027448761655
190,160,73.793048582986
190,161,64.214385176820
190,162,66.624822566264
190,163,51.573441022505
190,164,50.317482171449
190,165,0.419608586395
190,166,54.929123704023
190,167,57.855872361193
190,168,27.351268323735
190,169,78.081865765402
190,170,9.540316365048
190,171,24.092014183589
190,172,0.920666389742
190,173,53.846870792491
190,174,23.011084253994
190,175,63.495082070331
190,176,63.037462191351
190,177,21.724571138868
190,178,6.046809078885
190,179,27.027575329383
190,180,51.935990715698
190,181,5.093083254731
190,182,26.204953928565
190,183,3.984070009799
190,184,-0.636478205786
190,185,62.719198630628
190,186,71.004066039030
190,187,72.975082192941
190,188,10.647786516784
190,189,44.062108822334
190,190,52.452634814494
190,191,43.552117996318
190,192,14.747345006501
190,193,40.900861072390
190,194,12.811384010900
190,195,-3.406466683620
190,196,56.297163694144
190,197,55.895863062149
190,198,45.432911444565
190,199,62.837035000659
191,0,-34.741534375826
191,1,-8.925088557873
191,2,-57.196685366005
191,3,-72.963620134615
191,4,-63.458574067648
191,5,-54.180104885192
191,6,-62.455190664288
191,7,-67.566608515794
191,8,19.740072245382
191,9,-55.886444963828
191,10,-32.927423886889
191,11,-31.917619178537
191,12,-53.523699674304
191,13,-75.947317360413
191,14,-27.554826289313
191,15,-61.064240811174
191,16,-61.270675438296
191,17,-51.943168728918
191,18,-61.923527071434
191,19,-1.567962255707
191,20,-56.920280607701
191,21,-59.814374851529
191,22,-56.362240780916
191,23,-4.032979763972
191,24,-57.727609536807
191,25,-71.233842843350
191,26,-7.014834304748
191,27,-20.557848217562
191,28,-0.317179440324
191,29,-59.057890034535
191,30,-15.062366500097
191,31,13.972095587946
191,32,-62.922740405622
191,33,-21.024252844109
191,34,-53.861097225476
191,35,-75.624111047349
191,36,-26.298398956489
191,37,-72.852883101237
191,38,-63.889554261099
191,39,-69.432257594723
191,40,-66.819302504235
191,41,-58.677757347956
191,42,-16.530448478334
191,43,-6.024361863892
191,44,-63.110096896547
191,45,-21.085046626293
191,46,-16.170354113528
191,47,-62.175181162769
191,48,-26.551154665765
191,49,-23.430378452780
191,50,-69.621644212071
191,51,-11.234263288257
191,52,-64.880089288345
191,53,-31.959358071021
191,54,-8.292626985341
191,55,-56.942929826269
191,56,-63.369398836010
191,57,-54.249328607577
191,58,-59.892429694984
191,59,-13.143768200018
191,60,-21.085402358760
191,61,-3.478740659295
191,62,-42.114004580893
191,63,7.046471265501
191,64,-18.204196226914
191,65,11.491900699715
191,66,-71.087003336921
191,67,-70.074416355608
191,68,-47.068391805129
191,69,-14.435505178204
191,70,6.714297398270
191,71,-9.677418721738
191,72,-14.223013546158
191,73,-51.862759455762
191,74,-55.665294975770
191,75,-7.359960518246
191,76,-53.324702172169
191,77,-7.161632277770
191,78,-65.104282382265
191,79,-68.455499063261
191,80,-65.248480895898
191,81,-19.943974195936
191,82,-11.097638451138
191,83,3.099522840115
191,84,6.473942777680
191,85,-51.154845900477
191,86,-53.561445500032
191,87,-7.453218816074
191,88,-44.433877237221
191,89,-64.166405237338
191,90,13.021572952217
191,91,-55.761748865938
191,92,-60.643823340833
191,93,-59.904916065439
191,94,-27.861413153369
191,95,-58.865122774085
191,96,-25.534039180355
191,97,-39.587071198854
191,98,-60.930901706568
191,99,-23.572429160464
191,100,0.231032446784
191,101,12.301495404201
191,102,-17.917447888074
191,103,-2.822501831535
191,104,4.646727268737
191,105,-69.586717507467
191,106,34.196321578420
191,107,-65.238282557795
191,108,-25.818867014328
191,109,-66.242925661136
191,110,-46.501247595799
191,111,-57.589781595336
191,112,-69.197676848722
191,113,-62.069690787495
191,114,-58.161506599085
191,115,0.562308216402
191,116,-14.528646725754
191,117,-5.909228433557
191,118,-5.808998134882
191,119,-54.281037435059
191,120,-67.123943468061
191,121,-9.462307706541
191,122,-39.743361299857
191,123,-56.697995585346
191,124,-33.031670610981
191,125,-58.774943953991
191,126,-66.130925408521
191,127,-55.469164286886
191,128,-52.348980241346
191,129,-61.153275409379
191,130,-56.950527555811
191,131,-43.893313165674
191,132,-9.768181091116
191,133,-57.824220039656
191,134,-22.154880215967
191,135,-52.104545276277
191,136,-70.928176926027
191,137,-21.320140442964
191,138,-65.058421232839
191,139,-44.863336970775
191,140,-11.400193179637
191,141,-41.101612741913
191,142,11.794728956127
191,143,-48.707615265914
191,144,-25.537176826190
191,145,-34.838298131959
191,146,4.968504058939
191,147,-44.833300784427
191,148,-75.476572484586
191,149,-58.936513874163
191,150,-79.125698173419
191,151,-24.492800191947
191,152,-55.418509743467
191,153,-64.672845319408
191,154,7.331602510087
191,155,-7.051979563046
191,156,-33.969383020027
191,157,-29.828175084331
191,158,-47.050215024996
191,159,-60.236495438177
191,160,8.526363748584
191,161,-1.051917874916
191,162,1.358423441088
191,163,-13.692358205044
191,164,-14.948266998785
191,165,-64.844151985657
191,166,-10.336809267879
191,167,-7.410177260339
191,168,-37.913565535491
191,169,12.815009986087
191,170,-55.723807679802
191,171,-41.172689783270
191,172,-64.343114149946
191,173,-11.419019044937
191,174,-42.253576634364
191,175,-1.771192312066
191,176,-2.228793951668
191,177,-43.540038477993
191,178,-59.217175743914
191,179,-38.237245629527
191,180,-13.329822961605
191,181,-60.170863560728
191,182,-39.059834246007
191,183,-61.279832609995
191,184,-65.900196691844
191,185,-2.547044827348
191,186,5.737492367742
191,187,7.708429961080
191,188,-54.616381662832
191,189,-21.203391036935
191,190,-12.813199454162
191,191,-21.713361537179
191,192,-50.516986549264
191,193,-24.364512795255
191,194,-52.452870392488
191,195,-68.670074783702
191,196,-8.968823802788
191,197,-9.370108440402
191,198,-19.832643048387
191,199,-2.429213153926
192,0,-19.751755184334
192,1,6.064926982239
192,2,-42.207111738491
192,3,-57.974190837565
192,4,-48.469057762108
192,5,-39.190503643280
192,6,-47.465665173731
192,7,-52.577129815152
192,8,34.730350231468
192,9,-40.896859342130
192,10,-17.937628087777
192,11,-16.927814134935
192,12,-38.534092423492
192,13,-60.957915375497
192,14,-12.564981305273
192,15,-46.074702587764
192,16,-46.281139104605
192,17,-36.953547009500
192,18,-46.933996714004
192,19,13.422120641357
192,20,-41.930704449929
192,21,-44.824825186719
192,22,-41.372659514745
192,23,10.957080564898
192,24,-42.738040769465
192,25,-56.244397712195
192,26,7.975198724263
192,27,-5.567939176792
192,28,14.672914908202
192,29,-44.068333444775
192,30,-0.072407147891
192,31,28.962320763421
192,32,-47.933219195038
192,33,-6.034348073263
192,34,-38.871493063285
192,35,-60.634706103883
192,36,-11.308542470048
192,37,-57.863452790523
192,38,-48.900041900764
192,39,-54.442795972078
192,40,-51.829816962789
192,41,-43.688197278403
192,42,-1.540502566568
192,43,8.965680233196
192,44,-48.120577401030
192,45,-6.095142412014
192,46,-1.180404905070
192,47,-47.185653108994
192,48,-11.561300493267
192,49,-8.440495709903
192,50,-54.632184323054
192,51,3.755731110832
192,52,-49.890585995381
192,53,-16.969553409530
192,54,6.697394345123
192,55,-41.953353875826
192,56,-48.379881714158
192,57,-39.259727999350
192,58,-44.902880744703
192,59,1.846208717223
192,60,-6.095498147741
192,61,11.511324743842
192,62,-27.124292881374
192,63,22.036633032127
192,64,-3.214265638417
192,65,26.482103167182
192,66,-56.097556861627
192,67,-55.084960611217
192,68,-32.078725460320
192,69,0.554459912993
192,70,21.704456123640
192,71,5.312589930603
192,72,0.766953490427
192,73,-36.873137000250
192,74,-40.675707329618
192,75,7.630069351035
192,76,-38.335093099682
192,77,7.828399407263
192,78,-50.114781141565
192,79,-53.466028499461
192,80,-50.258980975188
192,81,-4.954059535143
192,82,3.892357198783
192,83,18.089648470203
192,84,21.464099302466
192,85,-36.165216964509
192,86,-38.571838594755
192,87,7.536810199403
192,88,-29.444186774934
192,89,-49.176895411307
192,90,28.011789424942
192,91,-40.772162102745
192,92,-45.654281268879
192,93,-44.915367229456
192,94,-12.871570976073
192,95,-43.875564419708
192,96,-10.544175696290
192,97,-24.597336366423
192,98,-45.941362262558
192,99,-8.582547718055
192,100,15.221131814433
192,101,27.291705284093
192,102,-2.927514674375
192,103,12.167569579717
192,104,19.636867064313
192,105,-54.597257298730
192,106,49.186731926726
192,107,-50.248782543735
192,108,-10.829006137836
192,109,-51.253434843551
192,110,-31.511576059122
192,111,-42.600211566285
192,112,-54.208213078753
192,113,-47.080161768048
192,114,-43.171941803703
192,115,15.552410617034
192,116,0.461317512716
192,117,9.080814717621
192,118,9.181045933932
192,119,-39.291437117106
192,120,-52.134460715286
192,121,5.527702915198
192,122,-24.753627898186
192,123,-41.708417392736
192,124,-18.041875766219
192,125,-43.785384774099
192,126,-51.141433565695
192,127,-40.479574845311
192,128,-37.359362236835
192,129,-46.163738001000
192,130,-41.960951674926
192,131,-28.903617754811
192,132,5.221826730281
192,133,-42.834652156700
192,134,-7.164985795978
192,135,-37.114925034140
192,136,-55.938728996851
192,137,-6.330238380964
192,138,-50.068919572324
192,139,-29.873650439957
192,140,3.589799700334
192,141,-26.111891774424
192,142,26.784934196199
192,143,-33.717963927178
192,144,-10.547313370851
192,145,-19.848519826308
192,146,19.958646800558
192,147,-29.843613978643
192,148,-60.487166190578
192,149,-43.946956173306
192,150,-64.136325282503
192,151,-9.502927175454
192,152,-40.428919838188
192,153,-49.683340129333
192,154,22.321766887268
192,155,7.938053125894
192,156,-18.979596759738
192,157,-14.838350912360
192,158,-32.060548513786
192,159,-45.246949637505
192,160,23.516539064556
192,161,13.938169746754
192,162,16.348533130527
192,163,1.297613689763
192,164,0.041693398016
192,165,-49.854648363718
192,166,4.653193347593
192,167,7.579852149196
192,168,-22.923815382805
192,169,27.805224567572
192,170,-40.734220569284
192,171,-26.182969466463
192,172,-49.353605941506
192,173,3.570973662681
192,174,-27.263866212554
192,175,13.218888724346
192,176,12.761282895219
192,177,-28.550339833091
192,178,-44.227620612277
192,179,-23.247498440003
192,180,1.660152252269
192,181,-45.181317159258
192,182,-24.070094586947
192,183,-46.290296360130
192,184,-50.910702736932
192,185,12.443029105816
192,186,20.727642149890
192,187,22.698597788345
192,188,-39.626784414701
192,189,-6.213487906090
192,190,2.176780489484
192,191,-6.723463075105
192,192,-35.527351774130
192,193,-9.374638604299
192,194,-37.463253339018
192,195,-53.680606184105
192,196,6.021191336920
192,197,5.619903025443
192,198,-4.842727368363
192,199,12.560861858037
193,0,17.354940964156
193,1,43.172208147997
193,2,-5.100924408158
193,3,-20.868360758373
193,4,-11.363012316862
193,5,-2.084247960942
193,6,-10.359596993454
193,7,-15.471177450672
193,8,71.838281011427
193,9,-3.790642323424
193,10,19.169109168426
193,11,20.178946003500
193,12,-1.427821867757
193,13,-23.852152900115
193,14,24.541877694945
193,15,-8.968602890738
193,16,-9.175044085074
193,17,0.152759359386
193,18,-9.827916487069
193,19,50.529568531085
193,20,-4.824510856626
193,21,-7.718697169599
193,22,-4.266453276978
193,23,48.064472593142
193,24,-5.631865469164
193,25,-19.138528439951
193,26,45.082523179073
193,27,31.539078378584
193,28,51.780391142915
193,29,-6.962188286794
193,30,37.034734939858
193,31,66.070120824967
193,32,-10.827161608679
193,33,31.072658913057
193,34,-1.765230152603
193,35,-23.528936305396
193,36,25.798345001262
193,37,-20.757620202268
193,38,-11.794006220800
193,39,-17.336885879587
193,40,-14.723847665751
193,41,-6.582043507158
193,42,35.566606253007
193,43,46.073027133592
193,44,-11.014524059865
193,45,31.011863196676
193,46,35.926712074586
193,47,-10.079578584140
193,48,25.545581250502
193,49,28.666456752115
193,50,-17.526278521684
193,51,40.862959947706
193,52,-12.784572759243
193,53,20.137205783096
193,54,43.804689843331
193,55,-4.847160795725
193,56,-11.273834248343
193,57,-2.153473885548
193,58,-7.796754496187
193,59,38.953394282464
193,60,31.011507452888
193,61,48.618729332054
193,62,9.982236208984
193,63,59.144276142179
193,64,33.892805252552
193,65,63.589847021176
193,66,-18.991684262299
193,67,-17.979065068750
193,68,5.027691366675
193,69,37.661616206075
193,70,58.812091705891
193,71,42.419854047555
193,72,37.874114598788
193,73,0.233171190623
193,74,-3.569485299930
193,75,44.737385984787
193,76,-1.228818034884
193,77,44.935720535417
193,78,-13.008772985253
193,79,-16.360096275537
193,80,-13.152976086167
193,81,32.152971931064
193,82,40.999589131745
193,83,55.197202133975
193,84,58.571729437739
193,85,0.941107266975
193,86,-1.465568894302
193,87,44.644124719787
193,88,7.662289748361
193,89,-12.070866004316
193,90,65.119567945178
193,91,-3.665942258580
193,92,-8.548172045834
193,93,-7.809241263865
193,94,24.235281076784
193,95,-6.769414893897
193,96,26.562729095735
193,97,12.509249983203
193,98,-8.835259544278
193,99,28.524401525021
193,100,52.328620472646
193,101,64.399467485528
193,102,34.179562714548
193,103,49.274989039404
193,104,56.744455790940
193,105,-17.491350705990
193,106,86.294990333656
193,107,-13.142777423629
193,108,26.277892199869
193,109,-14.147452486868
193,110,5.594853618939
193,111,-5.494033142990
193,112,-17.102297671125
193,113,-9.974084852962
193,114,-6.065776334923
193,115,52.659906782574
193,116,37.568471695107
193,117,46.188164227111
193,118,46.288397714794
193,119,-2.185183721784
193,120,-15.028498320840
193,121,42.634971906853
193,122,12.352954909955
193,123,-4.602218762746
193,124,19.064859127750
193,125,-6.679233204959
193,126,-14.035448671289
193,127,-3.373348371533
193,128,-0.253065063225
193,129,-9.057640321364
193,130,-4.854758766975
193,131,8.202871017354
193,132,42.329088790437
193,133,-5.728479045465
193,134,29.941995569585
193,135,-0.008622321890
193,136,-18.832852798849
193,137,30.776761900343
193,138,-12.962910376882
193,139,7.232816352051
193,140,40.697024777030
193,141,10.994660256270
193,142,63.892684913037
193,143,3.388415756323
193,144,26.559591350073
193,145,17.258174129529
193,146,57.066242819325
193,147,7.262853493965
193,148,-23.381393049218
193,149,-6.840808265115
193,150,-27.030634821473
193,151,27.604001211534
193,152,-3.322692216643
193,153,-12.577322197409
193,154,59.429416459025
193,155,45.045376738941
193,156,18.127116885669
193,157,22.268456573169
193,158,5.045868725079
193,159,-8.140831185017
193,160,60.624215712342
193,161,51.045629330962
193,162,53.456047337560
193,163,38.404786823347
193,164,37.148838071378
193,165,-12.748634313313
193,166,41.760442521896
193,167,44.687167644966
193,168,14.182808887970
193,169,64.912998406558
193,170,-3.627999865421
193,171,10.923580953655
193,172,-12.247580538438
193,173,40.678198312766
193,174,9.842659715163
193,175,50.326332008517
193,176,49.868715809338
193,177,8.556156944076
193,178,-7.121479063484
193,179,13.859118496264
193,180,38.767333601296
193,181,-8.075197219645
193,182,13.036503709700
193,183,-9.184201548087
193,184,-13.804712614634
193,185,49.550454807832
193,186,57.835255595586
193,187,59.806255899872
193,188,-2.520538617893
193,189,30.893515020834
193,190,39.283973545782
193,191,30.383528295548
193,192,1.578986910630
193,193,27.732292689740
193,194,-0.356958519449
193,195,-16.574678822049
193,196,43.128471511576
193,197,42.727174106454
193,198,32.264306620695
193,199,49.668290230322
194,0,25.626754893776
194,1,51.444152478653
194,2,3.170776105289
194,3,-12.596739876622
194,4,-3.091343429762
194,5,6.187467788244
194,6,-2.087923038693
194,7,-7.199529311387
194,8,80.110370141861
194,9,4.481064807602
194,10,27.440932261001
194,11,28.450774196550
194,12,6.843897196733
194,13,-15.580547087331
194,14,32.813727924397
194,15,-0.696921910858
194,16,-0.903364147809
194,17,8.424486406664
194,18,-1.556239847094
194,19,58.801550024706
194,20,3.447191052845
194,21,0.552990122866
194,22,4.005251450966
194,23,56.336441635176
194,24,2.639832362773
194,25,-10.866898822023
194,26,53.354477158915
194,27,39.810963950178
194,28,60.052378954671
194,29,1.309502826385
194,30,45.306648269856
194,31,74.342180818108
194,32,-2.555490015315
194,33,39.344542128791
194,34,6.506487207793
194,35,-15.257328860287
194,36,34.070201576964
194,37,-12.485998761251
194,38,-3.522339510397
194,39,-9.065247162784
194,40,-6.452195752179
194,41,1.689649525935
194,42,43.838512167495
194,43,54.344986116579
194,44,-2.742853412761
194,45,39.283746105335
194,46,44.198619807968
194,47,-1.807903215173
194,48,33.817436549529
194,49,36.938327814321
194,50,-9.254640761370
194,51,49.134892614187
194,52,-4.512911051599
194,53,28.409033765325
194,54,52.076637368707
194,55,3.424540999353
194,56,-3.002164910860
194,57,6.118241514014
194,58,0.474932402052
194,59,47.225317303652
194,60,39.283390359757
194,61,56.890701173717
194,62,18.254012901140
194,63,67.416301150639
194,64,42.164702712704
194,65,71.861894485584
194,66,-10.720053902762
194,67,-9.707429595168
194,68,13.299443035197
194,69,45.933532702460
194,70,67.084115036399
194,71,50.691794578008
194,72,46.146032168508
194,73,8.504898644023
194,74,4.702222948050
194,75,53.009338221294
194,76,7.042902034678
194,77,53.207673773744
194,78,-4.737112409908
194,79,-8.088452625605
194,80,-4.881316239102
194,81,40.424860603402
194,82,49.271522488350
194,83,63.469207204762
194,84,66.843751554115
194,85,9.212838295854
194,86,6.806149979544
194,87,52.916076485228
194,88,15.934054723264
194,89,-3.799200692170
194,90,73.391623136733
194,91,4.605765502245
194,92,-0.276488942589
194,93,0.462445571313
194,94,32.507129757665
194,95,1.502277192885
194,96,34.834589532235
194,97,20.781039438523
194,98,-0.563577890949
194,99,36.796271869716
194,100,60.600611053611
194,101,72.671519039606
194,102,42.451461623103
194,103,57.546964195935
194,104,65.016468677277
194,105,-9.219712769285
194,106,94.567152492520
194,107,-4.871117525057
194,108,34.549751197701
194,109,-5.875797662287
194,110,13.866608151984
194,111,2.777665385067
194,112,-8.830657769569
194,113,-1.702408951198
194,114,2.205919305561
194,115,60.931899036928
194,116,45.840387721022
194,117,54.460123791665
194,118,54.560357785645
194,119,6.086531517627
194,120,-6.756847945871
194,121,50.906913523882
194,122,20.624743575878
194,123,3.669484269412
194,124,27.336681693778
194,125,1.592459337277
194,126,-5.763793281047
194,127,4.898360867031
194,128,8.018659934416
194,129,-0.785959791159
194,130,3.416942989730
194,131,16.474638722539
194,132,50.601028862431
194,133,2.543218298531
194,134,38.213873074426
194,135,8.263103910322
194,136,-10.561221637166
194,137,39.048643621521
194,138,-4.691249569907
194,139,15.504579157838
194,140,48.968956605364
194,141,19.266442061860
194,142,72.164733907179
194,143,11.660159145518
194,144,34.831451770726
194,145,25.529987570393
194,146,65.338257331088
194,147,15.534616451456
194,148,-15.109784858978
194,149,1.430883461093
194,150,-18.759045060775
194,151,35.875866907380
194,152,4.949017277759
194,153,-4.305659443067
194,154,67.701442907812
194,155,53.317330531143
194,156,26.398934715369
194,157,30.540295319945
194,158,13.317620485410
194,159,0.130853975475
194,160,68.896248196412
194,161,59.317613431303
194,162,61.728043613388
194,163,46.676707073500
194,164,45.420751977712
194,165,-4.476972424163
194,166,50.032379721619
194,167,52.959119627820
194,168,22.454606795960
194,169,73.185052554662
194,170,4.643708087031
194,171,19.195362400249
194,172,-3.975916118776
194,173,48.950130046003
194,174,18.114435702366
194,175,58.598312475558
194,176,58.140693964888
194,177,16.827926433587
194,178,1.150211245207
194,179,22.130914769376
194,180,47.039255682685
194,181,0.196488272326
194,182,21.308295828021
194,183,-0.912521657076
194,184,-5.533056059088
194,185,57.822431355788
194,186,66.107273991831
194,187,68.078284252188
194,188,5.751174927806
194,189,39.165397331722
194,190,47.555898236737
194,191,38.655408030536
194,192,9.850721161165
194,193,36.004159033575
194,194,7.914765953472
194,195,-8.303036255842
194,196,51.400415621312
194,197,50.999116189203
194,198,40.536195855377
194,199,57.940267373480
195,0,-34.779648081400
195,1,-8.963202864419
195,2,-57.234798548896
195,3,-73.001732950506
195,4,-63.496687104780
195,5,-54.218218138296
195,6,-62.493303724776
195,7,-67.604721457305
195,8,19.701957271514
195,9,-55.924558177212
195,10,-32.965537634693
195,11,-31.955732949842
195,12,-53.561812942680
195,13,-75.985430106863
195,14,-27.592940162183
195,15,-61.102353904040
195,16,-61.308788526352
195,17,-51.981282034089
195,18,-61.961640144298
195,19,-1.606076733522
195,20,-56.958393797024
195,21,-59.852487973483
195,22,-56.400353983227
195,23,-4.071094184401
195,24,-57.765722707336
195,25,-71.271955699500
195,26,-7.052948655764
195,27,-20.595962253312
195,28,-0.355293947250
195,29,-59.096003174098
195,30,-15.100480663772
195,31,13.933980748356
195,32,-62.960853455224
195,33,-21.062366868995
195,34,-53.899210486001
195,35,-75.662223801315
195,36,-26.336512858608
195,37,-72.890995919704
195,38,-63.927667288197
195,39,-69.470370492811
195,40,-66.857415463142
195,41,-58.715870496366
195,42,-16.568562607834
195,43,-6.062476237959
195,44,-63.148209941784
195,45,-21.123160649768
195,46,-16.208468251411
195,47,-62.213294229776
195,48,-26.589268561998
195,49,-23.468492421656
195,50,-69.659757105750
195,51,-11.272377541049
195,52,-64.918202292385
195,53,-31.997471841358
195,54,-8.330741306607
195,55,-56.981043015061
195,56,-63.407511875215
195,57,-54.287441859065
195,58,-59.930542815127
195,59,-13.181882408353
195,60,-21.123516382228
195,61,-3.516855092625
195,62,-42.152118114856
195,63,7.008356587146
195,64,-18.242310317451
195,65,11.453785917874
195,66,-71.125116196497
195,67,-70.112529238751
195,68,-47.106505223768
195,69,-14.473619356468
195,70,6.676182727650
195,71,-9.715533010771
195,72,-14.261127729369
195,73,-51.900872762802
195,74,-55.703408194306
195,75,-7.398074861223
195,76,-53.362815445180
195,77,-7.199746625367
195,78,-65.142395381088
195,79,-68.493611984086
195,80,-65.286593891367
195,81,-19.982088245968
195,82,-11.135752707109
195,83,3.061408253649
195,84,6.435828112655
195,85,-51.192959223998
195,86,-53.599558767535
195,87,-7.491333156882
195,88,-44.471990717189
195,89,-64.204518257997
195,90,12.983458134760
195,91,-55.799862082218
195,92,-60.681936443478
195,93,-59.943029185284
195,94,-27.899527019094
195,95,-58.903235918136
195,96,-25.572153100264
195,97,-39.625184791643
195,98,-60.969014802533
195,99,-23.610543126037
195,100,0.192917927096
195,101,12.263380603508
195,102,-17.955561985284
195,103,-2.860616280144
195,104,4.608612646247
195,105,-69.624830401961
195,106,34.158206267995
195,107,-65.276395553505
195,108,-25.856980927609
195,109,-66.281038633453
195,110,-46.539361027644
195,111,-57.627894769066
195,112,-69.235789752274
195,113,-62.107803856954
195,114,-58.199619759514
195,115,0.524193688994
195,116,-14.566760901849
195,117,-5.947342810308
195,118,-5.847112513969
195,119,-54.319150685813
195,120,-67.162056419875
195,121,-9.500422000572
195,122,-39.781474889001
195,123,-56.736108779842
195,124,-33.069784356361
195,125,-58.813057100138
195,126,-66.169038383450
195,127,-55.507277509983
195,128,-52.387093537065
195,129,-61.191388500170
195,130,-56.988640744421
195,131,-43.931426658215
195,132,-9.806295378032
195,133,-57.862333207937
195,134,-22.192994214536
195,135,-52.142658577694
195,136,-70.966289789292
195,137,-21.358254460967
195,138,-65.096534232733
195,139,-44.901450440739
195,140,-11.438307428565
195,141,-41.139726299443
195,142,11.756614167229
195,143,-48.745728646390
195,144,-25.575290746026
195,145,-34.876411835277
195,146,4.930389428955
195,147,-44.871414255096
195,148,-75.514685241986
195,149,-58.974627016549
195,150,-79.163810845886
195,151,-24.530914136092
195,152,-55.456622967744
195,153,-64.710958328280
195,154,7.293487825096
195,155,-7.090093913197
195,156,-34.007496743572
195,157,-29.866288904275
195,158,-47.088328444057
195,159,-60.274608550309
195,160,8.488249035778
195,161,-1.090032364744
195,162,1.320308895149
195,163,-13.730472400610
195,164,-14.986381165116
195,165,-64.882264990534
195,166,-10.374923541560
195,167,-7.448291602144
195,168,-37.951679167229
195,169,12.776895173440
195,170,-55.761920896970
195,171,-41.210803339149
195,172,-64.381227166486
195,173,-11.457133293421
195,174,-42.291690165075
195,175,-1.809306785144
195,176,-2.266908414094
195,177,-43.578151978763
195,178,-59.255288879773
195,179,-38.275359253734
195,180,-13.367937165611
195,181,-60.208976674388
195,182,-39.097947851064
195,183,-61.317945697840
195,184,-65.938309672143
195,185,-2.585159282367
195,186,5.699377719859
195,187,7.670315267314
195,188,-54.654494905779
195,189,-21.241505057653
195,190,-12.851313670195
195,191,-21.751475546029
195,192,-50.555099887628
195,193,-24.402626742383
195,194,-52.490983685791
195,195,-68.708187699529
195,196,-9.006938108309
195,197,-9.408222736587
195,198,-19.870757101016
195,199,-2.467327611688
196,0,13.743546280981
196,1,39.560756531740
196,2,-8.712269573844
196,3,-24.479671156863
196,4,-14.974343674483
196,5,-5.695599778548
196,6,-13.970930563613
196,7,-19.082499749798
196,8,68.226766175605
196,9,-7.401990378341
196,10,15.557710484703
196,11,16.567545092912
196,12,-5.039175132821
196,13,-27.463456719495
196,14,20.930467163264
196,15,-12.579939528070
196,16,-12.786380267193
196,17,-3.458597390971
196,18,-13.439251229596
196,19,46.918100689480
196,20,-8.435856631811
196,21,-11.330036563006
196,22,-7.877800282702
196,23,44.453010187899
196,24,-9.243209464104
196,25,-22.749842652651
196,26,41.471067349987
196,27,27.927652416533
196,28,48.168920542812
196,29,-10.573529348323
196,30,33.423296858484
196,31,62.458618710480
196,32,-14.438494147857
196,33,27.461233979571
196,34,-5.376582673664
196,35,-27.140240837449
196,36,22.186931698816
196,37,-24.368930844939
196,38,-15.405336628079
196,39,-20.948204064865
196,40,-18.335171612729
196,41,-10.193385406914
196,42,31.955171409252
196,43,42.461569120132
196,44,-14.625856185907
196,45,27.400438397257
196,46,32.315276436704
196,47,-13.690912771752
196,48,21.934168505453
196,49,25.055037124861
196,50,-21.137596289351
196,51,37.251513424024
196,52,-16.395900982316
196,53,16.525804964556
196,54,40.193236832260
196,55,-8.458506520969
196,56,-14.885165802596
196,57,-5.764825550505
196,58,-11.408093717473
196,59,35.341951969916
196,60,27.400082654254
196,61,45.007265704495
196,62,6.370857783681
196,63,55.532789301993
196,64,30.281374099948
196,65,59.978350376732
196,66,-22.602998798793
196,67,-21.590381838039
196,68,1.416323866688
196,69,34.050176742254
196,70,55.200605598300
196,71,38.808404090465
196,72,34.262674666359
196,73,-3.378185737041
196,74,-7.180833842503
196,75,41.125930916831
196,76,-4.840171738768
196,77,41.324265030074
196,78,-16.620100713968
196,79,-19.971416614608
196,80,-16.764303496908
196,81,28.541544615233
196,82,37.388142306758
196,83,51.585723998585
196,84,54.960243860245
196,85,-2.670251221745
196,86,-5.076922076129
196,87,41.032669857501
196,88,4.050916438813
196,89,-15.682195801113
196,90,61.508067927061
196,91,-7.277290588463
196,92,-12.159509610225
196,93,-11.420580457612
196,94,20.623871221214
196,95,-10.380756380495
196,96,22.951314107653
196,97,8.897865985506
196,98,-12.446596475631
196,99,24.912982211026
196,100,48.717148663505
196,101,60.787969055535
196,102,30.568130929576
196,103,45.663523964569
196,104,53.132974243279
196,105,-21.102668550673
196,106,82.683443613620
196,107,-16.754104856867
196,108,22.666477839921
196,109,-17.758777704796
196,110,1.983484868309
196,111,-9.105377441854
196,112,-20.713616373665
196,113,-13.585419273179
196,114,-9.677119373067
196,115,49.048434242832
196,116,33.957032436701
196,117,42.576705959735
196,118,42.676939226374
196,119,-5.796535316826
196,120,-18.639821596073
196,121,39.023521475363
196,122,8.741571256913
196,123,-8.213565028091
196,124,15.453460673918
196,125,-10.290574890416
196,126,-17.646774136185
196,127,-6.984697346605
196,128,-3.864420918711
196,129,-12.668976762361
196,130,-8.466104475461
196,131,4.591496515757
196,132,38.717639033515
196,133,-9.339822827365
196,134,26.330573129475
196,135,-3.619978716386
196,136,-22.444167685564
196,137,27.165337619379
196,138,-16.574238206718
196,139,3.621443989534
196,140,37.085578619284
196,141,7.383279598442
196,142,60.281187600711
196,143,-0.222948128911
196,144,22.948176368911
196,145,13.646779659743
196,146,53.454760562003
196,147,3.651481065215
196,148,-26.992697906593
196,149,-10.452149594290
196,150,-30.641931632512
196,151,23.992583927225
196,152,-6.934041303415
196,153,-16.188650877470
196,154,55.817928990000
196,155,41.433920991767
196,156,14.515720499723
196,157,18.657051054826
196,158,1.434501185009
196,159,-11.752169647603
196,160,57.012725608314
196,161,47.434160351266
196,162,49.844573042043
196,163,34.793345720638
196,164,33.537399738372
196,165,-16.359962615628
196,166,38.148994019008
196,167,41.075712687758
196,168,10.571421199842
196,169,61.301498844019
196,170,-7.239348278970
196,171,7.312200452572
196,172,-15.858909945586
196,173,37.066752196537
196,174,6.231281597647
196,175,46.714864615118
196,176,46.257249425144
196,177,4.944781663449
196,178,-10.732819773773
196,179,10.247731521915
196,180,35.155891699069
196,181,-11.686535826957
196,182,9.425118549334
196,183,-12.795537710015
196,184,-17.416038588301
196,185,45.938989125505
196,186,54.223771642297
196,187,56.194767599773
196,188,-6.131889473450
196,189,27.282090482404
196,190,35.672530504220
196,191,26.772104881755
196,192,-2.032372984657
196,193,24.120875122520
196,194,-3.968314145837
196,195,-20.185998687979
196,196,39.517019991770
196,197,39.115723471630
196,198,28.652879059344
196,199,46.056824288127
197,0,-32.833158498514
197,1,-7.016682589870
197,2,-55.288335660043
197,3,-71.055288804062
197,4,-61.550231659632
197,5,-52.271751663509
197,6,-60.546847086880
197,7,-65.658270895437
197,8,21.648511626656
197,9,-53.978093730831
197,10,-31.019045895184
197,11,-30.009240009866
197,12,-51.615345687591
197,13,-74.038989507106
197,14,-25.646442035635
197,15,-59.155895612683
197,16,-59.362330480391
197,17,-50.034812900143
197,18,-60.015182874398
197,19,0.340452287834
197,20,-55.011930579603
197,21,-57.906028196376
197,22,-54.453890102443
197,23,-2.124568093699
197,24,-55.819260449622
197,25,-69.325509496884
197,26,-5.106426110149
197,27,-18.649455808511
197,28,1.591236561158
197,29,-57.149542497733
197,30,-13.153967685656
197,31,15.880528245645
197,32,-61.014397373110
197,33,-19.115860978680
197,34,-51.952743631999
197,35,-73.715782817373
197,36,-24.390013238386
197,37,-70.944551641638
197,38,-61.981212355357
197,39,-67.523922148648
197,40,-64.910964012939
197,41,-56.769409368128
197,42,-14.622051375060
197,43,-4.115952514796
197,44,-61.201754082394
197,45,-19.176654831725
197,46,-14.261956590533
197,47,-60.266837259027
197,48,-24.642769242259
197,49,-21.521989391840
197,50,-67.713308986706
197,51,-9.325860011821
197,52,-62.971748537013
197,53,-30.050978951003
197,54,-6.384220280139
197,55,-55.034579824562
197,56,-61.461056324057
197,57,-52.340975466570
197,58,-57.984083130803
197,59,-11.235367149282
197,60,-19.177010564606
197,61,-1.570328342990
197,62,-40.205637296320
197,63,8.954895850315
197,64,-16.295801074521
197,65,13.400330466349
197,66,-69.178669819325
197,67,-68.166081657924
197,68,-45.160030294879
197,69,-12.527105633097
197,70,8.622721595879
197,71,-7.769013630656
197,72,-12.314613753377
197,73,-49.954403533273
197,74,-53.756943485030
197,75,-5.451552725928
197,76,-51.416347953535
197,77,-5.253224254280
197,78,-63.195941892220
197,79,-66.547162478841
197,80,-63.340140573913
197,81,-18.035581071366
197,82,-9.189235015452
197,83,5.007942824210
197,84,8.382366695128
197,85,-49.246489152931
197,86,-51.653091557317
197,87,-5.544811132459
197,88,-42.525512656459
197,89,-62.258063654255
197,90,14.930004501926
197,91,-53.853397487612
197,92,-58.735477652364
197,93,-57.996569515803
197,94,-25.953029257027
197,95,-56.956775012623
197,96,-23.625652571347
197,97,-37.678700969111
197,98,-59.022556352676
197,99,-21.664040265096
197,100,2.139449087277
197,101,14.209926114549
197,102,-16.009052401452
197,103,-0.914088750309
197,104,6.555149056308
197,105,-67.678382241400
197,106,36.104777811372
197,107,-63.329942223922
197,108,-23.910480737308
197,109,-64.334586498109
197,110,-44.592885424550
197,111,-55.681432347512
197,112,-67.289341129261
197,113,-60.161346760804
197,114,-56.253158017586
197,115,2.470725243038
197,116,-12.620247289218
197,117,-4.000818950255
197,118,-3.900588534758
197,119,-52.372684331007
197,120,-65.215605331803
197,121,-7.553902364722
197,122,-37.834991252268
197,123,-54.789645298180
197,124,-31.123292740776
197,125,-56.866596087428
197,126,-64.222586114964
197,127,-53.560812567557
197,128,-50.440624885530
197,129,-59.244930314657
197,130,-55.042177562958
197,131,-41.984947954879
197,132,-7.859776105819
197,133,-55.915871065066
197,134,-20.246489668352
197,135,-50.196189635586
197,136,-69.019843223330
197,137,-19.411748922415
197,138,-63.150080689345
197,139,-42.954972890548
197,140,-9.491790096610
197,141,-39.193244277383
197,142,13.703159075754
197,143,-46.799255666156
197,144,-23.628790220842
197,145,-32.929922367424
197,146,6.876926221579
197,147,-42.924936669195
197,148,-73.568244082664
197,149,-57.028166195902
197,150,-77.217374024207
197,151,-22.584412369324
197,152,-53.510157965102
197,153,-62.764504326551
197,154,9.240027427259
197,155,-5.143571411747
197,156,-32.061006242751
197,157,-27.919793480338
197,158,-45.141853493558
197,159,-58.328149274988
197,160,10.434790058425
197,161,0.856497270135
197,162,3.266841395700
197,163,-11.783957793741
197,164,-13.039868051346
197,165,-62.935811192445
197,166,-8.428404945378
197,167,-5.501769526549
197,168,-36.005193355253
197,169,14.723441295013
197,170,-53.815456257253
197,171,-39.264321401584
197,172,-62.434772772802
197,173,-9.510615983847
197,174,-40.345209512459
197,175,0.137221994592
197,176,-0.320380178404
197,177,-41.631672855459
197,178,-57.308828392757
197,179,-36.328873826547
197,180,-11.421422127736
197,181,-58.262517321047
197,182,-37.151463401766
197,183,-59.371487662764
197,184,-63.991857129389
197,185,-0.638631425049
197,186,7.645915426743
197,187,9.616855317501
197,188,-52.708028949615
197,189,-19.294999380305
197,190,-10.904798018120
197,191,-19.804970474957
197,192,-48.608629058297
197,193,-22.456124823097
197,194,-50.544515157759
197,195,-66.761738449350
197,196,-7.060417885761
197,197,-7.461702991117
197,198,-17.924249794058
197,199,-0.520799614271
198,0,-28.333604658626
198,1,-2.517057803219
198,2,-50.788843526039
198,3,-66.555839994951
198,4,-57.050756732446
198,5,-47.772251240254
198,6,-56.047369402550
198,7,-61.158807256426
198,8,26.148215193934
198,9,-49.478597996429
198,10,-26.519487070043
198,11,-25.509678409733
198,12,-47.115843460597
198,13,-69.539548896508
198,14,-21.146868446245
198,15,-54.656414106226
198,16,-54.862849541190
198,17,-45.535306329977
198,18,-55.515703729136
198,19,4.840097293592
198,20,-50.512437686062
198,21,-53.406543255456
198,22,-49.954395675471
198,23,2.375070137576
198,24,-51.319769774527
198,25,-64.826055934718
198,26,-0.606796073705
198,27,-14.149862990664
198,28,6.090885004400
198,29,-52.650055478094
198,30,-8.654359765402
198,31,20.380215960315
198,32,-56.514920973539
198,33,-14.616269442573
198,34,-47.453242332136
198,35,-69.216341318686
198,36,-19.890436196220
198,37,-66.445102528240
198,38,-57.481738612441
198,39,-63.024463636088
198,40,-60.411498320471
198,41,-52.269921303923
198,42,-10.122447489332
198,43,0.383680243693
198,44,-56.702278197641
198,45,-14.677063462688
198,46,-9.762351715217
198,47,-55.767358805271
198,48,-20.143192894691
198,49,-17.022404468058
198,50,-63.213850994543
198,51,-4.826241571252
198,52,-58.472277515924
198,53,-25.551417465569
198,54,-1.884593755349
198,55,-50.535086993259
198,56,-56.961581151831
198,57,-47.841475233530
198,58,-53.484598404371
198,59,-6.735753956382
198,60,-14.677419196552
198,61,2.929311411470
198,62,-35.706103716067
198,63,13.454564531014
198,64,-11.796201788507
198,65,17.900011364567
198,66,-64.679215853677
198,67,-63.666624909885
198,68,-40.660510329137
198,69,-8.027495990122
198,70,13.122389363663
198,71,-3.269390911562
198,72,-7.815003526433
198,73,-45.454896742151
198,74,-49.257447142925
198,75,-0.951923637971
198,76,-46.916845179709
198,77,-0.753594621274
198,78,-58.696471487172
198,79,-62.047701282339
198,80,-58.840670565100
198,81,-13.535986566516
198,82,-4.689616199408
198,83,9.507600657496
198,84,12.882033802343
198,85,-44.746980416516
198,86,-47.153589434041
198,87,-1.045182300790
198,88,-38.025985451168
198,89,-57.758590672078
198,90,19.429689604221
198,91,-49.353901410548
198,92,-54.235994990653
198,93,-53.497084823684
198,94,-21.453456510157
198,95,-52.457287463279
198,96,-19.126073428648
198,97,-33.179160444859
198,98,-54.523074479817
198,99,-17.164455731683
198,100,6.639099037151
198,101,18.709609237812
198,102,-11.509452327417
198,103,3.585552807657
198,104,11.054811141774
198,105,-63.178924153268
198,106,40.604521110938
198,107,-58.830472187088
198,108,-19.410902377342
198,109,-59.835119221854
198,110,-40.093363900320
198,111,-51.181941293682
198,112,-62.789881972123
198,113,-55.661868017181
198,114,-51.753668534795
198,115,6.970376103345
198,116,-8.120637902211
198,117,0.498814124643
198,118,0.599044815601
198,119,-47.873184185104
198,120,-60.716140476434
198,121,-3.054279054457
198,122,-33.335451157502
198,123,-50.290151793830
198,124,-26.623734202120
198,125,-52.367108290280
198,126,-59.723118530957
198,127,-49.061315686507
198,128,-45.941119430507
198,129,-54.745449052847
198,130,-50.542684752538
198,131,-37.485419264136
198,132,-3.360153636160
198,133,-51.416380655450
198,134,-15.746901239356
198,135,-45.696683508868
198,136,-64.520388821256
198,137,-14.912158199448
198,138,-58.650610158278
198,139,-38.455446865395
198,140,-4.992172112041
198,141,-34.693707915088
198,142,18.202840806247
198,143,-42.299740204915
198,144,-19.129211086758
198,145,-28.430368793452
198,146,11.376589191386
198,147,-38.425410561504
198,148,-69.068802178575
198,149,-52.528678842733
198,150,-72.717942147006
198,151,-18.084830365187
198,152,-49.010660944863
198,153,-58.265032735988
198,154,13.739696891593
198,155,-0.643941477385
198,156,-27.561450280962
198,157,-23.420226138282
198,158,-40.642333477866
198,159,-53.828665493995
198,160,14.934462806348
198,161,5.356143694124
198,162,7.766494443953
198,163,-7.284346108470
198,164,-8.540259817528
198,165,-58.436340072607
198,166,-3.928784038420
198,167,-1.002140576595
198,168,-31.505648232189
198,169,19.223125829601
198,170,-49.315960075939
198,171,-34.764785234605
198,172,-57.935300276193
198,173,-5.010998051017
198,174,-35.845676315745
198,175,4.636866441819
198,176,4.179263011225
198,177,-37.132143193921
198,178,-52.809341810811
198,179,-31.829329592962
198,180,-6.921809446154
198,181,-53.763033359712
198,182,-32.651921428660
198,183,-54.872006748723
198,184,-59.492388911385
198,185,3.861010889945
198,186,12.145580509969
198,187,14.116525817473
198,188,-48.208529725205
198,189,-14.795408336497
198,190,-6.405183916759
198,191,-15.305380832608
198,192,-44.109118569097
198,193,-17.956542466418
198,194,-46.045009988215
198,195,-62.262277842463
198,196,-2.560793219302
198,197,-2.962079427467
198,198,-13.424654983253
198,199,3.978843024553
199,0,14.612317723251
199,1,40.429541670128
199,2,-7.843510043756
199,3,-23.610919990555
199,4,-14.105587466132
199,5,-4.826838648245
199,6,-13.102173823012
199,7,-18.213745720604
199,8,69.095566522417
199,9,-6.533230153203
199,10,16.426482889365
199,11,17.436318033280
199,12,-4.170413654305
199,13,-26.594707135890
199,14,21.799242418128
199,15,-11.711182049614
199,16,-11.917622898240
199,17,-2.589835074017
199,18,-12.570494206957
199,19,47.786889731120
199,20,-7.567096955107
199,21,-10.461278421528
199,22,-7.009040309968
199,23,45.321797921744
199,24,-8.374450215662
199,25,-21.881090568779
199,26,42.339853501835
199,27,28.796431383409
199,28,49.037710248049
199,29,-9.704770805554
199,30,34.292078740844
199,31,63.327415996988
199,32,-13.569737655263
199,33,28.330012699014
199,34,-4.507821374129
199,35,-26.271491082400
199,36,23.055707620231
199,37,-23.500179619892
199,38,-14.536580648353
199,39,-20.079451025325
199,40,-17.466417187126
199,41,-9.324626662499
199,42,32.823952512757
199,43,43.330355797465
199,44,-13.757099792703
199,45,28.269217084446
199,46,33.184057731247
199,47,-12.822155882612
199,48,22.802944292780
199,49,25.923814567803
199,50,-20.268843350277
199,51,38.120297337315
199,52,-15.527145528031
199,53,17.394577882784
199,54,41.062022306192
199,55,-7.589746856276
199,56,-14.016409546952
199,57,-4.896064456923
199,58,-10.539335617403
199,59,36.210734870154
199,60,28.268861341261
199,61,45.876053732383
199,62,7.239625314869
199,63,56.401582914033
199,64,31.150154315495
199,65,60.847146347332
199,66,-21.734246637025
199,67,-20.721629139138
199,68,2.285088769626
199,69,34.918958957191
199,70,56.069399034102
199,71,39.677188829715
199,72,35.131456994022
199,73,-2.509423377436
199,74,-6.312073500056
199,75,41.994716885572
199,76,-3.971410154685
199,77,42.193051104041
199,78,-15.751345378609
199,79,-19.102663056939
199,80,-15.895548238041
199,81,29.410323907781
199,82,38.256926292532
199,83,52.454515516554
199,84,55.829037168529
199,85,-1.801488486599
199,86,-4.208160617643
199,87,41.901455776773
199,88,4.919682739332
199,89,-14.813439968253
199,90,62.376864709251
199,91,-6.408530297180
199,92,-11.290751908746
199,93,-10.551822364170
199,94,21.492646313432
199,95,-9.511997735470
199,96,23.820090434579
199,97,9.766634857224
199,98,-11.577838926438
199,99,25.781759578611
199,100,49.585938659598
199,101,61.656765455678
199,102,31.436911297242
199,103,46.532312340620
199,104,54.001766582114
199,105,-20.233915593075
199,106,83.552251630666
199,107,-15.885349592587
199,108,23.535254015733
199,109,-16.890022973450
199,110,2.852250072108
199,111,-8.236618120296
199,112,-19.844863209692
199,113,-12.716662328079
199,114,-8.808360354793
199,115,49.917224414676
199,116,34.825814602220
199,117,43.445492698149
199,118,43.545726017968
199,119,-4.927774240059
199,120,-17.771067332069
199,121,39.892306328737
199,122,9.610340045714
199,123,-7.344805233464
199,124,16.322233023275
199,125,-9.421816197551
199,126,-16.778019345424
199,127,-6.115936900118
199,128,-2.995658817032
199,129,-11.800219331133
199,130,-7.597344814800
199,131,5.460263103043
199,132,39.586423724606
199,133,-8.471063630168
199,134,27.199351249095
199,135,-2.751216485041
199,136,-21.575415439540
199,137,28.034116181843
199,138,-15.705482847035
199,139,4.490210062235
199,140,37.954362444543
199,141,8.252047666705
199,142,61.149983731979
199,143,0.645815904449
199,144,23.816952694171
199,145,14.515551050674
199,146,54.323553071561
199,147,4.520247153843
199,148,-26.123948073284
199,149,-9.583390987129
199,150,-29.773183734869
199,151,24.861360806535
199,152,-6.065280830051
199,153,-15.319895313252
199,154,56.686722753315
199,155,42.302707123912
199,156,15.384492351623
199,157,19.525825103665
199,158,2.303266097595
199,159,-10.883411730050
199,160,57.881520005518
199,161,48.302949666693
199,162,50.713363636271
199,163,35.662128329830
199,164,34.406181681275
199,165,-15.491207142280
199,166,39.017778408423
199,167,41.944498629862
199,168,11.440190959343
199,169,62.170295516611
199,170,-6.370587967562
199,171,8.180968483124
199,172,-14.990154206454
199,173,37.935536011806
199,174,7.100049054796
199,175,47.583653548936
199,176,47.126038116177
199,177,5.813548438142
199,178,-9.864061315500
199,179,11.116501109711
199,180,36.024674500601
199,181,-10.817777874589
199,182,10.293887700747
199,183,-11.926780345922
199,184,-16.547283675143
199,185,46.807777647693
199,186,55.092564559847
199,187,57.063561563009
199,188,-5.263128574581
199,189,28.150869106808
199,190,36.541313579837
199,191,27.640883235610
199,192,-1.163609911142
199,193,24.989652069897
199,194,-3.099552099273
199,195,-19.317245244129
199,196,40.385805106955
199,197,39.984508373920
199,198,29.521658410958
199,199,46.925612872838
